0,1,2,3
Bassenthwaite Lake,,67.9704,
"Beacon Hill, Monmouthshire",,,
Beehive stone,,,
Beinn Reithe,Arrochar Alps,655.0,NS228984
Bell Peak,,,
Ben Cleuch,Ochil Hills,721.0,NN 90274 00632
Ben Mor Coigach,Northwest Highlands,743.0,NC094042
Black Combe,,600.0,SD135854
Boat How,,337.0,NY177034
"Boztepe hill, Trabzon",,,
Broad Crag,,934.0,NY218075
Buttermere,,100.279,
Cabeza Prieta Mountains,,862.584,
Cable Mountain,Colorado Plateau,2115.31,
Cabrera (Santa Maria de Corcó),,1307.0,
Cadair Berwyn,Berwyn range,832.0,SJ071323
Caer Mote,,289.0,NY196376
Caher Mountain (Cork),Sheep's Head peninsula,338.0,
Caisteal Abhail,,859.0,NR969444
Calapo,"Huallanca mountain range, Andes",4800.0,
Caliente Range,,1325.0,
Calliope Range,,,
Calzada (mountain),"Cordillera Real (Bolivia), Andes",5874.0,
Camelsfoot Range,,2445.0,
Campgaw Mountain,,229.21,
Canonization of the Romanovs,,,
Caper Peak,Lewis Range,2532.89,
Capitan Mountains,,,
Capling Peak,"Croll Glacier, Victory Mountains",2730.0,
Capricorn Mountain,Pacific Ranges,2551.0,
Caribou Mountains (Alberta),,1030.0,
Carnarvon Range,Great Dividing Range,,
Carnethy Hill,Pentland Hills,573.0,NT204619
Carrigvore,Wicklow Mountains,682.0,
Carron Crag,Lake District Outlying Fells,314.0,SD325943
Carstensz East,Sudirman Range,4820.11,
Cascade Peaks,Pyrenees,,
Casey Mountain,,,
Cashmere Mountain,Cascade Range,2591.1,
Casiri (Arequipa),"Chila mountain range, Andes",5647.0,
Castle Mountain (Alaska),Wrangell Mountains,2627.38,
Castle Rock (New York),,,
Castle Rock Spire,Beartooth Mountains,3823.72,
Caw (hill),,529.0,SD 230945
Claife Heights,Lake District South Eastern Fells,270.0,SD382973
Clints Crags,Northern Fells,245.0,
Cold Fell (Calder Bridge),,293.0,NY058091
Cunswick Scar,Lake District,207.0,SD489923
Dent (fell),,352.0,NY041129
Devoke Water,,234.696,
Elena Peak,,,
Eley Peak,,,
Engebretson Peak,,,
Enrique Hill,,,
Faulds Brow,,344.0,NY299407
Flat Fell,,272.0,NY052137
Great Stickle,Lake District,305.0,SD211916
Gummer's How,,321.0,SD390885
Ill Crag,Southern Fells,935.0,NY223073
"Knott, Caldbeck","Northern Fells, Lake District",710.0,NY296329
List of Birketts,,,
Michaelsberg (Untergrombach),,269.0,
Mills Peak (South Georgia),,,
Montale (San Marino),,,
Morales Peak,,,
Morvan,,901.0,
Muncaster Fell,Lake District,231.0,SD115983
Ponsonby Fell,,315.0,NY082070
Pothigai,"Western Ghats, Anaimalai Hills","1866.0, 1868.0",
Potter Fell,,427.0,
Połonina Caryńska,,,
Primož (hill),,781.0,
Proffit Mountain,St. Francois Mountains,,
Projić,Dinaric Alps,1256.0,
"Prospect Hill (Delaware County, New York)",,,
Prospect Hill (New South Wales),,117.0,
Prusik Peak,Cascade Range,2438.4,
Puca Allpa,"Cordillera Negra, Andes",4800.0,
Pucara (Lari),"Chila mountain range, Andes",5000.0,
Pucasalla,"Andes, Vilcanota mountain range",5400.0,
Puig Estela,,2013.0,
Puig de Sant Miquel (Alaró),,,
Puka Hirka (Huánuco),Andes,4000.0,
Puka Puka (Chumbivilcas),"Andes, Wansu mountain range",5100.0,
Puka Punta (Ancash),"Cordillera Negra, Andes",4800.0,
Puka Rumi (Junín),Andes,5028.0,
Pukaqucha (Junín-Lima),Andes,5100.0,
Pukara (Murillo),Andes,4320.0,
Pukematekeo,Waitākere Ranges,336.0,
Puketutu Island,,65.0,
Pulie Badze,,2296.0,
Pulpit Peak,"Canadian Rockies, Waputik Range",2720.0,
Puma Ranra (Lima),"Cordillera Central (Peru), Andes",5200.0,
Pumajolluni,"Andes, Carabaya mountain range",5200.0,
Pumiri,Andes,4862.0,
Punta Baretti,Mont Blanc massif,4013.0,
Punta Gabarró,"Pyrenees, Montcalm Massif",3105.0,
Punta Lavina,Graian Alps,3308.0,
Puracé,"Cordillera Central (Colombia), Andes",4646.0,
Purple Mountain (Nanjing),,448.2,
Putaqa Hirka,"Cordillera Blanca, Andes",4200.0,
Puzzle Mountain,Elk River Mountains,1825.0,
Puʻu Kukui,Hawaiian Islands,1764.18,
Pyramid Mountains,,1826.97,
"Pyramid Peak (Pierce County, Washington)",Cascade Range,2114.4,
Q'asiri (Murillo),"Cordillera Real (Bolivia), Andes",5224.0,
Q'illu Salli,Andes,4918.0,
Qala Patxa,Andes,5000.0,
Qalla Qhata,"Andes, Waytapallana mountain range",5200.0,
Qanchis Kancha (Bolivia),Andes,4500.0,
Qarwa Uqhu,Andes,4600.0,
Qawiña,"Cordillera Real (Bolivia), Andes",4900.0,
Qillqata (Chuquisaca),Andes,3794.0,
Quadrant Mountain,Gallatin Range,3033.98,
Qualibou,,777.0,
"Quarry Hill (Greene County, New York)",,,
Quchayuq (Bolivia),Andes,3680.0,
Quellhuacota (mountain),"Andes, Vilcanota mountain range",5300.0,
Queshque,"Cordillera Blanca, Andes",5630.0,
Reston Scar,Lake District,255.0,
Roc (Gran Paradiso),Graian Alps,4026.0,
Roc d'Enfer,Chablais Alps,2244.0,
Roche à Bosche,Bosche Range,2148.0,
Rocher du Midi,Bernese Alps,2097.0,
Rock Lake Mountain,,,
Rock of Solutré,Monts du Mâconnais,,
Rockeskyller Kopf,Eifel,,
"Rocky Mountain (Rockbridge County, Virginia)",Blue Ridge Mountains,,
Rogers Peak,Northern Oregon Coast Range,1129.59,
Rohri Hills,,,
Rondvasshøgde,Rondane,1923.0,
Rongme Ngatra,Chola Mountains,6168.0,
Rosenjoch,Tux Alps,,
Rossbodenstock,"Saint-Gotthard Massif, Lepontine Alps",2836.0,
Rossland Range,,,
Rote Wand,Lechquellen Mountains,2704.0,
Roter Berg (Ore Mountains),,668.0,
Roter Knopf,"High Tauern, Schober Group",,
Round Mountain (Massachusetts),"Holyoke Range, Metacomet Ridge",,
Round Top,Diablo Range,537.667,
"Round Top (Herkimer County, New York)",,,
Rubicon Peak,Sierra Nevada (U.S.),2800.2,
Ruby Range (Valhalla Ranges),,,
Ruchi (Glarus Alps),Glarus Alps,3107.0,
Ruderhofspitze,Stubai Alps,,
Rudnik (mountain),,1132.0,
Ruhmannsberg,"Frauenwaldkamm, Bavarian Forest",,
Rumdoodle Peak,North Masson Range,875.0,
Salzburger Kopf,Westerwald,,
Samacasa,"Chila mountain range, Andes",5200.0,
Samson Peak,"Queen Elizabeth Ranges, Canadian Rockies",3081.0,
Samuel Black Range,,2120.0,
San Carlos volcanic field,,1000.0,
San Rafael Hills,Transverse Ranges,544.982,
San Rafael Reef,,,
Sandia Mountains,,3254.65,
Sandia–Manzano Mountains,,3254.65,
Sandviksfjellet,,392.0,
Sangwonsan,,862.0,
Sankwala Mountains,,1800.0,
Sanok-Turka Mountains,,1024.0,
Santa Renia Mountains,,1821.0,
Saraqutu,Andes,5200.0,
Satpura Range,,1350.0,
Sauyr Zhotasy,"Saur Mountains, Tien Shan",3840.0,
Sawtooth Range (Montana),,2400.91,
Scafell,"Lake District, Southern Fells",964.0,NY206064
Scald Law,,579.0,NT191610
Scandinavian Mountains,,2469.0,
Schafberg (Salzkammergut),Salzkammergut Mountains,1783.0,
Scharfenstein (Wernigerode),Harz (Mittelgebirge),,
Scheffauer,Kaisergebirge,,
Scheibler (mountain),Verwall Alps,2978.0,
Scheinberg,Steigerwald,,
Scheuchzerhorn,Bernese Alps,3456.0,
Schijen (Glarus Alps),Glarus Alps,2610.0,
Schilt,Glarus Alps,2299.0,
Schlossfelsen,,,
Schlüechtli,Lepontine Alps,2283.0,
Schnebelhorn,Appenzell Alps,1291.9,
Schneckenstein (Fels),,,
Schroeder Mountain,Sierra Nevada (U.S.),2115.92,
Schwarze Wand,Rieserferner group,3105.0,
Schwarzhorn (Bernese Alps),Bernese Alps,2928.0,
Schwarzhorn (Wildstrubel massif),Bernese Alpsamb,3105.0,
Schwidenegg,Bernese Alps,2007.0,
Schönfeldspitze,Steinernes Meer,2653.0,
Scorpion Mountain (Washington),Cascade Range,1687.07,
Scorton Hill,,35.052,
Scott Patent Hill,,,
Scott Peak (Idaho),Beaverhead Mountains,3468.01,
Stickle Pike,,375.0,SD 21202 92796
The Knott,"Far Eastern Fells, Lake District",739.0,NY436127
Thirlmere,,178.0,
Ullswater,,145.0,
Watch Hill (Cockermouth),,254.0,NY159318
Whitbarrow,,215.0,SD441870
Whitfell,,573.0,SD158929
