0,1,2,3
Ameer Aadmi Gharib Aadmi,,1985-05-24,Amjad Khan (actor)
American Pimp,,,Hughes brothers
Amigos para La Aventura,Victor Sueiro,,Palito Ortega
Among the Ruins,"Yusuf Sibai, Ezz El-Dine Zulficar",1959-11-17,Ezz El-Dine Zulficar
Bare på jobb,"http://dbpedia.org/resource/Kjell_Hammerø, http://dbpedia.org/resource/Knut_Halle",,http://dbpedia.org/resource/Kjell_Hammerø
Barefoot Gen: Explosion of Tears,Keiji Nakazawa,,http://dbpedia.org/resource/Tengo_Yamada
Barefoot Savage,,,Clemente Fracassi
Barista (film),,,http://dbpedia.org/resource/Rock_Baijnauth
Bark!,Heather Morgan,2002-01-11,Katarzyna Adamik
Barney's Version (film),Michael Konyves,,Richard J. Lewis
"Barnum & Ringling, Inc.",H. M. Walker,,Robert F. McGowan
Barocco (1925 film),http://dbpedia.org/resource/Georges_André-Cuel,1925-11-20,Charles Burguet
Barricade (2012 film),,,Andrew Currie (director)
Basket Case 2,Frank Henenlotter,,Frank Henenlotter
Basta che non si sappia in giro,"Castellano & Pipolo, Luigi Magni, Age & Scarpelli, Nanni Loy",,"Luigi Comencini, Luigi Magni, Nanni Loy"
Basudev,,,Neer Shah
Batman: Soul of the Dragon,,,Sam Liu
Batman & Mr. Freeze: SubZero,Boyd Kirkland,,Boyd Kirkland
Batman XXX,Axel Braun,,Axel Braun
Battle Cry (film),Leon Uris,,Raoul Walsh
Battle in Heaven,Carlos Reygadas,,Carlos Reygadas
Battle of Sutjeska (film),"Branimir Šćepanović, Miljenko Smoje, Orson Welles, Sergei Bondarchuk, Wolf Mankowitz",,Stipe Delić
Battle of the Sexes (2017 film),Simon Beaufoy,,Jonathan Dayton and Valerie Faris
Battle of the Worlds,,,Anthony Dawson (film director)
Bayo (film),Mort Ransen,,Mort Ransen
Bazaar (2019 film),Simple Suni,,Simple Suni
"Be Happy, These Two Lovers",Zenzo Matsuyama,1957-02-19,Ishirō Honda
Be Human (film),,,Dave Fleischer
BearCity 2: The Proposal,Doug Langway,,Doug Langway
Bears (film),"Adam Chapman, Alastair Fothergill",,"Alastair Fothergill, Keith Scholey"
Beati i ricchi,"Salvatore Samperi, Sandro Continenza, Aldo Lado",,Salvatore Samperi
Beatles Stories,,,Seth Swirsky
Beatriz at Dinner,Mike White (filmmaker),,Miguel Arteta
Beats (2019 American film),,,Chris Robinson (director)
Beau Bandit,Wallace Smith (screenwriter),,Lambert Hillyer
Beautiful Scars (film),Shane Belcourt,,Shane Belcourt
Beautiful but Dangerous,,,Robert Z. Leonard
Beauty (2011 film),Oliver Hermanus,,Oliver Hermanus
Beauty and the Beast (2014 film),,,Christophe Gans
Beauty of the World,Pier Angelo Mazzolotti,,Mario Almirante
Because of Winn-Dixie (film),,,Wayne Wang
Beck – Kartellen,,,Kjell Sundvall
Beck – Pojken i glaskulan,,,Daniel Lind Lagerlöf
Bedevilled (1955 film),Jo Eisinger,1955-04-28,Mitchell Leisen
Bedevilled Rabbit,Tedd Pierce,,Robert McKimson
Bedside,"Rian James, Lillie Hayward, Harvey F. Thew, http://dbpedia.org/resource/Mauel_Seff",,Robert Florey
Bee on Guard,,,Jack Hannah
Before Breakfast,,,Hal Roach
Before I Change My Mind,Trevor Anderson (artist),,Trevor Anderson (artist)
Before My Heart Falls,Sébastien Rose,,Sébastien Rose
Before Sunset,,,Richard Linklater
Before You Know It (2013 film),,,PJ Raval
Before the Jury,"Guido Brignone, Mario Serandrei, http://dbpedia.org/resource/Giuseppe_Romualdi",,Guido Brignone
Begotten (film),E. Elias Merhige,,E. Elias Merhige
Behind Closed Doors (1961 film),,,Dino Risi
Behind Masks,Kathryn Stuart,,Frank Reicher
Behind a Long Wall,Sixto Pondal Ríos,1958-03-03,Lucas Demare
Behind the Candelabra,,,Steven Soderbergh
Behind the Green Door,,,Mitchell brothers
Behind the High Wall,,,Abner Biberman
Behind the Lines (1916 film),"Walter Woods (screenwriter), Mary Rider",,Henry MacRae
Behind the Mask (1946 film),,,Phil Karlson
Behold Beatrice,,1944-03-08,Jean de Marguenat
Beijing Bicycle,"Peggy Chiao, Tang Danian, Wang Xiaoshuai, http://dbpedia.org/resource/Hsu_Hsiao-Ming",2001-02-17,Wang Xiaoshuai
Being 17,"André Téchiné, Céline Sciamma",,André Téchiné
Being Cyrus,Homi Adajania,,Homi Adajania
Bekas (film),Karzan Kader,,Karzan Kader
Belashuru,,2022-05-20,"Nandita Roy, Shiboprosad Mukherjee"
Belgica (film),Felix Van Groeningen,,Felix Van Groeningen
Believe (2007 film),http://dbpedia.org/resource/Loki_Mulholland,2007-04-20,http://dbpedia.org/resource/Loki_Mulholland
Bella Donna (1934 film),,1935-02-25,Robert Milton (director)
Belle & Sebastian: The Adventure Continues,Cécile Aubry,,Christian Duguay (director)
Belle van Zuylen – Madame de Charrière,Digna Sinke,1993-09-16,Digna Sinke
Bellflower (film),Evan Glodell,,Evan Glodell
Belli Moda,"Puttanna Kanagal, Anasuya Shankar",,Puttanna Kanagal
Bellini and the Sphinx,,,Roberto Santucci
Bells from the Deep,Werner Herzog,,Werner Herzog
Belluscone: A Sicilian Story,Franco Maresco,,Franco Maresco
Beloved Corinna,,,Eduard von Borsody
Below Utopia,"Richard Shepard, David Diamond (screenwriter)",,Kurt Voss
Belønningen,http://dbpedia.org/resource/Bjørn_Lien,,http://dbpedia.org/resource/Bjørn_Lien
Ben's Mill,,,"http://dbpedia.org/resource/John_Karol, http://dbpedia.org/resource/Michel_Chalufour"
Benares (film),Barlen Pyamootoo,,Barlen Pyamootoo
Beneath the Harvest Sky,"Aron Gaudet, Gita Pullapilly",,"Aron Gaudet, Gita Pullapilly"
