0,1,2
Accenture,http://commons.wikimedia.org/wiki/Special:FilePath/Accenture.svg?width=300,"Professional services, Information technology, Management consulting"
Allstate,http://commons.wikimedia.org/wiki/Special:FilePath/Allstate_logo.svg?width=300,Insurance
Amazon.com,,
Amen Bank,http://commons.wikimedia.org/wiki/Special:FilePath/Tunisie_Amen_Banque.jpg?width=300,Financial services
Amerex,http://commons.wikimedia.org/wiki/Special:FilePath/Amerex-logo.jpg?width=300,Fire protection
American Art Therapy Association,,"Therapy, Art"
American Biographical Institute,,Who's Who scam
American Express,http://commons.wikimedia.org/wiki/Special:FilePath/American_Express_logo_(2018).svg?width=300,"Bank, Financial services"
American International Group,http://commons.wikimedia.org/wiki/Special:FilePath/AIG_new_logo.svg?width=300,Financial services
American Pathology Partners,,Healthcare industry
American Shipping Company,http://commons.wikimedia.org/wiki/Special:FilePath/American_Shipping_Company_logo.svg?width=300,"Shipping, Shipyard"
Ameritest,,Advertising research
Amilcar,http://commons.wikimedia.org/wiki/Special:FilePath/Amilcar.svg?width=300,Manufacturing
Amnesty International South Africa,,Human rights
Amp'd Mobile,,Wireless
Anheuser-Busch,http://commons.wikimedia.org/wiki/Special:FilePath/Anheuser-Busch_logo.gif?width=300,
Apple Inc.,http://commons.wikimedia.org/wiki/Special:FilePath/Apple_logo_black.svg?width=300,"Consumer electronics, Online services, Software services"
Asda,http://commons.wikimedia.org/wiki/Special:FilePath/Asda_logo.svg?width=300,
Auchan,http://commons.wikimedia.org/wiki/Special:FilePath/Auchan_Retail_logo.svg?width=300,Retail
Avon Products,http://commons.wikimedia.org/wiki/Special:FilePath/Avon_products_logo.png?width=300,Cosmetics
BMW,http://commons.wikimedia.org/wiki/Special:FilePath/BMW_logo_(gray).svg?width=300,Automotive industry
BP,http://commons.wikimedia.org/wiki/Special:FilePath/BP_Helios_logo.svg?width=300,Petroleum industry
Bank of America,http://commons.wikimedia.org/wiki/Special:FilePath/Bank_of_America_logo.svg?width=300,Financial services
Barclays,http://commons.wikimedia.org/wiki/Special:FilePath/Barclays_logo.svg?width=300,
Bay Ferries Great Lakes,http://commons.wikimedia.org/wiki/Special:FilePath/Bay_Ferries_Great_Lakes_logo.png?width=300,Transportation
Baystate Health,http://commons.wikimedia.org/wiki/Special:FilePath/baystate-health_logo.png?width=300,Health care
Be&Be,http://commons.wikimedia.org/wiki/Special:FilePath/Verlagssitz-bebe.jpg?width=300,Publishing
Beaver Motorcoach Corporation,http://commons.wikimedia.org/wiki/Special:FilePath/Beaver_Motorcoach_Corporation_logo.svg?width=300,Automotive industry
Becoacht.com,http://commons.wikimedia.org/wiki/Special:FilePath/Becoacht_Logo.png?width=300,Online marketplace
Beetham Organization,"http://commons.wikimedia.org/wiki/Special:FilePath/West_Tower,_Liverpool,_England.jpg?width=300",Real estate
BelGioioso Cheese,http://commons.wikimedia.org/wiki/Special:FilePath/BelGioiosoCheesePlantChaseWisconsin.jpg?width=300,Food processing
BelaPAN,,News agency
BellSouth Long Distance,http://commons.wikimedia.org/wiki/Special:FilePath/BellSouth_Long_Distance_logo.png?width=300,Telecommunications
Bell Fund,http://commons.wikimedia.org/wiki/Special:FilePath/Bell_Fund_current_logo.svg?width=300,"Television, Digital Media"
Belle Baby Carriers,http://commons.wikimedia.org/wiki/Special:FilePath/Belle_Baby_Cariers_logo.png?width=300,"Design, Manufacturing"
Bendix Helicopters,,Aviation
Bengal and North Western Railway,http://commons.wikimedia.org/wiki/Special:FilePath/B&NWR_F_Class_26.jpg?width=300,Railways
Cabela's,http://commons.wikimedia.org/wiki/Special:FilePath/Cabela's_Logo.svg?width=300,Retail
Cadwork informatik AG,http://commons.wikimedia.org/wiki/Special:FilePath/Cadwork_logo.jpg?width=300,"Construction, Manufacturing, Software"
Caesarstone,http://commons.wikimedia.org/wiki/Special:FilePath/Caesarstone.png?width=300,Manufacturing
Cafe FX,http://commons.wikimedia.org/wiki/Special:FilePath/Cafe-fx_logo_1.jpg?width=300,"Computer-generated imagery, Visual effects"
Cage Rage Championships,http://commons.wikimedia.org/wiki/Special:FilePath/Cageragelogo.jpg?width=300,Mixed martial arts
Cairn India,http://commons.wikimedia.org/wiki/Special:FilePath/Cairn_India_SVG_Logo.svg?width=300,List of petroleum companies
Caisse de dépôt et placement du Québec,http://commons.wikimedia.org/wiki/Special:FilePath/Caisse_de_dépôt_et_placement_du_Québec_logo.svg?width=300,Pension fund
CaixaBank,http://commons.wikimedia.org/wiki/Special:FilePath/Barcelona_6_2013.jpg?width=300,Financial services
Cake Entertainment,http://commons.wikimedia.org/wiki/Special:FilePath/Cake_Entertainment.gif?width=300,Entertainment
Caledonian Brewery,http://commons.wikimedia.org/wiki/Special:FilePath/Caledonian_Brewery.jpg?width=300,Brewing
California Burrito Co.,,Fast food
California Coast Credit Union,http://commons.wikimedia.org/wiki/Special:FilePath/CalCoast-Credit-Union-Logo.png?width=300,Financial services
Camargo Corrêa Desenvolvimento Imobiliário,http://commons.wikimedia.org/wiki/Special:FilePath/Logoccdi.jpg?width=300,Real estate
Cambrex Corporation,http://commons.wikimedia.org/wiki/Special:FilePath/Cambrex_Facility.jpg?width=300,Pharmaceuticals
Cambridge Semantics,,Computer software
Cameron's Brewing Company,,Alcoholic beverage
Campagnolo,http://commons.wikimedia.org/wiki/Special:FilePath/Campagnolo_Logo_Transparent.png?width=300,Cycling
Campari Group,"http://commons.wikimedia.org/wiki/Special:FilePath/2021_Campari_Group_logo,_navy.jpg?width=300",Drink
Campbell Soup Company,http://commons.wikimedia.org/wiki/Special:FilePath/Campbell's_2021.svg?width=300,Food processing
Camuzzi Gas,http://commons.wikimedia.org/wiki/Special:FilePath/Camuzzi-Gas_Logo.svg?width=300,Utilities
Canaan Fair Trade,http://commons.wikimedia.org/wiki/Special:FilePath/Canaan_Fair_Trade_organisation_logo.png?width=300,Fair trade
Canada (company),http://commons.wikimedia.org/wiki/Special:FilePath/CanadaCompanyLogo.png?width=300,Visual arts
Canada Post,http://commons.wikimedia.org/wiki/Special:FilePath/Canada_Post_logo.svg?width=300,"Courier, Postal Service"
Canadia Bank,http://commons.wikimedia.org/wiki/Special:FilePath/OCIC_Tower_(Canadia_bank).jpg?width=300,"Finance, Banking"
Canadian Aeroplanes,"http://commons.wikimedia.org/wiki/Special:FilePath/Hydroplanes_-_Manufacturers_-_Naval_Aircraft_Factory_-_F-5_-_BUILDING_AEROPLANES_FOR_MILITARY_USE._Hull_of_F-5_flying_boat_under_construction_in_plant_of_Canadian_Aeroplanes_Ltd.,_Toronto,_Canada_-_NARA_-_31484834.jpg?width=300",Commercial aviation
Canadian Commercial Bank,"http://commons.wikimedia.org/wiki/Special:FilePath/Bell_Tower,_Edmonton.jpg?width=300",Bank
Canadian Natural Resources,http://commons.wikimedia.org/wiki/Special:FilePath/Canadian_Natural_Logo.svg?width=300,Petroleum industry
Canon Inc.,http://commons.wikimedia.org/wiki/Special:FilePath/Canon_wordmark.svg?width=300,Electronics
Canwest,http://commons.wikimedia.org/wiki/Special:FilePath/Canwest.svg?width=300,Mass media
Cape of Good Films,http://commons.wikimedia.org/wiki/Special:FilePath/Cogf.jpg?width=300,"Entertainment, Motion picture"
Capital Bank (Ghana),http://commons.wikimedia.org/wiki/Special:FilePath/Capital_Bank_logo.png?width=300,"Investment banking, Asset management, Financial services, Private banking, Retail banking"
Capital Index,http://commons.wikimedia.org/wiki/Special:FilePath/CI-logo-2-3-7_new.png?width=300,"Spread betting, Financial services, CFDs"
Capital Small Finance Bank,,Financial services
Captivate Entertainment,http://commons.wikimedia.org/wiki/Special:FilePath/Captivate_Entertainment_Logo.jpg?width=300,Film industry
Capybara Games,http://commons.wikimedia.org/wiki/Special:FilePath/Capybara_Games_logo.png?width=300,Video game industry
CarTrade.com,http://commons.wikimedia.org/wiki/Special:FilePath/CarTrade_Logo.jpg?width=300,Automotive industry
Caracal International,http://commons.wikimedia.org/wiki/Special:FilePath/Caracal_International_logo.svg?width=300,Firearms industry
CardRunners,http://commons.wikimedia.org/wiki/Special:FilePath/Cardrunnerslogo.jpg?width=300,"Internet, Poker"
Carestream Health,http://commons.wikimedia.org/wiki/Special:FilePath/Carestream_Health_logo.png?width=300,"Dentistry, Contract manufacturer, Non-destructive testing, Medical"
Carnival Cinemas,http://commons.wikimedia.org/wiki/Special:FilePath/Carnival_Cinemas_logo.png?width=300,Entertainment
Carrefour,http://commons.wikimedia.org/wiki/Special:FilePath/Carrefour_logo.svg?width=300,
Carrozzeria Ghia,http://commons.wikimedia.org/wiki/Special:FilePath/Ghia_automobile_logo.svg?width=300,Automotive industry
Carson's,http://commons.wikimedia.org/wiki/Special:FilePath/Carson's_logo.svg?width=300,Retail
Cartier (jeweler),http://commons.wikimedia.org/wiki/Special:FilePath/Cartier_logo.svg?width=300,Retail
Carzone,http://commons.wikimedia.org/wiki/Special:FilePath/Carzone.ie_logo.png?width=300,Automotive industry
Casady & Greene,http://commons.wikimedia.org/wiki/Special:FilePath/CGlogo.jpg?width=300,Computer software
Casajús,http://commons.wikimedia.org/wiki/Special:FilePath/Winery_Bodegas_Casajus_Ribera_del_Duero.jpg?width=300,Spanish wine
Casper Sleep,http://commons.wikimedia.org/wiki/Special:FilePath/Casper_Sleep_logo.svg?width=300,Mattress
Cassa di Risparmio di Trieste,,Financial services
Castle Recording Laboratory,,Recording studio
Caswell-Massey,,Cosmetics
Cat Daddy Games,http://commons.wikimedia.org/wiki/Special:FilePath/Cat_Daddy_Games.png?width=300,Video game industry
Catalan News Agency,http://commons.wikimedia.org/wiki/Special:FilePath/Logo_of_CNA.gif?width=300,News agency
Caterpillar Inc.,http://commons.wikimedia.org/wiki/Special:FilePath/Caterpillarhq.jpg?width=300,
Chanel,http://commons.wikimedia.org/wiki/Special:FilePath/Chanel_logo_interlocking_cs.svg?width=300,Fashion
Chase (bank),,
Chevrolet,http://commons.wikimedia.org/wiki/Special:FilePath/Chevrolet_(logo).svg?width=300,Automotive industry
China Mobile,http://commons.wikimedia.org/wiki/Special:FilePath/China_Mobile_logo_(2019).svg?width=300,Telecommunication
Cisco Systems,,
Citibank,http://commons.wikimedia.org/wiki/Special:FilePath/Citibank.svg?width=300,Financial services
Colgate-Palmolive,http://commons.wikimedia.org/wiki/Special:FilePath/Colgate-Palmolive_logo.svg?width=300,Fast-moving consumer goods
Dell,http://commons.wikimedia.org/wiki/Special:FilePath/Dell_logo_2016.svg?width=300,"Software, Personal computer hardware"
Deutsche Bank,http://commons.wikimedia.org/wiki/Special:FilePath/Deutsche_Bank_logo.svg?width=300,
EBay,http://commons.wikimedia.org/wiki/Special:FilePath/EBay_logo.svg?width=300,E-commerce
Electronic Arts,http://commons.wikimedia.org/wiki/Special:FilePath/Electronic_Arts_2020.svg?width=300,Video game industry
Esprit Holdings,http://commons.wikimedia.org/wiki/Special:FilePath/Esprit_Logo_neu.svg?width=300,Fashion
FedEx,http://commons.wikimedia.org/wiki/Special:FilePath/FedEx_Corporation_-_2016_Logo.svg?width=300,
Ford Motor Company,http://commons.wikimedia.org/wiki/Special:FilePath/Ford_logo_flat.svg?width=300,Automotive industry
General Electric,http://commons.wikimedia.org/wiki/Special:FilePath/General_Electric_logo.svg?width=300,
Gillette (brand),,
Goldman Sachs,http://commons.wikimedia.org/wiki/Special:FilePath/Goldman_Sachs.svg?width=300,Financial services
Google,http://commons.wikimedia.org/wiki/Special:FilePath/Google_2015_logo.svg?width=300,"Internet, Computer software, Cloud computing, Computer hardware, Artificial intelligence, Advertising"
Gucci,http://commons.wikimedia.org/wiki/Special:FilePath/Gucci_logo.png?width=300,Fashion industry
H&M,http://commons.wikimedia.org/wiki/Special:FilePath/H&M-Logo.svg?width=300,
HSBC,http://commons.wikimedia.org/wiki/Special:FilePath/HSBC_logo_(2018).svg?width=300,Financial services
Harley-Davidson,http://commons.wikimedia.org/wiki/Special:FilePath/Harley-Davidson_logo.svg?width=300,
Hennessy,http://commons.wikimedia.org/wiki/Special:FilePath/Logo_hennessy.svg?width=300,
Hermès,http://commons.wikimedia.org/wiki/Special:FilePath/Hermès.svg?width=300,Luxury goods
Hewlett-Packard,http://commons.wikimedia.org/wiki/Special:FilePath/HP_logo_2012.svg?width=300,"Information technology consulting, Computer hardware, Software, IT service management"
Honda,http://commons.wikimedia.org/wiki/Special:FilePath/Honda_logo.svg?width=300,Manufacturing
IBM,http://commons.wikimedia.org/wiki/Special:FilePath/IBM_logo.svg?width=300,Information technology
IKEA,http://commons.wikimedia.org/wiki/Special:FilePath/Ikea_logo.svg?width=300,Retail
ING Group,http://commons.wikimedia.org/wiki/Special:FilePath/ING_Group_N.V._Logo.svg?width=300,Financial services
Intel,"http://commons.wikimedia.org/wiki/Special:FilePath/Intel_logo_(2020,_dark_blue).svg?width=300",
JPMorgan Chase,http://commons.wikimedia.org/wiki/Special:FilePath/J_P_Morgan_Chase_Logo_2008_1.svg?width=300,Financial services
L'Oréal,http://commons.wikimedia.org/wiki/Special:FilePath/L'Oréal_logo.svg?width=300,Fast-moving consumer goods
Lexus,http://commons.wikimedia.org/wiki/Special:FilePath/Lexus_division_emblem.svg?width=300,Automotive
Louis Vuitton,http://commons.wikimedia.org/wiki/Special:FilePath/Louis_Vuitton_logo.svg?width=300,Fashion industry
McDonald's,http://commons.wikimedia.org/wiki/Special:FilePath/McDonald's_Golden_Arches.svg?width=300,"Real estate, Restaurant"
Mercedes-Benz,http://commons.wikimedia.org/wiki/Special:FilePath/Mercedes-Benz_Logo_2010.svg?width=300,Automotive industry
Merrill Lynch,,
Microsoft,http://commons.wikimedia.org/wiki/Special:FilePath/Microsoft_logo_and_wordmark.svg?width=300,Information technology
Mizuho Financial Group,http://commons.wikimedia.org/wiki/Special:FilePath/Mizuho_logo.svg?width=300,Financial services
Morgan Stanley,http://commons.wikimedia.org/wiki/Special:FilePath/Morgan_Stanley_Logo_1.svg?width=300,Financial services
Motorola,http://commons.wikimedia.org/wiki/Special:FilePath/Motorola.svg?width=300,
Movistar,http://commons.wikimedia.org/wiki/Special:FilePath/Movistar_isotype_2020.svg?width=300,
NTT DoCoMo,,
"Nike, Inc.",http://commons.wikimedia.org/wiki/Special:FilePath/Logo_NIKE.svg?width=300,"Sports equipment, Clothing industry, Fashion accessory"
Nissan Motor Company,,
Nokia,http://commons.wikimedia.org/wiki/Special:FilePath/Nokia_wordmark.svg?width=300,"Electronics industry, Telecommunications industry, Technology company"
Oracle Corporation,http://commons.wikimedia.org/wiki/Special:FilePath/Oracle_wordmark.svg?width=300,
Orange (telecommunications),,
PepsiCo,http://commons.wikimedia.org/wiki/Special:FilePath/PepsiCo_logo.svg?width=300,"Drink industry, Food processing"
Pfizer,http://commons.wikimedia.org/wiki/Special:FilePath/Pfizer_(2021).svg?width=300,"Pharmaceutical industry, Biotechnology"
Porsche,http://commons.wikimedia.org/wiki/Special:FilePath/Porsche_logo.svg?width=300,Automotive industry
Pottery Barn,http://commons.wikimedia.org/wiki/Special:FilePath/Pottery_Barn_logo.svg?width=300,Home furnishing
Poundland,http://commons.wikimedia.org/wiki/Special:FilePath/Poundland_logo_2022.svg?width=300,Retail
Powell's Books,http://commons.wikimedia.org/wiki/Special:FilePath/Powell's_City_of_Books_(logo).png?width=300,Retailing
PowerFilm,http://commons.wikimedia.org/wiki/Special:FilePath/PFLMlogo.jpg?width=300,Renewable Energy
Poya Pictures,,List of entertainment industry topics
Prada,http://commons.wikimedia.org/wiki/Special:FilePath/Prada-Logo.svg?width=300,Fashion industry
Premier (company),http://commons.wikimedia.org/wiki/Special:FilePath/Plymouth_Savoy_2.jpg?width=300,Automotive
Premier Stores,http://commons.wikimedia.org/wiki/Special:FilePath/PremierStoresLogo.svg?width=300,Newsagents
Prentice Brothers Limited,,Chemical industry
Prescient Therapeutics,,Biotechnology
PrestaShop,,Internet
Pride Microfinance Limited,,Financial services
Princess Auto,http://commons.wikimedia.org/wiki/Special:FilePath/Princess_Auto_Logo.svg?width=300,Retailing
Principal Hotel Company,http://commons.wikimedia.org/wiki/Special:FilePath/Principal_Hotel_Company_logo.png?width=300,Hospitality
Private Division,http://commons.wikimedia.org/wiki/Special:FilePath/Private_Division_Logo.svg?width=300,Video game industry
ProKennex,http://commons.wikimedia.org/wiki/Special:FilePath/Prokennex_logo.png?width=300,Sporting goods
Procter & Gamble Pakistan,,FMCG
Produce!,,Video game industry
Production I.G,http://commons.wikimedia.org/wiki/Special:FilePath/Production_I.G_Logo.svg?width=300,"Video game industry, Cinema of Japan, Animation, Television in Japan"
Prozis,http://commons.wikimedia.org/wiki/Special:FilePath/Prozis_new_branding.png?width=300,E-commerce
Prym,http://commons.wikimedia.org/wiki/Special:FilePath/Logo-prym-group.png?width=300,"Metalworking, Manufacturing"
Psytronik Software,,Retrogaming
Public Service Enterprise Group,http://commons.wikimedia.org/wiki/Special:FilePath/PSEG_logo.svg?width=300,Utilities
PulteGroup,http://commons.wikimedia.org/wiki/Special:FilePath/Pulte_Group_updated_logo.png?width=300,Home construction
Pungs-Finch,http://commons.wikimedia.org/wiki/Special:FilePath/Pungs_Finch_-_1906.png?width=300,Automotive
Puregold,http://commons.wikimedia.org/wiki/Special:FilePath/Puregold_logo.svg?width=300,Retailing
Purple Carrot,,Meal kit
Q-Sensei,,"Information technology, Search engine technology, Search-based applications"
QA Technologies,http://commons.wikimedia.org/wiki/Special:FilePath/QA_Technologies_logo.jpg?width=300,Telematics
QFC,http://commons.wikimedia.org/wiki/Special:FilePath/QFC_logo.svg?width=300,Grocery
QatarEnergy,http://commons.wikimedia.org/wiki/Special:FilePath/QatarEnergy_logo.png?width=300,Oil and gas industry
Qiantu Motor,,Automotive
Qontis,,Personal finance
QualPro,http://commons.wikimedia.org/wiki/Special:FilePath/Qualpro-logo.gif?width=300,Management consulting
Quantapoint,http://commons.wikimedia.org/wiki/Special:FilePath/Quantapoint_Logo.gif?width=300,Laser scanning
Quester Tangent Corporation,,Manufacturing
QuickChek,http://commons.wikimedia.org/wiki/Special:FilePath/QuickCheck.svg?width=300,Retail
Renault,http://commons.wikimedia.org/wiki/Special:FilePath/2021_Renault_Group_logo.svg?width=300,Automotive industry
Rolex,http://commons.wikimedia.org/wiki/Special:FilePath/Rolex_logo.svg?width=300,Watchmaking
SAP AG,,
Samsung,http://commons.wikimedia.org/wiki/Special:FilePath/Samsung_headquarters.jpg?width=300,Conglomerate (company)
Santander Group,,
Siemens,http://commons.wikimedia.org/wiki/Special:FilePath/Siemens_AG_logo.svg?width=300,Conglomerate (company)
Sony,http://commons.wikimedia.org/wiki/Special:FilePath/Sony_logo.svg?width=300,Conglomerate (company)
Starbucks,http://commons.wikimedia.org/wiki/Special:FilePath/Starbucks_Corporation_Logo_2011.svg?width=300,Coffeehouse
State Farm Insurance,,
Sumitomo Mitsui Banking Corporation,http://commons.wikimedia.org/wiki/Special:FilePath/Sumitomo_Mitsui_Banking_Logo.svg?width=300,Financial services
T-Mobile,http://commons.wikimedia.org/wiki/Special:FilePath/Deutsche_Telekom_2022.svg?width=300,
Target Corporation,http://commons.wikimedia.org/wiki/Special:FilePath/Target_(2018).svg?width=300,
Telecom Italia Mobile,,
Tesco,http://commons.wikimedia.org/wiki/Special:FilePath/Tesco_Logo.svg?width=300,Retail
The Coca-Cola Company,http://commons.wikimedia.org/wiki/Special:FilePath/The_Coca-Cola_Company_(2020).svg?width=300,Drink industry
The Home Depot,http://commons.wikimedia.org/wiki/Special:FilePath/TheHomeDepot.svg?width=300,Retail
The Walt Disney Company,http://commons.wikimedia.org/wiki/Special:FilePath/The_Walt_Disney_Company_Logo.svg?width=300,
Toyota,http://commons.wikimedia.org/wiki/Special:FilePath/Toyota_EU.svg?width=300,Automotive industry
UBS,http://commons.wikimedia.org/wiki/Special:FilePath/UBS_Logo.svg?width=300,"Financial services, Banking"
United Parcel Service,http://commons.wikimedia.org/wiki/Special:FilePath/United_Parcel_Service_logo_2014.svg?width=300,Courier
Verizon Communications,http://commons.wikimedia.org/wiki/Special:FilePath/Verizon_2015_logo_-vector.svg?width=300,
Vodafone,http://commons.wikimedia.org/wiki/Special:FilePath/Vodafone_2017_logo.svg?width=300,Telecommunications industry
Volkswagen,http://commons.wikimedia.org/wiki/Special:FilePath/Volkswagen_logo_2019.svg?width=300,Automotive industry
Wachovia,http://commons.wikimedia.org/wiki/Special:FilePath/Wachovia_logo.svg?width=300,Financial services
Walmart,http://commons.wikimedia.org/wiki/Special:FilePath/Walmart_logo.svg?width=300,Retail
Wrigley Company,"http://commons.wikimedia.org/wiki/Special:FilePath/Wrigley_Building_-_Chicago,_Illinois.jpg?width=300",Food industry
Yahoo!,http://commons.wikimedia.org/wiki/Special:FilePath/Yahoo!_(2019).svg?width=300,
Zara (retailer),http://commons.wikimedia.org/wiki/Special:FilePath/Zara_Logo.svg?width=300,
