0,1,2,3,4,5
"$30,000",,Robert Brunton Productions,1920-02-29,Ernest C. Warde,
'Allo 'Allo!,"David Croft (TV producer), Mike Stephens (director)",,1982-12-30,"David Croft (TV producer), Mike Stephens (director), Susan Belbin, Richard Boden","Allo 'Allo! intertitle of ""Puddings Can Go Off"""
'Til We Meet Again,Hal B. Wallis,Warner Bros.,1940-04-20,"William K. Howard, William Keighley, Anatole Litvak, Edmund Goulding",Lobby card depicting Merle Oberon  and Geraldine Fitzgerald
1744 White Alto,,Kabinii Films,2022-11-18,Senna Hegde,
2 Seconds,Roger Frappier,Max Films Productions,"1998-09-12, 2003-06-25",Manon Briand,
A.T.M. ¡A toda máquina!,http://dbpedia.org/resource/Luis_Leal_Solares,,1951-09-13,Ismael Rodríguez,
A Bridge Too Far (film),Joseph E. Levine,Joseph E. Levine Productions,1977-06-15,Richard Attenborough,Original film poster
A Christmas Carol (2004 film),Howard Ellis,,2004-11-28,Arthur Allan Seidelman,DVD poster
A Home Too Far,Jimmy Heung,"Movie Impact, Yen Ping Films Production",1990-08-28,Kevin Chu,
A Killer in the Family,,,1983-10-30,Richard T. Heffron,DVD cover
A Love to Kill,,,2005-10-31,Kim Kyu-tae,Promotional poster
A Rough Passage,Franklyn Barrett,Barret's Australian Productions,1922-07-22,Franklyn Barrett,
Adam & Eva,Waldemar Bergendahl,,1997-02-14,"Måns Herngren, Hannes Holm",
Adam DeVine: Best Time of Our Lives,,,2019-06-18,Jay Karas,
Agnes Browne,"Anjelica Huston, Jim Sheridan",October Films,"1999-12-03, 2000-03-03",Anjelica Huston,Theatrical release poster
Agustina of Aragon (1929 film),http://dbpedia.org/resource/Luis_Ventura,Victoria Producción Nacional,1929-02-11,Florián Rey,
Aisa Hota Hai,http://dbpedia.org/resource/Aashish_Dubey,,2012-03-27,http://dbpedia.org/resource/Aashish_Dubey,Official Poster
Alias Mary Smith,Ralph M. Like,Ralph M. Like Productions,1932-07-15,E. Mason Hopper,
Alice Gets Stung,Margaret J. Winkler,Walt Disney Animation Studios,1925-02-01,Walt Disney,
Alice in Wonderland (1985 film),Irwin Allen,,1985-12-09,Harry Harris (director),DVD cover
All About Love (2001 film),"Alain Sarde, http://dbpedia.org/resource/Pascal_Caucheteux",Canal+,2001-04-11,Jean-François Richet,Film poster
All I Wish,"Sharon Stone, http://dbpedia.org/resource/Matthew_R._Brady","MRB Productions, ETA Films, Regdalin Production Company",2017-05-03,http://dbpedia.org/resource/Susan_Walter,Theatrical release poster
Allauddinum Albhutha Vilakkum,,Supriya Creations,1979-06-08,I. V. Sasi,Poster in Malayalam
Altamira (film),Álvaro Longoria,,2016-04-01,Hugh Hudson,Theatrical release poster
Amateur Crook,Sam Katzman,Victory Pictures,1937-12-10,Sam Katzman,Joan Barclay and Bruce Bennett  in Amateur Crook
Ameer Aadmi Gharib Aadmi,Vinay Kumar Sinha,,1985-05-24,Amjad Khan (actor),
Among the Ruins,Salah Zulfikar,"Salah Zulfikar, Ezz El-Dine Zulficar",1959-11-17,Ezz El-Dine Zulficar,
An Almost Funny Story,,Studio Ekran,1977-07-27,Pyotr Fomenko,
Ananda Aradhanai,,Jai Krishna Combines,1987-03-20,Dinesh Babu,
Anarchy in Japansuke,,Kokuei,1999-04-23,Takahisa Zeze,DVD cover
Andersson's Kalle (1972 film),,Film AB Cosmos,1972-12-01,http://dbpedia.org/resource/Arne_Stivell,
Andha Bichar,Shakti Samanta,,1990-04-06,Shakti Samanta,DVD Cover
Andrea (film),,,1973-10-04,Carlos Rinaldi,
Andreaskorset,,,2004-10-22,Martin Asphaug,
Ang Totoong Buhay ni Pacita M.,,MRN Films,1991-12-25,http://dbpedia.org/resource/Elwood_Perez,The Official Poster for 1991 Metro Manila Film Festival
Angels of the Street (1969 film),,Studio Hamburg Filmproduktion,1969-10-24,Jürgen Roland,Film poster
Angels with Dirty Faces,Samuel Bischoff,,1938-11-26,Michael Curtiz,Original theatrical release poster
Angry Video Game Nerd,James Rolfe,,2004-05-25,James Rolfe,
Angus (film),"Dawn Steel, Charles Roven","BBC, Atlas Entertainment, Turner Pictures",1995-09-15,Patrick Read Johnson,Theatrical poster released in 1995
Anjaam,,Shiv-Bharat films,1994-04-22,Rahul Rawail,Theatrical release poster
Anjuman (1970 film),,,1970-07-31,Hassan Tariq,
Ankhon Mein Tum Ho,Shakti Samanta,Anuradha Films,1997-12-26,Ashim Samanta,Theatrical poster
Anne of Green Gables (1985 film),"Ian McDougall (producer), Kevin Sullivan (producer)",,1985-12-01,Kevin Sullivan (producer),DVD cover
Annexing Bill,,Astra Film,1918-07-07,Albert Parker (director),
"Anteojito y Antifaz, mil intentos y un invento",,Producciones García Ferré,1972-09-14,Manuel García Ferré,
Anuranan,Aniruddha Roy-Chowdhury,,2008-02-01,"Aniruddha ""Tony"" Roy-Chowdhury",Theatrical release poster
Anxiety (1953 film),,Producciones Zacarías,1953-10-01,Miguel Zacarías,
Apartment Wife: Moans from Next Door,,Kokuei,2001-06-01,Toshiki Satō,DVD cover
Appalam (film),,Tayangan Unggul,2010-11-25,Afdlin Shauki,
Aradhona,,,1979-02-02,http://dbpedia.org/resource/Raju_Siraj,
Area 407,,"Cloud Nine Pictures, Entertainment Factory, Suzanne DeLaurentiis Productions",2012-04-27,http://dbpedia.org/resource/Dale_Fabrigar,
Aurat (1967 film),"S. S. Balan, S. S. Vasan",,1967-08-18,"S. S. Balan, S. S. Vasan",
Ave Maria (1953 film),,Divina-Film,1953-09-08,Alfred Braun,
Azar Ki Ayegi Baraat,,,2009-11-30,Marina Khan,The opening title screen for Azar Ki Ayegi Baraat DVD
Babylon 5: The Gathering,"Robert Latham Brown, http://dbpedia.org/resource/John_Copeland_(producer)",,1993-02-22,Richard Compton,The Gathering DVD Cover
Baghban (1938 film),,General Films Ltd.,1938-07-16,Abdul Rashid Kardar,Film poster
Bananes mécaniques,,,1973-07-19,Jean-François Davy,
Banking Nature,,,2015-02-03,"Denis Delestrac, http://dbpedia.org/resource/Sandrine_Feydel",
Bark!,,,2002-01-11,Katarzyna Adamik,
Barnaby Rudge (film),Cecil M. Hepworth,Hepworth Pictures,1915-03-01,"Thomas Bentley, Cecil M. Hepworth",
Barocco (1925 film),,Grandes Productions Cinématographiques,1925-11-20,Charles Burguet,
Bastard (1940 film),"Knut Naess, http://dbpedia.org/resource/Helge_Lunde","Lunde Film, Sveafilm",1940-02-05,"Gösta Stevens, http://dbpedia.org/resource/Helge_Lunde",
Battles Without Honor and Humanity: Final Episode,,,1974-06-29,Kinji Fukasaku,Theatrical release poster
Bawa Duka,,,1997-05-30,Dharmasiri Bandaranayake,
"Be Happy, These Two Lovers",,,1957-02-19,Ishirō Honda,Theatrical release poster
Bedevilled (1955 film),Henry Berman,Metro-Goldwyn-Mayer,1955-04-28,Mitchell Leisen,
Behind a Long Wall,,Argentina Sono Film,1958-03-03,Lucas Demare,
Behold Beatrice,http://dbpedia.org/resource/Georges_Maurer,Société Cinématographique Méditerranéenne de Production,1944-03-08,Jean de Marguenat,
Beijing Bicycle,"Peggy Chiao, Han Sanping, http://dbpedia.org/resource/Arc_Light_Films, http://dbpedia.org/resource/Hsu_Hsiao-Ming",,2001-02-17,Wang Xiaoshuai,Cover art for Beijing Bicycle
Belashuru,"Nandita Roy, Shiboprosad Mukherjee",Windows Production,2022-05-20,"Nandita Roy, Shiboprosad Mukherjee",Teaser poster
Believe (2007 film),,,2007-04-20,http://dbpedia.org/resource/Loki_Mulholland,Film poster
Bella Donna (1934 film),Julius Hagen,Julius Hagen Productions,1935-02-25,Robert Milton (director),
Belle van Zuylen – Madame de Charrière,,,1993-09-16,Digna Sinke,
Berserk!,Herman Cohen,,1968-01-11,Jim O'Connolly,Original American theatrical poster
Betty Boop for President,Max Fleischer,Fleischer Studios,1932-11-04,Dave Fleischer,
Beyond Love (film),,Grandi Film,1940-09-02,Carmine Gallone,
Beyond the Law (1930 film),"George Arthur Durlam, W. Ray Johnston",Rayart Pictures,1930-11-02,J. P. McGowan,
Beyond the Law (1993 film),Mark Tarlov,"Capitol Films, Polar Entertainment Corporation",1993-04-22,Larry Ferguson (screenwriter),Film poster
Beyond the Rio Grande,"Flora E. Douglas, Harry S. Webb",Harry Webb Productions,1930-04-12,Harry S. Webb,
Bhaji in Problem,"Akshay Kumar, Ashvini Yardi",Viacom 18 Motion Pictures,2013-11-15,Smeep Kang,Theatrical release poster
Bibaho Diaries,,Camellia Productions Pvt. Ltd.,2017-01-20,Mainak Bhaumik,Bibaho Diaries Movie Poster
Big Jim Garrity,A.H. Woods,Pathé Exchange,1916-04-18,George Fitzmaurice,Newspaper advertisement
Bill: On His Own,Linda Otto,,1983-11-09,Anthony Page,
Black Jack (1950 film),,"Alsa Films, Jungla Films",1950-11-20,Julien Duvivier,
Blackout (1985 film),,,1985-07-28,Douglas Hickox,VHS released by Fox Hills Video
Blind Justice (1961 film),"Artur Brauner, http://dbpedia.org/resource/Wolf_Brauner",CCC Film,1961-10-06,Harald Philipp,
Blondie in the Dough,,King Features Syndicate,1947-10-16,Abby Berlin,Film poster
Blue Movie (1971 film),Pim de la Parra,,"1971-07-16, 1971-09-30",Wim Verstappen,
Bluffmaster!,Ramesh Sippy,Manmohan Shetty,2005-12-16,Rohan Sippy,Theatrical release poster
Blum (film),,,1970-07-23,Julio Porter,
Bobby (1973 film),Raj Kapoor,R.K. Films,1973-09-28,Raj Kapoor,Theatrical release poster
Body Jumper,,,2001-11-30,Haeman Chatemee,The Thai movie poster.
Bombaiyer Bombete (film),"Ushakiran Movies, D. Rama Naidu",,2003-12-12,Sandip Ray,Dvd cover of Bombaiyer Bombete
Boogeyman (film),"Robert Tapert, Sam Raimi","Screen Gems, , Ghost House Pictures, Pacific Renaissance Pictures Ltd., Senator International",2005-02-04,Stephen Kay,Theatrical release poster
Born Wild (film),,"One Hundred Years of Film, China Star Entertainment Group, Icon Film Company",2001-05-31,http://dbpedia.org/resource/Patrick_Leung,Film poster
Branquignol,"Jacques Bar, Henri Diamant-Berger","Cité-Films, Fidès",1949-12-16,Robert Dhéry,
Bread and Chocolate,"Turi Vasile, http://dbpedia.org/resource/Maurizio_Lodi-Fe",,1978-07-14,Franco Brusati,DVD cover
Bride of the Desert,Trem Carr,Trem Carr Pictures,1929-09-04,Duke Worne,Cover of the novelization of the film.
Britain's Got the Pop Factor... and Possibly a New Celebrity Jesus Christ Soapstar Superstar Strictly on Ice,,,2008-10-12,Peter Kay,
Broken Toys (1935 film),Walt Disney,Walt Disney Productions,1935-12-14,Ben Sharpsteen,
Brooding Eyes,,Banner Productions,1926-03-15,Edward LeSaint,
Buffalo Dreams,,,2005-03-11,David Jackson (director),Film poster
Bugs in Love,Walt Disney,Walt Disney Productions,1932-10-01,Burt Gillett,
Bulaklak sa City Jail,,Cherubim Films,1984-12-25,Mario O'Hara,"Official movie poster, released in 1984."
Butterfly on the Shoulder,,Gaumont Film Company,1978-05-03,Jacques Deray,
Caesar and Cleopatra (film),Gabriel Pascal,Gabriel Pascal Productions,"1945-12-11, 1946-09-06, 1946-09-16",Gabriel Pascal,theatrical release poster
Cairo (1942 film),Joseph L. Mankiewicz,Metro-Goldwyn-Mayer,1942-08-17,W. S. Van Dyke,Theatrical poster
Call of the Desert,George Arthur Durlam,G. A. Durlam Productions,1930-03-01,J. P. McGowan,
Call of the Forest (1965 film),Carl Szokoll,Neue Delta Filmproduktion,1965-10-01,Franz Antel,
Callan (film),,Magnum Films,"1974-05-23, 1974-06-12",Don Sharp,UK theatrical poster
Campus (TV series),Victoria Pile,,2011-04-05,Victoria Pile,
Candidates for Marriage,,,1958-01-17,Hermann Kugelstadt,
Cannibal Girls,Daniel Goldberg (producer),,1973-06-08,Ivan Reitman,Theatrical release poster
Captain Fracasse (1929 film),,Lutèce Films,1929-02-15,"Alberto Cavalcanti, Henry Wulschleger",
Cardinal Messias,http://dbpedia.org/resource/Alessandro_F._Gagna,Romana Editrice Film,1939-08-31,Goffredo Alessandrini,
"Cartouche, King of Paris",Guillaume Radot,Midi-Ciné-Location,1950-08-02,Guillaume Radot,
Cavalry Scout (film),Walter Mirisch,Monogram Pictures,1951-05-13,Lesley Selander,Theatrical release poster
Century of the Dragon,Wong Jing,Jing's Production,1999-10-15,Clarence Fok,Film poster
Charge It,Harry Garson,,1921-06-11,Harry Garson,Film poster
Charles II: The Power and the Passion,Kate Harwood,,2003-12-07,Joe Wright,DVD cover
Cheriyo Doctor,,Hong Kong Color Movie Lab,1991-10-11,Roy de Silva,
Chiche bombón,,,2004-10-21,http://dbpedia.org/resource/Fernando_Musa,Poster
China: The Panda Adventure,,,2001-06-09,Robert M. Young (film director),
China Corsair,Rudolph Flothow,,1951-06-12,Ray Nazarro,
Chotard and Company,Roger Ferdinand,Les Films Roger Ferdinand,1933-06-23,Jean Renoir,
"Chris Columbus, Jr.",Walter Lantz,Walter Lantz Productions,1934-07-23,Walter Lantz,
Chuttalabbayi,,Ramprasad Art Movies,1988-02-26,Kodi Ramakrishna,
City by the Sea,"Andrew Stevens, Don Carmody",Franchise Pictures,2002-09-06,Michael Caton-Jones,Promotional poster
Class of '61,Gregg Fienberg,,1993-04-12,Gregory Hoblit,
Cleopatra (2007 film),,,2008-05-23,Júlio Bressane,
Club Fed (film),,Ru-Mar Films,1990-08-09,Nat Christian,
Club de rencontres,Alain Terzian,,1987-03-04,Michel Lang,
College Boarding House,,Coral Producciones Cinematográficas,1959-10-19,Rafael Gil,
Colonel March Investigates,Donald Ginsberg,,1953-07-01,Cy Endfield,
Command Performance (1937 film),Harcourt Templeman,Grosvenor Films,1937-08-19,Sinclair Hill,
Commando (1988 film),Mushir Alam,M. R. Productions,1988-06-17,B.Subhash,Promotional poster
Commissioner Eyck,http://dbpedia.org/resource/Ulrich_Mohrbutter,Universum Film AG,1940-03-21,Milo Harbich,
Condemned (1953 film),,Cervantes Films,1953-11-16,Manuel Mur Oti,
Conflict (1921 film),Carl Laemmle,Universal Pictures,1921-10-23,Stuart Paton,
Congo Jazz,"Rudolf Ising, Hugh Harman, Leon Schlesinger",Harman and Ising,1930-09-13,"Rudolf Ising, Hugh Harman",
Coolie (1995 film),Seventh Channel Communications,Seventh Channel Communications,1995-04-14,P. Vasu,Poster
Corazón (film),Román Viñoly Barreto,Film Andes,1947-01-30,Carlos F. Borcosque,
Coronado (2003 film),"Volker Engel, Marc Weigert","Uncharted Territory, LLC, ARMS GmbH, Coronado Motion Picture LLC",2003-08-16,Claudio Fäh,
County Fair (1950 film),Walter Mirisch,Monogram Pictures,1950-07-29,William Beaudine,
Crawlspace (1972 film),Robert Berger (producer),,1972-02-11,"John Newland, Buzz Kulik",
Crazy Fruit,,Nikkatsu,1981-04-24,Kichitaro Negishi,
Creature of the Walking Dead,Jerry Warren,Jerry Warren Productions Inc.,1965-06-15,Jerry Warren,
Crime Wave (1985 film),John Paizs,,1985-09-11,John Paizs,
Crime and Punishment (1917 film),,Arrow Film Corporation,1917-02-25,Lawrence B. McGill,
Crime and Punishment (1945 film),Lorens Marmstedt,Terrafilm,1945-10-16,Hampe Faustman,
Crossover (1980 film),"Henk Van der Kolk, Bill Marshall (producer)",,1980-09-05,John Guillermin,UK VHS cover with the film's alternative title: Crossover
Crossroads (1938 film),Eugène Tucherer,B.U.P. Française,1938-09-09,Curtis Bernhardt,
Cry Uncle!,,,1971-08-17,John G. Avildsen,Theatrical release poster
Cupid's Knockout,,Hercules Film Productions,1926-08-01,Bruce M. Mitchell,
DMT: The Spirit Molecule,,Spectral Alchemy; Synthetic Pictures,2012-05-03,http://dbpedia.org/resource/Mitch_Schultz,Film poster
Daag (1999 film),Raj Kanwar,,1999-02-12,Raj Kanwar,Movie Title
Daata,Sultan Ahmed (director),Sultaan Productions,1989-06-23,Sultan Ahmed (director),VCD cover
Dancing Man (film),,Pyramid Productions,1934-02-23,Albert Ray,
Dangerous Trails,Morris R. Schlank,Rocky Mountain Productions,1923-01-10,Alan James,
Daniel Boone (1936 film),"Leonard Goldstein, George Hirliman",,1936-10-16,David Howard (director),Film still
De Gulle Minnaar,Rob Houwer,,1990-07-06,http://dbpedia.org/resource/Mady_Saks,
De Trein van zes uur tien,Hans de Weers,,1999-05-05,http://dbpedia.org/resource/Frank_Ketelaar,
De bannelingen,,,1911-12-09,"Caroline van Dommelen, http://dbpedia.org/resource/Léon_Boedels",
Dead Man's Shoes (1940 film),Walter C. Mycroft,Associated British Picture Corporation,1940-05-05,Thomas Bentley,American release poster
Deadline (2001 film),http://dbpedia.org/resource/Maritha_Norstedt,,2001-10-24,Colin Nutley,
Deadline Auto Theft,H. B. Halicki,H.B. Halicki Mercantile Co.,1983-10-28,H. B. Halicki,Theatrical release poster
Deadly Blessing,,"PolyGram Filmed Entertainment, Inter Planetary",1981-08-14,Wes Craven,Theatrical release poster
Deadly Illusion,Bill Elliott,Pound Ridge Films,1987-10-16,Larry Cohen,
Death Carries a Cane,,"Balcázar Producciones Cinematográficas, Società Europea Films Internazionali Cinematografica",1973-01-05,Maurizio Pradeaux,Italian theatrical release poster
Death Drives Through,,Clifford Taylor Productions,1935-02-25,Edward L. Cahn,
Death in the Garden,http://dbpedia.org/resource/Óscar_Dancigers,"Films Dismage, Producciones Tepeyac",1956-09-21,Luis Buñuel,La mort en ce jardin Spanish poster
Deep Blues: A Musical Pilgrimage to the Crossroads,,,1992-04-01,Robert Mugge,
Deep Throat in Tokyo,,,1975-12-06,Kan Mukai,Theatrical poster for the Spanish-language release of Deep Throat in Tokyo
Defence of the Realm,,Enigma Productions,"1985-11-21, 1986-01-24",David Drury (director),Theatrical release poster
Dei svarte hestane (film),,,1951-09-24,"Hans Jacob Nilsen, http://dbpedia.org/resource/Sigval_Maartmann-Moe",
Delivering Milo,,Lakeshore Entertainment,2001-10-28,Nick Castle,
Der Ladenprinz,,http://dbpedia.org/resource/Deutsche_Film_Union,1928-08-21,Erich Schönfelder,
Derailed (2005 film),Lorenzo di Bonaventura,"Miramax, Di Bonaventura Pictures",2005-11-11,Mikael Håfström,Theatrical release poster
Derby (1926 film),Joe May,May-Film,1926-11-15,Max Reichmann,
Desert of Lost Men,Harry Keller,Republic Pictures,1951-11-19,Harry Keller,Theatrical release poster
Deuce High,,,1926-04-22,Richard Thorpe,
Devara Maga,,Sri Vinayaka Movies,2000-06-15,D. Rajendra Babu,
Devil on Horseback,John Grierson,Group 3 Films,1954-03-17,Cyril Frankel,
Devotion (1921 film),,Associated Producers,1921-07-24,http://dbpedia.org/resource/Burton_George,
Dharma Chakram,D. Ramanaidu,Suresh Productions,1996-01-13,Suresh Krissna,Theatrical release poster
Don't Fool with Me,Karl Spiehs,Wiener Stadthalle-Station Betriebs-und Produktionsgesellschaft,1963-01-15,Kurt Nachmann,
Don Camillo's Last Round,Angelo Rizzoli,Rizzoli Film,1955-09-30,Carmine Gallone,
Don Diego and Pelagia,,Mezhrabpomfilm,1928-02-24,Yakov Protazanov,
Donga Pelli,,"Sri Venkata 
Krishna Films",1988-02-05,Ravi Raja Pinisetty,
Dr. Jekyll and Mr. Hyde (1920 Paramount film),"Adolph Zukor, Jesse L. Lasky",Famous Players-Lasky/Artcraft Pictures,1920-03-28,John S. Robertson,Theatrical release poster
Dracula: Prince of Darkness,Anthony Nelson Keys,Hammer Film Productions,"1966-01-09, 1966-01-12",Terence Fisher,Theatrical release poster
Dravidan (film),Suresh Balaje,,1989-10-28,R. Krishnamoorthy,Official poster
Dunja (film),Herbert Gruber (producer),Sascha-Film,1955-12-22,Josef von Báky,
Dushmun,,Suchitra Productions,1971-04-09,Dulal Guha,Poster
Duty's Reward,William T. Lackey,W.T. Lackey Productions,1927-06-10,Bertram Bracken,
Désiré (1937 film),Serge Sandberg,Cineas,1937-12-03,Sacha Guitry,
Eager Lips,,Chadwick Pictures,1927-07-15,Wilfred Noy,
Eddy Polo in the Wasp's Nest,,Boston Film,1928-07-13,Léo Lasko,
"Edward, My Son",Edwin H. Knopf,MGM-British Studios,"1949-03-01, 1949-06-02",George Cukor,Original poster
Eid Mubarak (film),,F&Y Movies,1965-07-02,S. M. Yusuf,
Ek Duuje Ke Liye,L. V. Prasad,,1981-06-05,K. Balachander,Poster
Ek Nai Paheli,,P.S.R. Pictures,1984-06-29,K. Balachander,Promotional poster
Ekiben (film),,,1999-10-09,Shungo Kaji,
El Sur (film),Elías Querejeta,,"1983-05-19, 1988-01-15",Víctor Erice,
El bolero de Raquel,,Posa Films,1957-10-09,Miguel M. Delgado,
El pico,,Ópalo Films,1983-10-04,Eloy de la Iglesia,Theatrical release poster
Emmy (film),,http://dbpedia.org/resource/Mûvész_Film,1934-12-21,Steve Sekely,
Emperor's Ball,http://dbpedia.org/resource/Franz_Hoffmann,Neusser-Film,1956-09-10,Franz Antel,
En Thangai (1989 film),T. G. Thyagarajan,R. M. Veerappan,1989-06-16,A. Jagannathan,Poster
En stilla flirt,,,1934-01-29,Gustaf Molander,
Enai Noki Paayum Thota,"Gautham Vasudev Menon, Ishari K. Ganesh","Escape Artists Motion Pictures, Photon Kathaas, Ishari K. Ganesh, 20, Seed Studios",1929-11-19,Gautham Vasudev Menon,Theatrical release poster
Endangered Girls (1958 film),http://dbpedia.org/resource/Ernst_Müller_(producer),Rex-Film,1958-03-06,Wolfgang Glück,
Enemies of Children,,,1923-12-13,Lillian Ducey,Advertisement
Ente Veedu Appuvinteyum,Prem Prakash,,2003-04-11,Sibi Malayil,
Enter the Phoenix,"Willie Chan, Jackie Chan",,2004-04-08,Stephen Fung,
Episode (film),"Walter Reisch, http://dbpedia.org/resource/Viktoria-Film",,"1935-08-23, 1935-09-13",Walter Reisch,
Escuela de rateros,,,1958-05-09,Rogelio A. González,Film poster
Estranged (film),http://dbpedia.org/resource/D._J._Matrundola,,2006-09-01,http://dbpedia.org/resource/D._J._Matrundola,
Everybody's Woman (1924 film),Alexander Korda,,1924-01-09,Alexander Korda,
Exodus: A Journey to the Mountain of God,"Alon Bar, http://dbpedia.org/resource/Eitan_Bin_Noun",,1992-05-26,"Alon Bar, http://dbpedia.org/resource/Eitan_Bin_Noun",Prehistoric rock art possibly depicting the Tablets of the Law
Fate's Plaything,Maurits Binger,,1920-05-11,"Maurits Binger, B. E. Doxat-Pratt",
Female Fugitive (1975 film),,,1975-08-07,Kao Pao-shu,
Floretta and Patapon (1927 film),,Palermi Film,1927-10-06,Amleto Palermi,
Flying Padre,,,1951-03-23,Stanley Kubrick,Title card from Flying Padre
Force (film series),"Vipul Amrutlal Shah, John Abraham (actor)","Film City, Mumbai, J.A. Entertainment, Sunshine Pictures","2011-09-30, 2016-11-18, 2024-08-15","Abhinay Deo, Nishikanth Kamath",
Forgotten Women (1931 film),"M.H. Hoffman, Trem Carr",Trem Carr Pictures,1931-11-25,Richard Thorpe,
Foutaises,Claudie Ossard,,1989-01-01,Jean-Pierre Jeunet,Title card
Francis (film),Robert Arthur (film producer),Universal Pictures,1950-02-08,Arthur Lubin,Theatrical release half-sheet display poster
Freddy and the Melody of the Night,,Melodie Film,1960-04-28,Wolfgang Schleif,
Front Page Story,Jay Lewis,Jay Lewis Productions,1954-01-20,Gordon Parry (film director),British theatrical poster
Frozen Flashes,,DEFA,1967-04-14,http://dbpedia.org/resource/János_Veiczi,
Fugitive Lady (1950 film),M.J. Frankovich,,"1950-05-08, 1951-07-15","Sidney Salkow, Marino Girolami",
Fugitive at Large,,Larry Darmour Productions,1939-12-07,Lewis D. Collins,
Fugitive of the Plains,Sigmund Neufeld,,1943-04-01,Sam Newfield,Re-release film poster
Fully Flared,,,2007-11-16,Spike Jonze,
Fury of Johnny Kid,,,1967-03-02,Gianni Puccini,
Fuzz (film),Edward S. Feldman,"Filmways, Martin Ransohoff Productions",1972-05-24,Richard A. Colla,Theatrical release poster
G (2002 film),,Andrew Lauren Productions,"2002-05-10, 2005-10-28",Christopher Scott Cherot,Promotional poster
Gambler's Gold,,Australian Film Syndicate,1911-11-17,George Young (filmmaker),
Gang of Roses,Jean-Claude La Marre,,2003-10-10,Jean-Claude La Marre,
Ganga Ki Saugandh,Sultan Ahmed (director),,1978-02-10,Sultan Ahmed (director),Film poster
Gangvaa,Dwarakish,,1984-09-14,Rajasekhar (director),Poster
GaraSh,Andrei Kureichik,,2015-11-07,Andrei Kureichik,"Alexandr Kullinkovich posing behind the scenes of «GaraSh» movie in Minsk, Belarus"
Genius (2018 Tamil film),,Sudesiwood Films Private Limited,2018-10-26,Suseenthiran,Poster
German Women - German Faithfulness,Liddy Hegewald,Hegewald Film,1927-02-02,Wolfgang Neff,
Ghostwatch,,Lawman Productions,1992-10-31,http://dbpedia.org/resource/Lesley_Manning,"Announcement poster. Artwork by Arfon Jones, The BFI DVD release cover"
Gie,Mira Lesmana,,2005-07-14,Riri Riza,Theatrical poster for Gie
Girlfriend (2004 film),Pammi Baweja,Baweja Movies,2004-06-11,Karan Razdan,Film poster
Girls Town (1996 film),,,"1996-01-20, 1996-08-21",Jim McKay (director),Theatrical release poster
Girls Will Be Boys,Walter C. Mycroft,British International Pictures,1934-09-17,Marcel Varnel,
Girls in Prison (1994 film),"David Giler, Debra Hill, Lou Arkoff, http://dbpedia.org/resource/Amy_Grauman_Danziger, http://dbpedia.org/resource/Llewellyn_Wells, http://dbpedia.org/resource/Willie_Kutner, http://dbpedia.org/resource/Amanda_DiGiulio",,1994-08-19,John McNaughton,
"Go There, Don't Know Where",,,1966-01-01,"Vladimir Danilevich, Ivan Ivanov-Vano",
God's Country (1985 film),,,1985-11-27,Louis Malle,
God and Gun,,K.B. Productions Pvt. Ltd.,1995-04-27,Esmayeel Shroff,
Gold (1974 film),Michael Klinger (producer),http://dbpedia.org/resource/Hemdale_Film_Distribution_Ltd.,1974-09-05,Peter R. Hunt,"Paperback edition, Theatrical release poster by Tom Jung"
Golddigger (film),,,1914-03-23,Michael Curtiz,
Goodbye (2011 film),Mohammad Rasoulof,,2011-09-07,Mohammad Rasoulof,film poster
Gorgo (film),,King Brothers Productions,"1961-03-29, 1961-10-27",Eugène Lourié,"Theatrical release poster, Cover to issue #4 of Gorgo published by Charlton Comics, art by Steve Ditko"
Gorilla My Dreams,Edward Selzer,,1948-01-03,Robert McKimson,Lobby card
Grandma's Pet,Walter Lantz,Walter Lantz Productions,1932-01-18,"Bill Nolan (animator), Walter Lantz",
Graziella (1926 film),,Les Films Marcel Vandal et Charles Delac,1926-07-23,Marcel Vandal,
Half-Caste (film),"http://dbpedia.org/resource/Kim_Te_Roller, http://dbpedia.org/resource/Sebastian_Apodaca",,2004-08-03,http://dbpedia.org/resource/Sebastian_Apodaca,DVD cover
Hallig Hooge,,Solar-Film,1923-01-17,Carl Froelich,
Hamilton (2006 film),,The Hamilton Film Group,2006-04-02,Matthew Porterfield,
Hamlet (2009 film),,,2009-12-26,Gregory Doran,DVD cover
His Brother's Keeper (1921 film),,American Cinema Corporation,1921-02-14,Wilfrid North,
Hitogui Ama,,,1958-07-27,Yoshiki Onoda,
Hong Kong Nights (film),,Walter Futter Productions,1935-12-24,E. Mason Hopper,
Hoof Marks,,Fred J. McConnell Productions,1927-11-13,Tenny Wright,
Hopalong Cassidy Returns,Harry Sherman,,1936-10-16,Nate Watt,Theatrical release poster
Hope Ranch (film),"Ben Moses, C. Thomas Howell",,2002-09-02,Rex Piano,DVD cover
Horizon (1932 film),,Mezhrabpomfilm,1932-11-10,Lev Kuleshov,
Hot Car Girl,Gene Corman,,1958-08-17,Bernard L. Kowalski,Double bill poster with The Cry Baby Killer
Hotel Adlon (film),Artur Brauner,Central Cinema Company,1955-09-01,Josef von Báky,
How I Got into College,Michael Shamberg,20,1989-05-19,Savage Steve Holland,Theatrical release poster
How to Play Football,Walt Disney,Walt Disney Animation Studios,1944-09-15,Jack Kinney,
How to Succeed in Love,http://dbpedia.org/resource/Julien_Rivière,"Produzioni Cinematografiche Mediterranee, Francos Films, France Cinéma Productions",1962-11-16,Michel Boisrond,
Howling IV: The Original Nightmare,,Allied Vision,1988-07-03,John Hough (director),DVD release cover
Huckleberry Finn (1975 film),,,1975-03-25,Robert Totten,
Hum Se Hai Zamana,Deepak Bahry,,1983-09-23,Deepak Bahry,Promotional poster
Hungarian Nights,,Aafa-Film,1929-09-06,Victor Janson,
In the Last Stride,,Double A Productions,"1915-11-22, 1916-05-01",Martyn Keith,
In the Wake of the Bounty,Charles Chauvel (filmmaker),Expeditionary Films,1933-03-15,Charles Chauvel (filmmaker),
Infidelity (1917 film),,,1917-01-11,Ashley Miller (director),
Io e mia sorella,"Vittorio Cecchi Gori, Mario Cecchi Gori",Cecchi Gori Group,1987-12-19,Carlo Verdone,
It Happened in Hollywood,"Myles Connolly, William Perlberg",Columbia Pictures,1937-09-07,Harry Lachman,
It Happened in Honolulu,,Universal Pictures,1916-06-26,Lynn Reynolds,
It Happened in Mexico,Ramón Pereda,Pereda Films,1958-08-15,Ramón Pereda,
Italian Secret Service,Angelo Rizzoli,,1968-02-05,Luigi Comencini,
Izzat (2005 film),John M. Jacobsen,Filmkameratene AS,"2005-10-07, 2006-02-03",Ulrik Imtiaz Rolfsen,Norwegian theatrical release poster
Izzatdaar,Sudhakar Bokade,Divya Films International,1990-03-16,K. Bapaiah,Theatrical release poster
Jahan Tum Wahan Hum,,,1968-11-01,Pervaiz Malik,
Jasamine Freckel's Love Affair,P. J. Ramster,,1921-04-14,P. J. Ramster,
Johnny Tremain (film),Walt Disney,Walt Disney Pictures,1957-06-19,Robert Stevenson (director),Theatrical release poster
Josselyn's Wife (1926 film),Tiffany Productions,,1926-11-15,Richard Thorpe,
Journey into Fear (1975 film),http://dbpedia.org/resource/L._John_Creery,http://dbpedia.org/resource/New_World_Productions,1975-08-08,Daniel Mann,Theatrical release poster
Joy Street,,Fox Film Corporation,1929-05-12,Raymond Cannon (actor),
Judaai (1980 film),,Prasad Art Pictures,1980-08-01,T. Rama Rao,Theatrical  release poster
Jump for Glory,"Douglas Fairbanks Jr., Marcel Hellman",Criterion Films,1937-03-05,Raoul Walsh,Italian poster
Kidnapped (1938 film),Kenneth Macgowan,20,1938-05-27,"Alfred L. Werker, Otto Preminger",1938
Kidnapped (1995 film),,Ardmore Studios Dublin,1995-11-05,Ivan Passer,Film Poster
King Neptune (film),Walt Disney,Walt Disney Animation Studios,1932-09-10,Burt Gillett,Film poster
Koenigsmark (1923 film),,Films Radia,1923-11-16,Léonce Perret,Huguette Duflos in a scene from the film.
Koenigsmark (1953 film),http://dbpedia.org/resource/Jean-Pierre_Frogerais,"Excelsa Film, Productions Sigma",1953-04-04,Solange Térac,
Krazy's Waterloo,Charles Mintz,The Charles Mintz Studio,1934-11-16,Manny Gould,
Krishna Garadi,,Srinivasa Productions,1986-01-03,Vijaya Bapineedu,
Kungliga patrasket,"Lorens Marmstedt, http://dbpedia.org/resource/Terrafilm",,1945-01-19,Hasse Ekman,
Kuttravali,K. Balaji,Sujatha Cine Arts,1989-01-26,L. Raja,
L'Amour fou (film),Georges de Beauregard,,1969-01-15,Jacques Rivette,
La Balance,Alexandre Mnouchkine,"Les Films Ariane, Films A2",1982-11-10,Bob Swaim,
La Femme Anjola,,,2021-03-19,Mildred Okwo,
La Vie miraculeuse de Thérèse Martin,"Charles Delac, Marcel Vandal",,1929-11-08,Julien Duvivier,
La dulce enemiga,Óscar J. Brooks,,1957-05-02,Tito Davison,Mexican theatrical release poster
La morte cammina con i tacchi alti,Luciano Ercoli,"Atlántida Films, Cinecompany","1971-11-19, 1972-04-02",Luciano Ercoli,Italian film poster
Les Compagnes de la nuit,,,1953-07-12,Ralph Habib,
Les Tortillards,,,1960-12-30,Jean Bastia,
Less Than Kind,,,2008-10-13,"Bruce McDonald (director), James Dunnison, Kelly Makin, Henry Sarwer-Foner, Mark McKinney, Shawn Alex Thompson",Title design by Cuppa Coffee Studios
"Let's Be Daring, Madame","Jean Hébey, http://dbpedia.org/resource/Raymond_Horvilleur",Films Hergi,1957-06-07,Robert Vernay,
Let's Get Married (1931 film),,Les Films Paramount,1931-03-06,Louis Mercanton,
Letting in the Sunshine,John Maxwell (producer),British International Pictures,1933-07-10,Lupino Lane,
Liberia: An Uncivil War,Jonathan Stack,Gabriel Films,2004-08-07,"Jonathan Stack, James Martin Brabazon",
Libido (1973 film),Christopher Muir,Producers' & Directors' Guild of Australia,1973-04-06,"Fred Schepisi, Tim Burstall, http://dbpedia.org/resource/David_Baker_(Australian_filmmaker)",
Liefdesoffer,,,1916-06-23,Maurits Binger,
Lies and Lullabies,Susan Dey,,1993-03-14,Rod Hardy,DVD cover
Life's Shadows (1916 American film),,Columbia Pictures,1916-10-09,William Nigh,
Life Begins in College,,,1937-10-01,William A. Seiter,
Life Starts Now (film),,Svensk Filmindustri,1948-08-16,Gustaf Molander,
Life Together (film),"Gilbert Bokanowski, Clément Duhour","Cocinor, C.L.M.",1958-09-24,Clément Duhour,
Life at Forsbyholm Manor,,Kungsfilm,1948-01-19,"Elof Ahrle, Arne Mattsson",
Life in Shadows,,Castilla Films,1949-04-06,http://dbpedia.org/resource/Lorenzo_Llobet_Gracia,
Lightning Romance,W. Ray Johnston,Harry J. Brown Productions,1924-11-15,Albert S. Rogell,
Lights on the River,,Gorky Film Studio,1954-03-05,Viktor Eisymont,
Like Wildfire,,Universal Pictures,1917-05-21,Stuart Paton,
Limehouse Blues (film),Arthur Hornblow Jr.,Paramount Pictures,1934-12-11,Alexander Hall,
Limit Up,Jonathan D. Krane,,1989-11-03,Richard Martini (director),German VHS artwork
Lissy (film),,DEFA (film studio),1957-05-30,Konrad Wolf,
Little Cop,Eric Tsang,Children's Town,1989-09-21,Eric Tsang,Film poster
Little Women (1949 film),Mervyn LeRoy,Metro-Goldwyn-Mayer,1949-03-10,Mervyn LeRoy,Australian Theatrical Poster
Live Freaky! Die Freaky!,Tim Armstrong,"Hellcat Records, You've Got Bad Taste Productions",2006-01-17,John Roecker,The DVD cover for the unrated version of Live Freaky! Die Freaky!
Look at Me (2022 film),Rob Stone (entrepreneur),The Fader,2022-05-26,Sabaah Folayan,Official release poster
Looney Tunes Golden Collection: Volume 5,"David H. DePatie, Leon Schlesinger, John W. Burton (film producer), Eddie Selzer",,2007-10-30,"Robert McKimson, Chuck Jones, Frank Tashlin, Friz Freleng, Hawley Pratt, Jack King (animator), Tex Avery, Robert Clampett, Tom Palmer (animator)",DVD cover
Looney Tunes Showcase: Volume 1,"Leon Schlesinger, Eddie Selzer",,2012-01-10,"Robert McKimson, Bob Clampett, Chuck Jones, Friz Freleng, Arthur Davis (animator)",Blu-ray-cover
Lord Arthur Savile's Crime (film),,http://dbpedia.org/resource/Phõnix_Film,1920-07-31,Pál Fejös,
Lost Empires,,Granada Television,1986-10-24,http://dbpedia.org/resource/Alan_Grint,
Love's Harvest,William Fox (producer),Fox Film,1920-06-05,Howard M. Mitchell,
Love Is a Racket,,,1932-06-10,William A. Wellman,
"Love Me, Alfredo!",,Grandi Film,1940-09-29,Carmine Gallone,
Love and Thieves,,Henny Porten-Froelich-Produktion,1928-03-08,Carl Froelich,Anton Pointner and Henny Porten
Love for Share,,"Kalyana Shira Films, WallWorks",2006-03-23,Nia Dinata,Poster
Love in a Hurry,,World Film,1919-01-13,Dell Henderson,
Lovers and Luggers,Ken G. Hall,Cinesound Productions,1937-12-31,Ken G. Hall,Flyer for theatrical release
Légère et court vêtue,,,1953-11-06,Jean Laviron,
Macbeth (1981 film),,,1981-12-06,Kirk Browning,
Maciste and the Silver King's Daughter,http://dbpedia.org/resource/Jakob_Karol,Jakob Karol Film,1922-07-28,http://dbpedia.org/resource/Luigi_Romano_Borgnetto,
"Mademoiselle Josette, My Woman (1926 film)",,,1926-09-09,Gaston Ravel,
Madness (1919 film),Conrad Veidt,Veidtfilme,1919-10-15,Conrad Veidt,
Madness for Love,"José María Pemán, http://dbpedia.org/resource/Carlos_Blanco_Hernández, http://dbpedia.org/resource/Alfredo_Echegaray",CIFESA,"1948-10-08, 1950-10-26",Juan de Orduña,Screenshot from film
Madonna of the Sleeping Cars (1955 film),Henri Diamant-Berger,Le Film d'Art,1955-06-21,Henri Diamant-Berger,
Magician Mickey,Walt Disney,Walt Disney Productions,1937-02-06,David Hand (director),Original theatrical poster
Magoo's Puddle Jumper,Stephen Bosustow,United Productions of America,1956-07-26,Pete Burness,
Main Intaquam Loonga,,Prasad Art Productions,1982-05-21,T. Rama Rao,Poster
Makalkku,,,2005-03-11,Jayaraj,
Malay Nights,"George W. Weeks, Ralph M. Like",Action Pictures,1932-11-04,E. Mason Hopper,
Man's Castle,,,1933-10-27,Frank Borzage,Movie poster
Man Pasand,Amit Khanna,,1980-07-11,Basu Chatterjee,Poster
Marie-Martine,François Chavane,Éclair-Journal,1943-05-11,Albert Valentin,
Married and in Love,Robert Sisk,RKO,1940-01-19,John Farrow,
Marvellous,,,2014-09-25,Julian Farino,Marvellous DVD cover
Mary and Rhoda,,,2000-02-07,Barnet Kellman,
Massacre at Marble City,Wolf C. Hartwig,", Constantin Film, Société Nouvelle de Cinématographie, Rapid Film, Metheus Film",1964-11-20,Paul Martin (director),
Massacre in Rome,Carlo Ponti,,1973-10-04,George P. Cosmatos,UK DVD Cover
Matador (Danish TV series),,,1978-11-11,Erik Balling,
May Events,,,1951-06-01,"Martin Frič, http://dbpedia.org/resource/Václav_Berdych",
Me and the Kid,Lynn Loring,,1993-10-22,Dan Curtis,Theatrical release poster
Meaghamann,Nemichand Jhabak,Nemichand Jhabak,2014-12-25,Magizh Thirumeni,"Theatrical release poster, Album Cover"
Meendum Vazhven,,Rani Productions,1971-04-23,T. N. Balu,Poster
Melody of a Great City,Heinrich Jonen,Berlin-Film,1943-10-04,Wolfgang Liebeneiner,
Mickey's Gala Premier,Walt Disney,Walt Disney Animation Studios,1933-07-01,Burt Gillett,
Milan (1946 film),,The Bombay Talkies Ltd.,1946-08-09,Nitin Bose,
Miraculous Journey,Sigmund Neufeld,Columbia Pictures,1948-09-01,Sam Newfield,DVD cover art
Miss Rose White,"http://dbpedia.org/resource/Anne_Hopkins, http://dbpedia.org/resource/Carl_Clifford",,1992-04-26,Joseph Sargent,
Miss Venus,,Noto-Film,1921-09-16,Ludwig Czerny,
Missing Pieces (2000 film),Andrew Gottlieb,,2000-02-06,Carl Schenkel,
Mole's Christmas,http://dbpedia.org/resource/Martin_Gates,,1994-12-25,http://dbpedia.org/resource/Martin_Gates,The VHS cover
Monsieur (1964 film),,,1964-04-22,Jean-Paul Le Chanois,Mireille Darc and Jean Gabin
Monsieur Brotonneau,,Films Marcel Pagnol,1939-08-04,Alexander Esway,
Monsieur Lecoq (1914 film),,Société Française des Films Éclair,1914-05-15,Maurice Tourneur,
Monsieur Vincent,http://dbpedia.org/resource/Viscount_George_de_la_Grandiere,,1947-11-05,Maurice Cloche,Cover of the Timeless Multimedia VHS edition
Mooi Juultje van Volendam,,,1924-10-10,Alex Benno,
Moon Over Her Shoulder,Walter Morosco,,1941-10-24,Alfred L. Werker,
Moonlight and Pretzels,Stanley Bergerman,,1933-08-01,Karl Freund,
Mother Wore Tights,Lamar Trotti,,1947-08-20,Walter Lang,Theatrical poster
Muhteşem Yüzyıl,,,2011-01-05,The Taylan Brothers,
Mumtaz Mahal (film),,,1944-10-16,Kidar Nath Sharma,
Munro (film),William L. Snyder,"Rembrandt Films, Film Representations",1961-10-05,Gene Deitch,
Mutiny (1917 film),,Universal Pictures,1917-03-12,Lynn Reynolds,
My Aunt from Honfleur (1931 film),,,1932-03-11,André Gillois,
My Beloved Juan,,Emisora Films,1950-02-13,Jerónimo Mihura,
My Big Gay Italian Wedding (film),,"Rainbow S.p.A., Colorado Film",2018-03-01,Alessandro Genovesi,Film poster
My Cousin the Pirate,,,2010-11-05,http://dbpedia.org/resource/Christian_Sønderby_Jepsen,
My Daughter Patricia,,ÖFA-Schönbrunn Film,1959-05-22,Wolfgang Liebeneiner,
"My Enemy, My Brother",Ann Shin,Fathom Film Group,2015-04-17,Ann Shin,
My Family's Beautiful!,Palito Ortega,,1980-07-17,Palito Ortega,
My Father and I,"http://dbpedia.org/resource/Dong_Ping_(producer), http://dbpedia.org/resource/Hu_Xiaofeng","Beijing Dahuayi Film and Culture Co Ltd, Beijing Yinian Cultural Development Co Ltd",2003-02-24,Xu Jinglei,My Father and I film poster
My First Wife,Paul Cox (director),,1984-09-13,Paul Cox (director),Promotional poster
My Human Time,,,2014-09-05,http://dbpedia.org/resource/Marc_Sallent,
"My Husband, the Economic Miracle",Georg Richter,Deutsche Film Hansa,1961-01-26,Ulrich Erfurth,
My Last Tango,,,1960-08-29,Luis César Amadori,
My Name Is Puck,Arthur Spjuth,Bauman-Produktion,1951-03-05,Schamyl Bauman,
My Name Is Tanino,"Vittorio Cecchi Gori, http://dbpedia.org/resource/Giovanni_Lovatelli","Cecchi Gori Group, Whizbang Films Inc.",2002-07-05,Paolo Virzì,
My Uncle Benjamin (1924 film),,Pathé Consortium Cinéma,1924-01-11,René Leprince,
Mysterious Island (1961 film),Charles H. Schneer,Ameran Films,1961-12-20,Cy Endfield,Theatrical release poster
NTSF:SD:SUV::,,,2011-07-22,Eric Appel,
Nammoora Mandara Hoove,,Chinni Films,1996-08-05,Sunil Kumar Desai,"Promotional poster, Soundtrack cover"
Nancherrow,David Cunliffe (producer and director),,1999-04-04,Simon Langton (television director),
Napoleon Road,Joseph Bercholz,Les Films Gibé,1953-10-14,Jean Delannoy,Belgian poster
Nathalie (film),"Alain Poiré, http://dbpedia.org/resource/Roger_de_Broin, http://dbpedia.org/resource/Roger_Ribadeau-Dumas","Gaumont, Electra Compagnia Cinematografica, France International Films",1957-12-04,Christian-Jaque,
New (film),S. J. Surya,S. J. Suryah,2004-07-09,S. J. Surya,Promotional poster
Night Round,http://dbpedia.org/resource/Raymond_Artus,Compagnie Générale Cinématographique,1949-09-09,François Campaux,
Night of the Zombies,,,1981-06-01,Joel M. Reed,VHS Tape Cover Art
Nightlight (2003 film),,,2003-02-20,Louis Bélanger,DVD cover of Nightlight
Nine Days in One Year,http://dbpedia.org/resource/Cinematography_Ministry_of_the_USSR,,1962-03-05,Mikhail Romm,
North West Frontier (film),Marcel Hellman,Rank Organisation Film Productions,1959-10-07,J. Lee Thompson,Film poster
Northfork,"Mark Polish, Michael Polish",,2003-07-11,Michael Polish,
Northwest Territory (film),"William F. Broidy, Lindsley Parsons",Monogram Pictures,1951-12-09,Frank McDonald (director),
Not for Publication (1927 film),Ralph Ince,Ralph Ince Productions,1927-08-31,Ralph Ince,
"Not with My Wife, You Don't!",Norman Panama,"Reynard Productions, Fernwood Productions",1966-11-02,Norman Panama,Theatrical release poster
Nous aurons toute la mort pour dormir,,,1977-03-23,Med Hondo,
Now and Forever (1956 film),Mario Zampi,Mario Zampi Productions,1956-02-21,Mario Zampi,
Number 111 (1938 film),http://dbpedia.org/resource/Richárd_Horovitz,http://dbpedia.org/resource/Mûvész_Film,1938-04-01,Steve Sekely,
O Trem da Morte,,Hélios Filme,1924-12-05,http://dbpedia.org/resource/José_del_Picchia,
On Our Selection (1920 film),E. J. Carroll,E.J Carroll,1920-07-24,Raymond Longford,
One on Top of the Other,Edmondo Amati,"Les Productions Jacques Roitfeld, Trébol Films C.C., Empire Films",1969-08-15,Lucio Fulci,Italian film poster
Only a Waiter,,Fribergs Filmbyrå,1959-09-28,Alf Kjellin,
Operation Atlantis (film),http://dbpedia.org/resource/Ferdinand_Felicioni,,1965-10-22,Domenico Paolella,Original film poster
Operation Bullshine,,Associated British Picture Corporation,1959-06-30,Gilbert Gunn,Original film poster
Operation Mad Ball,Jed Harris,,1957-08-17,Richard Quine,Film poster
Out of the Rain,,,1991-05-23,Gary Winick,
Out of the Shadow (1919 film),"Adolph Zukor, Jesse Lasky",,1919-01-05,Emile Chautard,
Outback Patrol,Stanley Hawes,Film Australia,1952-10-09,Lee Robinson (Australian director),
Pammal K. Sambandam,"Sujatha (writer), P. L. Thenappan",Media Dreams,2002-01-14,T. S. B. K. Moulee,
Paradise Valley (film),"James P. Hogan (director), William M. Pizor",Imperial Productions,1934-01-27,James P. Hogan (director),
Paris Trout,,,1991-04-20,Stephen Gyllenhaal,
Parliament Jokes,,,2002-02-23,Ranjan Ramanayake,
Paroled from the Big House,J.D. Kendis,Jay-Dee-Kay Productions,1938-07-29,Elmer Clifton,
"Part 2, Sounder",Robert B. Radnitz,Radnitz/Mattel Productions,1976-10-13,William Graham (director),
Parthiban Kanavu (2003 film),T. G. Thyagarajan,Sathya Jyothi Films,2003-05-16,Karu Pazhaniappan,
Pathfinder (1987 film),John M. Jacobsen,,1987-09-03,Nils Gaup,International poster
Pathirakalam,,,2018-02-23,Priyanandanan,
Pattathu Arasan,Allirajah Subaskaran,Lyca Productions,2022-11-25,A. Sarkunam,Poster
Patton Oswalt: Tragedy Plus Comedy Equals Time,"Patton Oswalt, John Irwin (producer)",,2014-04-06,Bobcat Goldthwait,Epix HD poster
Payal (film),Joseph Thaliath Jr.,Madras Talkies,1957-07-05,Joseph Thaliath Jr.,Poster
Peaceful Peters,,http://dbpedia.org/resource/Ben_Wilson_Productions,1922-10-15,Louis King,
Pelusa,,M.D. Producciones Cinematográficas,1960-12-23,Javier Setó,
Penance (2018 film),Tommy Collins (filmmaker),,2018-05-01,Tommy Collins (filmmaker),DVD cover
Pepo (film),,Armenfilm,1935-10-09,Hamo Beknazarian,"USSR  movie ""Pepo""  title."
Pergolesi (film),Baldassarre Negroni,Società Italiana Cines,1932-09-29,Guido Brignone,
Phobia 2,"http://dbpedia.org/resource/Bussaba_Daoreung, http://dbpedia.org/resource/Paiboon_Dumrongchaitum",Jorkwang Films,2009-09-09,"Banjong Pisanthanakun, Parkpoom Wongpoom, Songyos Sugmakanan, http://dbpedia.org/resource/Visute_Poolvoralaks, http://dbpedia.org/resource/Paween_Purijitpanya",
Pippi Goes on Board (film),"Olle Nordemar, http://dbpedia.org/resource/Ernst_Liesenhoff",,"1969-10-31, 1973-02-10",Olle Hellbom,The DVD cover
Pippi in the South Seas (film),Olle Nordemar,"Svensk Filmindustri, Nord Art AB, Beta Film, Iduna Film Produktiongesellschaft","1970-01-24, 1975-09-01",Olle Hellbom,DVD cover
Porky's Last Stand,Leon Schlesinger,Warner Bros. Cartoons,1940-01-06,Bob Clampett,
Portrait of a Mobster,,Warner Bros.,1961-04-19,Joseph Pevney,
Prelude to Madness,Carlo Ponti,Lux Film,1948-01-10,Gianni Franciolini,
Preparation for the Festival,,,1975-11-08,Kuroki Kazuo,Poster for Preparation for the Festival.
President McKinley Inauguration Footage,Edison Manufacturing Company,,1901-03-16,Thomas Edison,
Prey (2009 film),,,2009-05-05,George T. Miller,Official Australian Poster
Prince of Tempters,Robert Kane (film producer),Robert Kane Productions,1926-10-17,Lothar Mendes,
Princess Suwarin,Erich Pommer,Decla-Bioscop,1923-04-12,Johannes Guter,
Privates on Parade (film),,"HandMade Films, Orion Classics",1983-03-18,Michael Blakemore,
Priyo Bandhabi,,M. S. Productions,1975-10-03,Hiren Nag,
Production of Harry Potter and the Deathly Hallows,"David Barron (film producer), David Heyman, J. K. Rowling",", Warner Bros. Pictures, Heyday Films","2010-11-19, 2011-07-15",David Yates,Two-part theatrical poster
Proezas de Satanás na Vila de Leva e Tráz,,J. B. Produções Cinematográficas,1967-12-14,http://dbpedia.org/resource/Paulo_Gil_Soares,
Profesor Wilczur,,,1938-10-18,Michał Waszyński,
Proxy Husband,,,1919-02-18,William Garwood,
Psychedelica Blues,Bente Erichsen,,1969-10-16,Nils Reinhardt Christensen,
Purano Dunga,,"Cinema Art Production,Maotse Gurung Films",2016-11-25,Ram Babu Gurung,
Puttintiki Ra Chelli,,MEGA HIT FILMS,2004-04-14,Kodi Ramakrishna,
Pyar Ka Karz,Sushma Shiromani,,1990-03-02,K. Bapayya,DVD cover
Pyar Ki Kahani,Doondi,,1971-04-30,Ravikant Nagaich,
Quacker Tracker,Herbert Klynn,Format Films,1967-04-29,Rudy Larriva,Title card for Quacker Tracker
Quartet (1981 film),Ismail Merchant,,1981-05-17,James Ivory,Theatrical release poster
Queen of the Arena,,Corona Film,1952-12-19,Rolf Meyer,
Queen of the Streets,http://dbpedia.org/resource/Traute_Trauneck,,1921-02-04,http://dbpedia.org/resource/Ernst_Mölter,
Québec-Montréal,,Go Films,2002-08-02,Ricardo Trogi,
Racing Blood (1926 film),"Samuel Sax, Renaud Hoffman",Gotham Pictures,1926-08-13,Frank Richardson (director),French poster
Raggen,,Europafilm,1936-02-27,Schamyl Bauman,
Reality Show (film),Colin Trevorrow,The Gravity Collaborative,2004-11-21,Colin Trevorrow,
Regine (1956 film),,Neue Deutsche Filmgesellschaft,1956-02-23,Harald Braun,
Replacing Dad,,,1999-03-14,Joyce Chopra,
Retreat Through the Wet Wasteland,,,1973-06-23,http://dbpedia.org/resource/Yukihiro_Sawada,Theatrical poster for Retreat Through the Wet Wasteland
Revenge of the Pirates,,,1951-10-18,Primo Zeglio,
Ricky Rapper (film),,http://dbpedia.org/resource/Kinotar,2008-02-15,Mari Rantasila,Theatrical release poster
Riley of the Rainbow Division,Morris R. Schlank,Crescent Pictures,1928-07-15,Bobby Ray (actor),
Rise and Shine (film),Mark Hellinger,Twentieth Century Fox,1941-11-21,Allan Dwan,
Robot Chicken: Star Wars,,,2007-06-17,Seth Green,DVD cover
Rocambole (1948 film),André Paulvé,,1948-02-18,Jacques de Baroncelli,
Rocket of China (TV series),,,2016-02-01,http://dbpedia.org/resource/Zh-tw:英达,
Rome Express (1950 film),,,1950-01-18,Christian Stengel,
Rope and Skin,,,1979-07-21,Shōgorō Nishimura,Theatrical poster for Rope and Skin
Rose Petal Place,David Kirschner,,1984-09-14,Charles August Nichols,
Roselyne et les lions,,,1989-04-12,Jean-Jacques Beineix,
Sacco & Vanzetti (1971 film),"Giorgio Papi, Arrigo Colombo","Jolly Film, Unidis, Theatre Le Rex S.A.",1971-03-16,Giuliano Montaldo,Italian film poster
Saloon Bar,Michael Balcon,Ealing Studios,1940-11-02,Walter Forde,
Sameera (film),K. K. Mahajan,,1981-01-02,Vinay Shukla,DVD Cover
Sands of the Desert,,Associated British Picture Corporation,1960-09-08,John Paddy Carstairs,Original UK quad poster
Santhwanam,,,1991-11-19,Sibi Malayil,
Satan Tempts with Love,Wolf C. Hartwig,Rapid Film,1960-03-31,Rudolf Jugert,
Sau Crore,Dev Anand,,1991-12-20,Dev Anand,Promotional poster
Savage Africa,,,1950-04-17,Jacques Dupont (director),
Save the Last Dance for Me (TV series),,,2004-10-23,Lee Sung Yol,Promotional poster
Scandal at the Embassy,Richard Eichberg,Eichberg-Film,1950-12-08,Erik Ode,
School Master (1959 film),B. R. Panthulu,A. L. S. Productions,1959-08-07,B. R. Panthulu,Poster
School Wars: Hero,,,2004-09-18,Ikuo Sekimoto,
Shogun and Little Kitchen,,Hoventin Films,1992-03-19,Ronny Yu,Film poster
Shotguns That Kick,Mack Sennett,,1914-12-03,Roscoe Arbuckle,
Silence in the Forest (1976 film),Horst Hächler,Terra Film,1976-10-13,Alfred Vohrer,
Silver Bells (film),Andrew Gottlieb,,2005-11-27,Dick Lowry,Film poster
Siri Parakum,,Cine Films,2013-04-30,Somaratne Dissanayake,
Sky High (1951 film),Sigmund Neufeld,,1951-10-19,Sam Newfield,
Skyrunners,,,2009-11-27,Ralph Hemecker,Film poster
Slap the Monster on Page One,,,1972-10-19,Marco Bellocchio,
Sleeping Man (film),"http://dbpedia.org/resource/Hiroshi_Fujikura, http://dbpedia.org/resource/Kiyoshi_Kenmochi",,1996-02-03,Kōhei Oguri,
Snoops (1989 TV series),,,1989-09-22,"Roy Campanella II, Peter Crane (director), Gilbert Moses, Burt Kennedy, Ray Austin (director), Helaine Head, Ivan Dixon, James Fargo, Sam Weisman",
So Big (1924 film),,,1924-12-28,Charles Brabin,Film poster
Speak to Me of Love (1935 film),Jacques Roitfeld,Flores Film,1935-10-04,René Guissart (director),
Spring Song (1944 film),"http://dbpedia.org/resource/Teddy_Vilem_Brož, http://dbpedia.org/resource/Oldřich_Papež",http://dbpedia.org/resource/Lucernafilm,1944-11-17,Rudolf Hrušínský,
Squatters (film),,,2014-05-13,Martin Weisz,
Sri Krishna Leela (1977 film),,"Saradha – Vasu Studios, Venus – Vahini Studios",1977-10-26,A. P. Nagarajan,DVD cover
Stage Struck (1936 film),"Robert Lord (screenwriter), Hal B. Wallis",Warner Brothers,1936-09-12,Busby Berkeley,
Stalingrad (1943 film),,,1943-05-14,http://dbpedia.org/resource/Leonid_Varlamov,
Star Wars sequel trilogy,"Bryan Burk, Kathleen Kennedy (producer), Michelle Rejwan, Ram Bergman",,"2015-12-18, 2017-12-15, 2019-12-20","Rian Johnson, J. J. Abrams",The Star Wars sequel trilogy logos
Starlift,Robert Arthur (film producer),Warner Bros.,1951-12-14,Roy Del Ruth,Theatrical release poster
Stars of Eger (1968 film),,Mafilm,1968-12-19,Zoltán Várkonyi,
Stateline Motel,,,1973-09-14,Maurizio Lucidi,
Stealing Time,Michel Shane,,2001-06-15,Marc Fusco,
Stepping Toes,,,1938-09-12,John Baxter (director),
Stick (film),"Jennings Lang, Robert Daley (filmmaker)",,1985-04-26,Burt Reynolds,Theatrical release poster
Stolen Life (1939 film),,Orion Productions,1939-01-18,Paul Czinner,French release poster
Stone Cold (1991 film),,"Producers Sales Organization, Stone Group Pictures",1991-05-17,Craig R. Baxley,Theatrical release poster
Stopover in Orly,"Jean Dréville, Ray Ventura","Corona Filmproduktion, Hoche Productions, Marina Films",1955-03-04,Jean Dréville,
Storm Tide (film),,Münchner Lichtspielkunst,1927-09-29,Willy Reiber,
Straight Through,,Universal Pictures,1925-04-05,Arthur Rosson,
Strange Adventures of Mr. Smith,,George Smith Productions,1937-10-11,Maclean Rogers,
Strange Suzy,,Badalo Films,1941-08-29,Pierre-Jean Ducis,
Stranglehold (1963 film),,Argo Film Productions,1963-02-24,Lawrence Huntington,
Street Without a Name,,Pellegrin,1934-02-02,Pierre Chenal,
Strike (2006 film),Jürgen Haase,,"2006-09-11, 2007-02-19, 2007-02-23",Volker Schlöndorff,
Studio illegale,,,2013-02-06,Umberto Carteni,
Sujon Sokhi,,,1975-10-11,Khan Ataur Rahman,
Sunshine (1948 film),,Sveafilm,1948-11-27,Gösta Werner,
Svengali (1927 film),Max Glass,Terra Film,1927-09-07,Gennaro Righelli,
Sympathy for the Underdog,http://dbpedia.org/resource/Koji_Shundo,,1971-01-12,Kinji Fukasaku,Theatrical release poster
Talk of the Devil,Jack Raymond,British and Dominions,1936-12-09,Carol Reed,
Thank You Mask Man,,,1971-09-28,http://dbpedia.org/resource/Jeff_Hale_(director),
The 4th Floor (1999 film),"Boaz Davidson, Avi Lerner","Millennium Media, Echelon Productions, Inc., Film New Brunswick, Top Floor Productions",2000-07-11,Josh Klausner,Film poster
The Alibi (1937 film),http://dbpedia.org/resource/Fritz_Bukofzer,B.N. Films,1937-12-23,Pierre Chenal,
The Body in the Trunk,Majestic Motion Picture Company,,1914-05-03,John B. O'Brien,
The Broken Melody (1938 film),Ken G. Hall,Cinesound Productions,1938-06-17,Ken G. Hall,The Broken Melody poster
The Crooked Road,,Argo,1965-09-19,Don Chaffey,
The Decoy (1916 Mutual),Mutual Film Corporation,,1916-06-29,George Lederer,Frances Nelson and Leonore Harris
The Designated Victim,Pier Ludovico Pavoni,Produzioni Cinematografiche Europee,1971-04-22,Maurizio Lucidi,Italian film poster
The Drop Box,,,2015-03-03,Brian Ivie,
The Edge of the World,Joe Rock,,1937-07-06,Michael Powell,DVD cover
The Enclave,,,2002-04-14,Willem van de Sande Bakhuyzen,
The Evil Below,http://dbpedia.org/resource/Barrie_Saint_Clair,"Image Organization, http://dbpedia.org/resource/Gibraltar_Entertainment, http://dbpedia.org/resource/Legend_Film_Productions",1989-07-01,"Wayne Crawford, http://dbpedia.org/resource/Jean-Claude_Dubois",Region 2 DVD Release Cover
The House of a Thousand Candles,"Dorothy Davenport, Nat Levine",Republic Pictures,1936-04-03,Arthur Lubin,
The Lady Who Dared,,First National Pictures,1931-05-29,William Beaudine,Film poster
The Lame Gentleman,,Mezhrabpomfilm,1929-02-05,Konstantin Eggert,German poster
The Last Days of Pompeii (1926 film),,,1926-03-09,"Carmine Gallone, Amleto Palermi",
The Last Hour (1930 film),"Archibald Nettlefold, Edward Sloman",Nettlefold Films,1930-06-25,Walter Forde,
The Last Message,Raymond Chow,,1975-08-21,Michael Hui,DVD cover
The Last of the Baskets,Bill Podmore,,1971-05-10,Bill Podmore,
The Lazarus Effect (2010 film),,,2010-05-24,Lance Bangs,"Concillia Muhau, who is featured in the film, with an earlier picture of herself"
The Leisure Class,Effie Brown,,2015-11-02,Jason Mann,
The Life of a Jackeroo,,Fraser Film Release and Photographic Company,1913-07-28,Franklyn Barrett,
The Little Minister (1934 film),Pandro S. Berman,,1934-12-28,Richard Wallace (director),Theatrical release poster
The Little Sin,,Olympic-Film,1923-07-07,Julius Herska,
The Little Thing (1938 film),,Compagnie Industrielle et Commerciale Cinématographique,1938-06-01,Maurice Cloche,
The Littlest Outlaw,,Walt Disney Pictures,1955-12-22,Roberto Gavaldón,
The Lone Wolf Keeps a Date,,Columbia Pictures,1940-11-23,Sidney Salkow,Theatrical release poster
The Loneliest Runner,"Kent McCray, Michael Landon",,1976-12-20,Michael Landon,Lance Kerwin stars as John Curtis
The Longshot,,,1986-01-17,Paul Bartel,
The Lost World (1960 film),Irwin Allen,,1960-07-13,Irwin Allen,Original 1960 theatrical poster
The Lovable Cheat,"Richard Oswald, Edward Lewis (producer), http://dbpedia.org/resource/Rosario_Castagna",Skyline Pictures,1949-05-11,Richard Oswald,
The Love Trap (1929 film),William Wyler,Universal Pictures,1929-08-04,William Wyler,
The Man Upstairs (1926 film),Warner Brothers,,1926-01-22,Roy Del Ruth,
The Man Who Sold Himself (1959 film),,Filmaufbau,1959-03-12,Josef von Báky,
The Man in the Saddle (1925 film),,Maxim-Film,1925-12-22,Manfred Noa,
The Man of the Hour,,Les Films Marquis,1937-02-26,Julien Duvivier,Maurice Chevalier and Elvire Popesco
The Man with the Hispano (1933 film),,Les Films Marcel Vandal et Charles Delac,1933-03-24,Jean Epstein,
The Maragatan Sphinx,Antonio de Obregón,,1950-01-26,Antonio de Obregón,
The Marquise of Armiani,Paul Davidson (producer),PAGU,1920-02-13,Alfred Halm,
The Marriage Market (1917 film),William A. Brady,World Film,1917-09-10,Arthur Ashley,
The Mask of Cesare Borgia,http://dbpedia.org/resource/Vittorio_Vassarotti,Vi-Va Film,1941-09-27,Duilio Coletti,
The Matriarch,Suomen Filmiteollisuus,,2007-09-14,Markku Pölönen,The Matriarch theatrical release poster
The Mayor of Casterbridge (2003 film),Georgina Lowe,,2003-12-28,David Thacker,
The Merry Widow (1925 film),"Erich von Stroheim, Irving Thalberg",,1925-08-26,Erich von Stroheim,
The Michigan Kid (1928 film),,Universal Pictures,1928-06-30,Irvin Willat,
The Miracle (1991 film),"Stephen Woolley, Red Morris, 4th Baron Killanin",,"1991-04-05, 1991-07-03",Neil Jordan,
The Mismatch,,ABC,1979-10-21,Ken Hannam,
The Moorish Queen (1955 film),http://dbpedia.org/resource/Juan_N._Solórzano,Cervantes Films,1955-01-31,http://dbpedia.org/resource/Raúl_Alfonso,
The Mummy (1959 film),Michael Carreras,Hammer Film Productions,1959-09-25,Terence Fisher,Theatrical release poster
The Mummy Strikes,,Famous Studios,1943-02-19,Isadore Sparber,Title card from The Mummy Strikes.
The Murder of Princess Diana,,,2007-08-25,John Strickland,
The Music Goes 'Round,,Columbia Pictures,1936-02-27,Victor Schertzinger,
The Mustard Grain,,,1962-08-30,José Luis Sáenz de Heredia,
The Mysteries of Paris (1943 film),André Paulvé,DisCina,1943-09-08,Jacques de Baroncelli,
The Nanny (1965 film),Jimmy Sangster,"Hammer Film Productions, Associated British Picture Corporation, Seven Arts Productions","1965-10-27, 1965-11-07",Seth Holt,Theatrical release poster
The National Parks: America's Best Idea,"Dayton Duncan, Ken Burns",,2009-09-27,Ken Burns,
The News (film),,,1989-06-02,Shaji Kailas,Poster
The Night Heaven Fell,Raoul Lévy,Iéna Productions,"1958-04-16, 1958-10-21",Roger Vadim,Theatrical release poster
The Night Mayor,,Columbia Pictures,1932-08-19,Benjamin Stoloff,
The Non-Stop Flight,,,1928-03-26,Emory Johnson,"John Rodgers (naval officer, World War I), Chief petty officer Skiles Ralph Pope, The Non-Stop Flight Magazine Ad"
The Ocarina,,Bayerische Filmgesellschaft Fett & Wiesel,1919-08-08,Uwe Jens Krafft,
The Odd Angry Shot,Tom Jeffrey,"Australian Film Commission, Screen NSW, Samson Production",1979-03-01,Tom Jeffrey,Theatrical release poster
The Opium Den,Luciano Doria,Metropa Film,1947-09-05,Raffaello Matarazzo,
The Organizer,Franco Cristaldi,,1963-10-25,Mario Monicelli,Italian theatrical release poster
The Orphan (film),,Hualien Films,1960-03-03,Lee Sun-Fung,"The Orphan, 1960 film"
The Other Side of Paradise (film),http://dbpedia.org/resource/Léon_Gouble,Pacifico,1953-07-19,Edmond T. Gréville,
The Other Woman (1995 film),Frank von Zerneck,,1995-03-26,Gabrielle Beaumont,
The Outlaw (1953 film),,Honar Film,1953-01-06,http://dbpedia.org/resource/Mehdi_Besharatian,
The Owl vs Bombo,Sammo Hung,,1984-12-12,Sammo Hung,Hong Kong DVD cover
The Passenger (1949 film),,Société Méditerranéenne de Production,1949-11-04,Jacques Daroy,
The Passerby (1951 film),,,1951-05-18,Henri Calef,
The Perils of Gwendoline in the Land of the Yik-Yak,,,1984-02-08,Just Jaeckin,English-language theatrical release poster
The Petrified Forest (1973 film),http://dbpedia.org/resource/Tomohiro_Kaiyama,", Tokyo Eiga, Hyogen-sha",1973-09-01,Masahiro Shinoda,
The Pipe,,,2010-12-03,http://dbpedia.org/resource/Risteard_Ó_Domhnaill,
The Plan for Great Works,,Soyuzkino,1930-03-03,Abram Room,
The Poacher from Egerland,,http://dbpedia.org/resource/Terra_Film_(Brno),1934-11-01,http://dbpedia.org/resource/Vladimír_Majer,
The Prey of the Wind,,,1927-05-13,René Clair,Poster by Boris Bilinsky
The Prince and the Dancer,,Richard Eichberg-Film,1926-04-17,Richard Eichberg,Lucy Doraine  and Hans Albers
The Prince with the Red Mask,,Trionfalcine,1955-08-13,Leopoldo Savona,
The Prize Pest,Edward Selzer,Warner Bros. Cartoons,1951-12-22,Robert McKimson,
The Prodigal Judge (film),Albert E. Smith (producer),Vitagraph Company of America,1922-02-19,Edward José,
The Proposition (1998 film),"Scott Kroopf, Ted Field",,1998-03-27,Lesli Linka Glatter,
The Purse Snatcher,,,1995-04-06,Maria Peters,
The Queen of the Baths,http://dbpedia.org/resource/Alfred_Sittarz,National Film,1926-12-10,Victor Janson,
The Rage of Paris (1921 film),Carl Laemmle,Universal Pictures,1921-09-25,Jack Conway (filmmaker),
The Red-Haired Cupid,,Triangle Film Corporation,1918-06-02,Clifford Smith (director),
The Red Head (1932 film),,Les Films Marcel Vandal et Charles Delac,1932-11-04,Julien Duvivier,
The Red Rose (1951 film),,,1951-02-07,Marcello Pagliero,
The Reprieve (1913 film),"Godfrey Cass, W. J. Lincoln",Lincoln-Cass Films,1913-11-03,W. J. Lincoln,
The Republic of Flappers,,Greenbaum-Film,1928-10-15,Constantin J. David,
The Reverend Turns a Blind Eye,,Divina-Film,1971-11-26,Harald Vock,
The Revolutionary (1970 film),Edward R. Pressman,,1970-07-15,Paul Williams (director),
The Right Approach,Oscar Brodney,20,1961-05-17,David Butler (director),
The River Wolves,Julius Hagen,Real Art Productions,1934-06-18,George Pearson (filmmaker),
The Romantic Story of Margaret Catchpole,Charles Cozens Spencer,Spencer's Pictures,1911-08-07,Raymond Longford,Lottie Lyell as Margaret Catchpole
The Rose of Kildare,Samuel Sax,Gotham Productions,1927-08-15,Dallas M. Fitzgerald,
The Rose of Surrey,,Turner Films,1914-03-23,http://dbpedia.org/resource/Larry_Trimble,
The Royal Scoundrel,Raymond Wong (film presenter),"Cinema City & Films Co., Paka Film Production",1991-01-10,"Johnnie To, Jonathan Chik",Film poster
The Salvation Army Girl,William Kahn,William Kahn-Film,1927-07-12,William Kahn,
The Sea Flower,,Universal Pictures,1918-12-23,Colin Campbell (director),
The Sea Wolves,Euan Lloyd,"Lorimar, Richmond Light Horse Productions, Varius Entertainment Trading A.G.",1980-07-03,Andrew V. McLaglen,Original film poster by Arnaldo Putzu
The Second November,,,1982-11-27,Viktor Gjika,
The Second Woman (1953 film),http://dbpedia.org/resource/Alfonso_Rosas_Priego,Producciones Rosas Priego,1953-09-02,José Díaz Morales,
The Secret of Brinkenhof,,Maxim-Film,1923-12-25,Svend Gade,
The Shortcut,,", Leomax, Scary Madison",2009-09-29,Nicholaus Goossen,Theatrical film poster
The Silence of Dean Maitland (1914 film),,Fraser Film Release and Photographic Company,1914-06-13,Raymond Longford,
The Simple Girl,Artur Brauner,CCC Film,1957-08-23,Werner Jacobs,
The Simple Things,Walt Disney,Walt Disney Animation Studios,1953-03-27,Charles August Nichols,Film poster
The Singing Fool,,Warner Bros. Pictures,"1928-09-19, 1928-09-29",Lloyd Bacon,
The Small Town Girl,,Fox Film Corporation,1917-04-30,John G. Adolfi,
The Sold Grandfather (1942 film),,Bavaria Film,1942-03-26,Joe Stöckel,
The Spessart Inn (1923 film),,Orbis-Film,1923-05-25,http://dbpedia.org/resource/Adolf_Wenter,
The Spider and the Fly (1931 film),Walt Disney,Walt Disney Productions,1931-10-16,Wilfred Jackson,
The Spirit of '76 (1990 film),,,1990-10-12,Lucas Reiner,DVD cover
The Stone Age (film),Walter Lantz,Walter Lantz Productions,1931-07-15,"Bill Nolan (animator), Walter Lantz",
The Story of Lilian Hawley,,Tadeus Tobolski,1925-02-20,http://dbpedia.org/resource/Franz_W._Koebner,
The Telephone Book,,,1971-10-03,Nelson Lyon,Theatrical release poster
The Thief of Damascus,http://dbpedia.org/resource/Tullio_Bruschi,Rodes Cinematografica,1964-02-19,Mario Amendola,
The Thirteenth Chair (1919 film),,Acme Pictures Corporation,1919-08-23,Léonce Perret,
The Three Aunts (film),,Maxim-Film,1921-02-10,Rudolf Biebrach,
The Three Thieves,Jacopo Comin,,1954-10-08,http://dbpedia.org/resource/Lionello_De_Felice,
The Three from the Filling Station (1955 film),,Berolina Film,1955-12-22,Hans Wolff (director),
The Thunderbolt (1919 film),,Katherine MacDonald Pictures,1919-10-06,Colin Campbell (director),
The Tigers of Mompracem (film),http://dbpedia.org/resource/Giancarlo_Marchetti,,1970-12-11,Mario Sequi,Spanish poster
The Toboggan Cavalier,Paul Davidson (producer),PAGU,1918-03-01,Ernst Lubitsch,
The Tripods (TV series),,,1984-09-15,Christopher Barry,The Tripods Titles
The Trouble with Girls (film),,Metro-Goldwyn-Mayer,1969-09-10,Peter Tewksbury,theatrical release poster
The Turkish Cucumbers,K. Gordon Murray,Bavaria Film,1962-03-22,Rolf Olsen (actor),
The Two Faces of Dr. Jekyll,Michael Carreras,Hammer Film Productions,1960-10-24,Terence Fisher,Australian theatrical release poster
The Two Girls (1951 film),Georges Bernier,Les Films Artistiques,1951-04-05,Maurice de Canonge,
The Underground World,,Famous Studios,1943-06-18,Seymour Kneitel,Title card from The Underground World.
The Unholy Three (1925 film),Irving Thalberg,Metro-Goldwyn-Mayer,1925-05-30,Tod Browning,1925
The Uninvited Guest (1925 film),,Dreamland-Film,1925-09-29,Max Mack,
The University Chorus,http://dbpedia.org/resource/Elena_Espejo,Espejo Films,1960-05-16,José María Elorrieta,
The Vagabond Cub,,Film Booking Offices of America,1929-02-10,Louis King,
The Vandergilt Diamond Mystery,Randall Faye,Randall Faye Productions,1936-01-08,Randall Faye,
The Vicar of Bray (film),Julius Hagen,Twickenham Film Studios,1937-05-09,Henry Edwards (actor),Opening title card
The Village Under the Sky,http://dbpedia.org/resource/Helmut_Beck,Interlux-Film,1953-03-13,Richard Häussler,Inge Egger and Robert Freitag
The White Roses,,PAGU,1916-10-23,Urban Gad,
The Wife of General Ling,John Stafford (producer),Premier-Stafford Productions,1937-04-07,Ladislao Vajda,
The Wild Cat (1921 film),Paul Davidson (producer),,1921-04-12,Ernst Lubitsch,
The Wild Geese,"Douglas Netter, Erwin C. Dietrich, Euan Lloyd, http://dbpedia.org/resource/Chris_Chrisafis",", Varius Entertainment Trading A.G., Richmond Film Productions  Ltd","1978-06-28, 1978-07-06",Andrew V. McLaglen,Original film poster by Arnaldo Putzu
The Winds of Kitty Hawk,Lawrence Schiller,,1978-12-17,E. W. Swackhamer,
The Wings of Eagles,Charles Schnee,,1957-02-22,John Ford,Theatrical release poster
The Woman Who Did Not Care,Samuel Sax,Gotham Productions,1927-07-05,Phil Rosen,
The Woman Who Loved Elvis,"Laura Marcus, Cyrus Yavneh",,1993-04-18,Bill Bixby,
The Woman in White (1929 film),Herbert Wilcox,British & Dominions Film Corporation,1929-05-24,Herbert Wilcox,
The Woman of Yesterday and Tomorrow,http://dbpedia.org/resource/Josef_W._Beyer,Ottol-Film,1928-07-13,Heinz Paul,German poster
The Woman with the Orchid,http://dbpedia.org/resource/Marius_Lesoeur,Paris-Nice Productions,1952-01-04,Raymond Leboursier,
The Yellow Rose of Texas (film),Harry Grey,,1944-06-24,Joseph Kane,Theatrical release poster
The Young Doctors,"Peter Pinne, Alan Coleman, Sue Masters",,1976-11-08,"Denny Lawrence, Max Varnel, Alan Coleman, Kendal Flanagan, Michael Pattinson, Reg Watson",
They Came by Night,Edward Black (producer),Gainsborough Pictures,1940-03-07,Harry Lachman,
"Three Boys, One Girl",,F.A.O.,1948-10-04,Maurice Labro,
Three Men in a Boat (1961 film),"Alfred Stöger, Heinz Willeg, Kurt Ulrich","Wiener Mundus-Film, Kurt Ulrich Filmproduktion",1961-08-25,Helmut Weiss,
Three Sailors (1934 film),,Métropa-Film,1934-10-19,http://dbpedia.org/resource/Charles_Barrois_(director),
Three Seasons,"Tony Bui, Joana Vicente, Jason Kliot",,1999-04-30,Tony Bui,American theatrical release poster
Tillers of the Soil,Abel Gance,Films Abel Gance,1923-01-05,Robert Boudrioz,
Tired Theodore (1931 film),,"Les Établissements Jacques Haïk, Film AB Minerva",1931-08-31,Gustaf Edgren,
Tired Theodore (1957 film),,http://dbpedia.org/resource/Deutsche_Film_Hansa,1957-06-06,Géza von Cziffra,
To Kill with Intrigue,Lo Wei,,"1977-07-22, 1977-09-24",Lo Wei,Original film poster
Tokyo Twilight,,,1957-04-30,Yasujirō Ozu,Theatrical release poster
Tomorrow I'll Wake Up and Scald Myself with Tea,,Barrandov Studios,1977-08-01,Jindřich Polák,
Torrent (1926 film),Irving Thalberg,,1926-02-21,Monta Bell,Theatrical release poster
Trouble in the Glen,Herbert Wilcox,Everest Pictures,"1954-07-31, 1954-12-03",Herbert Wilcox,theatrical poster
Trude (film),,Continental-Film,1926-05-28,Conrad Wiene,
True to the Game (film),"Columbus Short, Andra Fuller, Nelsan Ellis",", Imani Films",2017-09-08,Preston A. Whitmore II,
Tulips Shall Grow,George Pal,George Pal Productions,1942-01-26,George Pal,
Two-Fisted Gentleman,,Columbia Pictures,1936-08-15,Gordon Wiles,
Under the Leather Helmet,,Cinemasques,1932-04-27,Albert de Courville,
Underground Rustlers,,,1941-11-21,S. Roy Luby,
Une si jolie petite plage,http://dbpedia.org/resource/Emile_Darbon,,1949-01-19,Yves Allégret,Une si jolie petite plage French release poster
Une souris chez les hommes,,,1964-07-17,Jacques Poitrenaud,
Unholy Love,Albert Ray,Albert Ray Productions,1932-06-09,Albert Ray,DVD cover
Unraveled (film),"Marc H. Simon, Miranda Bailey, Steven Cantor",,2011-05-02,Marc H. Simon,
Va (film),,YNOT Studios,2010-11-05,Pushkar-Gayathri,Poster
Vacation from Marriage (1927 film),Richard Eichberg,,1927-12-13,Victor Janson,
Vakil Babu,,,1982-04-09,Asit Sen (director),
Vana Mohini,,,1941-12-24,Bhagwan Dada,Theatrical release poster
Vedham,Arjun Sarja,Sree Raam Films International,2001-08-24,Arjun Sarja,
Vent d'est,,,1993-01-20,Robert Enrico,
Victoria in Dover (1954 film),http://dbpedia.org/resource/Karl_Ehrlich,Erma-Film,1954-12-16,Ernst Marischka,
"Vienna, City of My Dreams (1928 film)",,Greenbaum-Film,1928-08-07,Victor Janson,
Villa 69,"Khaled Abol Naga, Mohamed Hefzy, http://dbpedia.org/resource/Wael_Omar",,2013-10-06,Ayten Amin,
Viva Buddy,Leon Schlesinger,Warner Bros. Cartoons,1934-12-12,Jack King (animator),
Waifs (film),,Astra Film,1918-08-04,Albert Parker (director),
"Walker, Texas Ranger: Trial by Fire",,,2005-10-16,Aaron Norris,Official DVD cover
War in Peace,,Henny Porten-Froelich-Produktion,1925-03-30,Carl Boese,
We Maids,"http://dbpedia.org/resource/Eduardo_Galindo, http://dbpedia.org/resource/Jesús_Galindo",Producciones Galindo Hermanos,1951-11-02,Zacarías Gómez Urquiza,
What Men Know,"Bruno Duday, Eduard Kubat",UFA GmbH,1933-01-11,Gerhard Lamprecht,
When Love Came to the Village,http://dbpedia.org/resource/Lennart_Landheim,Nordisk Tonefilm,1950-10-09,Arne Mattsson,
Where Hazel Met the Villain,,,1914-04-23,Roscoe Arbuckle,
Where the Heather Blooms,,,1915-12-17,Al Christie,
White Fury,Kimberley Casey (producer),,1990-12-11,David A. Prior,
White Lily,"Akira Yamamoto, http://dbpedia.org/resource/Keizō_Yuri, http://dbpedia.org/resource/Kiyoe_Takage, http://dbpedia.org/resource/Naoko_Komuro, http://dbpedia.org/resource/Tadashi_Tanaka, http://dbpedia.org/resource/Masahiko_Takahashi, http://dbpedia.org/resource/Saori_Nishio","Nikkatsu, Django Film","2016-10-07, 2017-02-11",Hideo Nakata,Film poster
,,,,,
Wilful Youth,Dallas M. Fitzgerald,Dallas M. Fitzgerald Productions,1927-12-19,Dallas M. Fitzgerald,
Winnetou and the Crossbreed,,,1966-08-19,Harald Philipp,
Wolf Lowry,Thomas H. Ince,,1917-05-27,William S. Hart,Film poster
Your Vice Is a Locked Room and Only I Have the Key,Luciano Martino,Lea Film,1972-08-04,Sergio Martino,Theatrical release poster
Yuddho,Shree Venkatesh Films,Shree Venkatesh Films,2005-07-29,Rabi Kinagi,Official poster
Zamana (1985 film),,,1985-02-22,Ramesh Talwar,
Zdroj,"http://dbpedia.org/resource/Barbora_Fabiánová, http://dbpedia.org/resource/Vratislav_Slajer",,2005-04-29,http://dbpedia.org/resource/Martin_Mareček,
