0,1,2,3
Administrative-Territorial Units of the Left Bank of the Dniester,,Tiraspol,Transnistria
Aerican Empire,,Montreal,Aerica
Aghlabids,,"Al-Abbasiyya, Kairouan, Raqqada",Aghlabid
Allied-occupied Austria,,Vienna,Austria
Amt Bilstein,51.0949,Lennestadt,Bilstein
Ancient Carthage,36.8439,Carthage,Carthage
Anglo-Ethiopian Agreement,,Kebri Dahar,
Arakkal kingdom,,Cannanore,Arakkal Kingdom
Arminiya,,Dvin (ancient city),Armenia
Atabegs of Yazd,31.85,Yazd,Atabegs of Yazd
Aulikaras,,Mandsaur,Aulikaras
Austrian Netherlands,,Brussels,Austrian Netherlands
Avanti (Ancient India),,Ujjain,Avanti
Aydınids,38.0892,"Birgi, Selçuk",Aydinids
Azania (Somalia),,"Garbahare, Dhobley (Gedo Region)",Azania
Bamana Empire,,Ségou,Bamana Empire
Bani Khalid Emirate,,"Hofuf, Al-Ahsa Governorate",Bani Khalid Emirate
Bavand dynasty,,"Sari, Iran, Amol, Farim, Iran",Tabaristan
Belgian government at Sainte-Adresse,,Brussels,Belgium
Bereg County,48.2,"Mukachevo, Tarpa, Beregovo",Bereg
Bessarabia Governorate,47.0244,Chișinău,Bessarabia
Beylik of Tunis,,Tunis,Tunis
Bhavnagar State,28.76,Bhavnagar,Bhavnagar
Bourbon Restoration in France,48.8167,Paris,France
Brahmachal,,http://dbpedia.org/resource/Brahmachal_Kingdom,Brahmachal
British Cameroon,6.0,Buea,Cameroon
British rule in Portuguese India,,"Raj Bhavan, Panaji, Pangim",British Goa
Bukovina District,,Chernivtsi,Bukovina
Bushmanland (South West Africa),-19.5833,Tsumkwe,Bushmanland
Captaincy General of Cuba,23.1167,Havana,Cuba
Carbery (barony),,Kilbrittain,Ireland
Carriacou and Petite Martinique,12.4817,"Hillsborough, Grenada",Carriacou and Petite Martinique
Central Black Earth Oblast,51.6667,Voronezh,Central Black Earth Oblast
Chalco (altépetl),19.2667,"Tlalmanalco, http://dbpedia.org/resource/Itzcahuacan",Chalco
Chechen Republic of Ichkeria,,Grozny,Chechnya
Cherokee Nation (1794–1907),35.9,"Tahlequah, Oklahoma, New Echota",Cherokee Nation
Chiefdom of Lithang,,Litang County,Chiefdom of Lithang
Chiefdom of Mengmao,,Ruili,
Chudasama dynasty,,"Vanthali, Junagadh",Chudasama dynasty
Chấn line,,Phong Châu,Fourth Dynasty of Hùng kings
Ciskei,,Bhisho,Ciskei
Colony of Tasmania,,"Hobart, Tasmania",Tasmania
Commune of the Working People of Estonia,,Narva,Estonia
Connecticut Colony,41.718,"Hartford, Connecticut, New Haven, Connecticut",Connecticut
Constitutional Cabinet of Louis XVI,,Paris,France
County of Flanders,51.06,"Ghent, Lille, Bruges",Flanders
County of Katzenelnbogen,50.2667,Katzenelnbogen,Katzenelnbogen
County of Luxemburg,,Luxembourg (city),Luxemburg
County of Nassau-Saarbrücken,,Saarbrücken,Nassau-Saarbrücken
County of Nidda,50.4128,"Nidda, Hesse",Nidda
County of Portugal,,Guimarães,Portugal
County of Santa Fiora,,Santa Fiora,Santa Fiora
County of Württemberg,48.7833,Stuttgart,Wurttemberg
County of Zeeland,51.6667,"Middelburg, Zeeland",Zeeland
Crimean Khanate,,"Chufut-Kale, Stary Krym, Bağçasaray",Crimean Khanate
Crimean Socialist Soviet Republic,,Simferopol,Crimea
Crown Colony of North Borneo,,Kota Kinabalu,North Borneo
Cupul,,"Valladolid, Yucatán",Cupul
Czech Socialist Republic,50.0833,Prague,Czech Republic
Damaraland,,Khorixas,Damaraland
Dapeng (state),,Tongshan District,Dapeng
Democratic Republic of Georgia,41.7167,"Tiflis Governorate, Tbilisi",
Despotate of Dobruja,,Balchik,Dobruja
Diocese of Macedonia,,Thessaloniki,Macedonia
Dongdan Kingdom,,Shangjing Longquanfu,Dongdan
Duchy of Aosta,,Aosta,Aosta
Duchy of Castro,,"Castro, Lazio",Castro
Duchy of Estonia (1561–1721),59.4333,Tallinn,"Estonia, Duchy of,"
Duchy of Gascony,,Bordeaux,Gascony
Duchy of Kuyavia,,Inowrocław,Kuyavia
Duchy of Oldenburg,53.1439,Oldenburg (city),Oldenburg
Duchy of Poland,,"Gniezno, Kraków",Poland
Duchy of Sandomierz,,Sandomierz,
Duchy of Wiślica,,Wiślica,Wiślica
Early Dynastic Period (Egypt),,"Memphis, Egypt, Thinis",
East Breifne,53.9167,"Belturbet, Cavan",East Bréifne
Eastern Ganga dynasty,,"Mukhalingam, Cuttack, Dantapuram",Eastern Ganga Empire
Eastern Okraina,52.05,"Chita, Zabaykalsky Krai",Russia Eastern Outskirts
Eastern Wei,,"Luoyang, Ye, China",Eastern Wei
Electoral Palatinate,49.5,"Düsseldorf, Heidelberg, Mannheim",Palatinate
Electorate of Saxony,,"Dresden, Wittenberg",Saxony
Emirate of Afghanistan (1929),,Kabul,Afghanistan
Emirate of Córdoba,,"Córdoba, Spain",Córdoba
Emirate of Hakkâri,,Hakkâri (city),Emirate of Hakkâri
Emirate of Nejd,23.0,Riyadh Region,Nejd
Emirate of Say,,"Say, Niger",Emirate of Say
Emirate of Transjordan,31.9575,Amman,Transjordan
Empire of Japan,35.6825,"Tokyo, Tokyo City, Kyoto",
Essequibo (colony),7.03333,"Fort Kyk-Over-Al, Fort Zeelandia (Guyana)",Essequibo
European Collectivity of Alsace,48.5833,Strasbourg,Alsace
Federal Republic of Central America,14.6167,"San Salvador, Guatemala City",Central America
First Czechoslovak Republic,,Prague,Czechoslovakia
Free City of Danzig (Napoleonic),54.35,Gdańsk,Danzig
Free Imperial City of Nuremberg,49.45,Nuremberg,"Nuremberg, City"
Free State of Costa Rica,,"San José, Costa Rica",
French Algeria,,Algiers,Algeria
Frisian Kingdom,,"Dorestad, Utrecht (city)",Frisian kingdom
Gallia Aquitania,,Mediolanum Santonum,Gallia Aquitania
Gauda Kingdom,24.18,"Karnasuvarna, India",Gauḍa Kingdom
Gaza Strip,31.5167,Gaza City,
General Government,50.05,"Łódź, Kraków",General Government
Geography of Saint Pierre and Miquelon,46.7833,"Saint-Pierre, Saint Pierre and Miquelon",
German New Guinea,-4.2,"Madang, Finschhafen, Kokopo, Rabaul",Papua New Guinea
Glywysing,53.2333,Cardiff,Glywysing
"Goa, Daman and Diu",15.3333,Panaji,Goa
Golden Ambrosian Republic,45.4667,Milan,Ambrosian Republic
Goryeo military regime,,"Ganghwa Island, Kaesong",Goryeo
Government of the Republic of China in Guangzhou,,Guangzhou,Government of the Republic of China in Guangzhou
Governorate of Cuba,,Baracoa,Castilla de Oro
Governorate of the Banda Islands,,"Fort Belgica, Fort Nassau, Banda Islands",Banda Islands
Grand Duchy of Hesse,,Darmstadt,Hesse
Grand Duchy of Würzburg,,Würzburg,Würzburg
Great Way Government,,Pudong,Great Way Government
Grey League,,Ilanz,Grey League
Gupta Empire,,Pataliputra,Gupta Empire
Gurian Republic,,Ozurgeti,Gurian Republic
Gurjara-Pratihara dynasty,,"Ujjain, Kannauj",Gurjara Pratihara
Gévaudan,44.7,Javols,Gevaudan
Herat (1793–1863),,Herat,Herat
Herzegovina-Neretva Canton,43.45,Mostar,Herzegovina-Neretva
Hesse-Hanau,,Hanau,Hesse-Hanau
History of Bolivia (1982–present),,"Sucre, La Paz",Bolivia
History of Denmark,,"Roskilde, Lejre, Zealand, Jellinge",Denmark
History of Egypt under Gamal Abdel Nasser,,Cairo,
History of Thailand (1932–1973),,Bangkok,Siam
Holstein-Pinneberg,,Pinneberg,Holstein-Pinneberg
Hospitaller Rhodes,,Rhodes (city),Hospitaller Rhodes
Independent Albania,,Vlora,
Italian Ethiopia,,Addis Ababa,
Italian Social Republic,,"Rome, Salò, Verona, Milan",
Jabal Druze State,,As-Suwayda,Jabal al-Druze
Jaunpur Sultanate,,"Jaunpur, Uttar Pradesh",
Jaxa (state),,Albazino,Jaxa
Judicate of Cagliari,,Santa Igia,Judicate of Cagliari
Kamyshinsky Uyezd,,Kamyshin,Kamyshin
Khamag Mongol,,Kherlen River,Khamag Mongol
Khmer Republic,12.25,Phnom Penh,Khmer Republic
Kidarites,,"Peshawar, Bactria, Taxila",Kidarites
Kingdom of Araucanía and Patagonia,,Perquenco,Araucanía and Patagonia
Kingdom of Bosnia,44.1369,"Bobovac, Jajce, Visoko during the Middle Ages",Bosnia
Kingdom of Bumthang,27.55,Jakar Dzong,Bumthang
Kingdom of Chakla,29.999,Kangding,Kingdom of Chakla
Kingdom of Croatia (Habsburg),,"Varaždin, Zagreb",
Kingdom of England,,"City of London, London, Westminster, Winchester",England
Kingdom of Hejaz,,"Mecca, Jeddah",Hejaz
Kingdom of Iberia,,"Mtskheta, Tbilisi, Armazi","Iberia, Kartli"
Kingdom of Jimma,7.6666,Jiren (city),Jimma
Kingdom of Kotte,,Sri Jayawardenepura Kotte,Kotte
Kingdom of Kubang Pasu Darul Qiyam,,Jitra,Kubang Pasu Kingdom
Kingdom of Lithuania,,Kernavė,Lithuania
Kingdom of Majorca,,"Perpignan, Palma, Majorca",Majorca
Kingdom of Mewar,24.58,"Udaipur, Ahar, Rajasthan, Chavand, Rajasthan, Nagda, Rajasthan, Chittor",
Kingdom of Mysore,12.3,"Mysore, Srirangapatna",
Kingdom of Nepal,27.7,Kathmandu,Nepal
Kingdom of Powys,53.2333,"Pengwern, Mathrafal, Welshpool, Chester, Wroxeter",Powys
Kingdom of Scotland,57.0,"Scone, Perth and Kinross, Edinburgh",Scotland
Kingdom of Western Georgia,,Kutaisi,
Kingdom of Württemberg,,Stuttgart,Württemberg
Koch Hajo,,"Bijni, Abhayapuri, Dumuria, Hajo, Jogighopa",
Kuban People's Republic,45.0333,Yekaterinodar,Kuban
Kʼicheʼ kingdom of Qʼumarkaj,15.0235,Qʼumarkaj,Quiché kingdom
Languedoc,,Toulouse,Languedoc
Late Period of ancient Egypt,,"Mendes, Sais, Egypt, Sebennytos",Late Period of Ancient Egypt
Later Baekje,,Jeonju,Hubaekje
Later Han (Five Dynasties),,Kaifeng,Later Han
Later Sabeol,,Sangju,Husabeol
Later Tang,,"Luoyang, Daming County",Later Tang
Lavo Kingdom,,"Ayutthaya (city), Lopburi",Lavo Kingdom
Lazica,,Archaeopolis,"Lazica, Egrisi"
Leiningen-Westerburg,,http://dbpedia.org/resource/Leningen,
List of Solesvara temples,,"Gangaikonda Cholapuram, Poompuhar, Thanjavur, Urayur, Pazhaiyaarai",Chola Empire
Lithuanian Soviet Socialist Republic (1918–1919),56.0,Vilnius,Lithuanian SSR
"Lordship of Purmerend, Purmerland and Ilpendam",,"Purmerend, Ilpenstein","Purmerend, Purmerland and Ilpendam"
Lordship of Winneburg and Beilstein,,"Beilstein, Rhineland-Palatinate",Beilstein
Lower Egypt,,"Memphis, Egypt",Lower Egypt
Mac William Íochtar,,Kilmaine,Ireland
Majeerteen Sultanate,,"Alula, Somalia",Migiurtinia
Manila (province),14.5833,"Manila, Marikina",Manila
Maravi,-15.0,"Manthimba, http://dbpedia.org/resource/Mankhamba",
March of Ancona,,"Macerata, Ancona, Fermo",
Marquisate of Finale,44.1667,Finale Ligure,Finale
Mauretania Tingitana,,"Ceuta, Tingis",Mauretania Tingitana
Mecklenburg-Güstrow,53.7939,Güstrow,Mecklenburg-Güstrow
Middle Assyrian Empire,,"Kar-Tukulti-Ninurta, Assur",Assyria
Misl,,Amritsar,"Punjab Empire, Sikh Raj"
Muscat and Oman,,Muscat,Muscat and Oman
Mwene Mbonwean Sultanate of Ujiji,,http://dbpedia.org/resource/Busaidi,Ujiji
Mường Autonomous Territory,,Hòa Bình (city),
Nagpur kingdom,21.15,Nagpur,Nagpur
Nassau-Usingen,,Usingen,Nassau-Usingen
Natalia Republic,,Pietermaritzburg,Natal
National Coalition Government of the Union of Burma,,Yangon,National Coalition Government of the Union of Burma
Naval Base Upolu,-13.8333,Apia,Naval Base Upolu
Nayaks of Gingee,,Gingee Fort,Gingee Nayak Kingdom
New Mexico Territory,31.7833,"Santa Fe, New Mexico",New Mexico Territory
Nieder-Isenburg,,"Isenburg, Rhineland-Palatinate",Nieder-Isenburg
Ninth Dynasty of Egypt,,Herakleopolis Magna,
Nizhny Novgorod Governorate,56.3269,Nizhny Novgorod,Nizhny Novgorod
North Ingria,60.4786,Kirjasalo,North Ingria
November 1918 in Alsace-Lorraine,,Strasbourg,Alsace-Lorraine
Occupation of Smyrna,,Smyrna,Smyrna
Old Babylonian Empire,,Babylon,Old Babylonian Empire
Old Pahang Kingdom,,Inderapura,Pahang
Oregon Territory,45.5,"Corvallis, Oregon, Salem, Oregon, Oregon City, Oregon",Oregon Territory
Ottoman Tripolitania,,"Tripoli, Libya",
Padishkhwargar,,"Amol, Rasht",
Pahlavi Iran,,Tehran,Iran
Palatine Zweibrücken,49.25,Zweibrücken,Palatine Zweibrücken
Palembang Sultanate,,Palembang,Palembang
Palmyrene Empire,34.56,Palmyra,Palmyrene Empire
Panama Canal Zone,9.11778,"Balboa, Panama",
Pappenheim-Gräfenthal,50.5333,Gräfenthal,Pappenheim-Gräfenthal
Parthenopean Republic,,Naples,Parthenopean Republic
Patria Nueva,,Santiago de Chile,State of Chile
Peloponnesian Senate,,"Tripoli, Greece",Peloponnesian Senate
People's Republic of Benin,6.5,Porto-Novo,Benin
Plymouth Colony,41.845,"Plymouth, Massachusetts",Plymouth
Pomerania-Stettin,,Szczecin,Pomerania-Stettin
Ponthieu,50.11,Abbeville,Ponthieu
Porbandar State,21.63,"Chhaya, India, Porbandar",
Portuguese settlement in Chittagong,,"Chittagong, http://dbpedia.org/resource/Firingi_Bunder",Portuguese settlement in Chittagong
Powys Fadog,,"Castell Dinas Brân, Glyndyfrdwy",Powys Fadog
Prince-Bishopric of Augsburg,,"Augsburg, Dillingen an der Donau",Augsburg
Prince-Bishopric of Montenegro,,Cetinje,
Prince-Bishopric of Würzburg,49.7833,Bishop of Würzburg,Würzburg
Princely Abbey of Fulda,50.554,Fulda,Fulda Abbey
Principality of Albania (medieval),,Durrës,Albania
Principality of Erfurt,50.9833,Erfurt,Erfurt
Principality of Guria,41.9333,Ozurgeti,Guria
Principality of Kastrioti,,Krujë,Kastrioti
Principality of Koknese,56.7,Koknese Castle,Koknese
Principality of Leyen,,Hohengeroldseck,Leyen
Principality of Lichtenberg,49.6,Sankt Wendel,Lichtenberg
Principality of Peremyshl,,Przemyśl,Peremyshl
Principality of Piombino,,Piombino,Piombino
Principality of Ryazan,,"Ryazan, Murom",Ryazan
Principality of Salm,,"Bocholt, Germany",Salm
Principality of Transylvania (1711–1867),,"Cluj-Napoca, Sibiu",Transylvania
Prome Kingdom,,Pyay,Prome Kingdom
Protectorate of Peru,,Lima,Peru
Province of Pomerania (1815–1945),53.4333,Szczecin,Province of Pomerania
Provisional Government of National Defence,,Thessaloniki,State of Thessaloniki
Provisional Government of Oregon,,"Oregon City, Oregon",Oregon Country
Provisional Government of the Northern Region,,Arkhangelsk,Northern Region
Pushyabhuti dynasty,,"Thanesar, Kannauj",Pushyabhuti dynasty
Qajar Iran,,Tehran,Qajar Iran / Qajar Persia
Qi (Henan),,"Qi County, Kaifeng",Qi
Qin dynasty,,Xianyang,"Qin, Ch'in or Kin dynasty"
QwaQwa,-28.5333,Phuthaditjhaba,QwaQwa
Rashidun Caliphate,,"Medina, Kufa",Rashidun
Rehoboth (homeland),-23.3159,"Rehoboth, Namibia",Rehoboth
Reichskommissariat Moskowien,,Moscow,Moskowien
Reichskommissariat Niederlande,,Amsterdam,Netherlands
Republic of Alba (1944),,"Alba, Piedmont",Alba
Republic of Benin (1967),6.31667,Benin City,the Republic of Benin
Republic of Cabinda,-5.57083,Cabinda (city),the Republic of Cabinda
Republic of Entre Ríos,-30.0,Concepción del Uruguay,Entre Ríos
Republic of Haiti (1859–1957),,Port-au-Prince,Haiti
Republic of Lucca,,Lucca,Lucca
Republic of Maryland,4.36667,"Harper, Liberia",Maryland in Liberia
Republic of Negros,10.0,Bacólod,Negros
Republic of Venezuela,,Caracas,Venezuela
Republic of Zakopane,52.2167,Zakopane,Zakopane
Revolutionary Government of the Republic of Indonesia,,Padang,PRRI
Roman Italy,42.0,"Rome, Mediolanum, Ravenna",Italy
Ruanda-Urundi,-2.7,Bujumbura,Ruanda-Urundi
Russian Republic (1917–1918),,Saint Petersburg,
Ruthenian Voivodeship,49.85,Lwów,Ruthenia
Rwenzururu,,Kasese,Rwenzururu
SAO Herzegovina,42.7119,Trebinje,SAO Herzegovina
SAO Western Slavonia,,Pakrac,SAO Western Slavonia
Safavid Shirvan,,Shamakhi,Shirvan
Safavid Talish,,"Astara, Iran",
Saloum,,Kahone,Saluum
Samma dynasty,24.7461,Thatta,"Sindh, Balochistan, Gujarat, Saurashtra"
Sanjak of Albania,,"Vlorë, Gjirokastër",Albania
Sanjak of Niš,,Niš,Sanjak of Niš
Sanjak of Pojega,,"Požega, Croatia",Pojega
Sanjak of Zvornik,44.3842,Zvornik,Zvornik
Santa Fe de Nuevo México,,"Santa Fe, New Mexico",Santa Fé de Nuevo México
Satrapy of Armenia,,"Tushpa, Erebuni Fortress",Satrapy of Armenia
Savoyard state,,"Cagliari, Montmélian, Turin, Chambéry",Savoy
Saxe-Coburg-Eisenach,,Coburg,Saxe-Coburg-Eisenach
Second East Turkestan Republic,,Yining,East Turkistan
Second Lebanese Republic,33.9,Beirut,Lebanon
Second Philippine Republic,,"Baguio, Manila",
Shah-Armens,,Ahlat,
Sheikhdom of al-ʽIrqa,,Irqa,Sheikhdom of al-Irqa
Shule Kingdom,,Kashgar,Shule
Sierra Leone (1961–1971),,Freetown,Sierra Leone
Singhpuria Misl,,Jalandhar,Singhpuria Misl
Somogy County (former),,"Kaposvár, Somogyvár",Somogy
Soomra dynasty,,"Sindh, Badin District","Sindh, Balochistan, Gujarat"
Sopron County,47.6833,Sopron,Sopron
South Baden,,Freiburg,Baden
South Seas Mandate,7.34195,Koror City,South Seas Mandate
Spanish Formosa,,Keelung,Formosa
Spanish Oran,,Oran,Spanish Oran
Spanish transition to democracy,,Madrid,
State of Brazil,,"Rio de Janeiro, Salvador, Bahia",State of Brazil
State of Grão-Pará and Rio Negro,,Belém,Grão-Pará and Rio Negro
State of Haiti,,"Milot, Haiti",Haiti
State of Maranhão (colonial),,"São Luís, Maranhão",Maranhão
State of Westmoreland,,"Wilkes-Barre, Pennsylvania",Deseret
Stolberg-Rossla,,Rossla,Stolberg-Rossla
Sud Department (Ivory Coast),,Abidjan,Sud
Sui dynasty,,"Luoyang, Chang'an",Sui dynasty
Sultanate of Bulungan,,Bulungan Regency,Bulungan
Sultanate of Gowa,,Sungguminasa,Gowa
Sultanate of Tarim,,"Tarim, Yemen",
Syria Prima,,"Antakya, Antioch, Turkey, Hatay Province",Syria Prima
Tabasco (former state),,Potonchán,Tabasco
Tagaung Kingdom,,"Tagaung, Mandalay",Tagaung Kingdom
Taichung County,,"Yuanlin, Fengyuan District",Taichung
Taifa of Almería,,Almería,Kingdom of Almería
Taifa of Lorca,,"Lorca, Spain",Taifa of Lorca
Taifa of Menorca,39.9667,Menorca,Taifa of Menorca
Taifa of Mértola,,Mértola,Taifa of Mértola
Taifa of Tavira,,Tavira,Taifa of Tavira
Tajik Autonomous Soviet Socialist Republic,,Dushanbe,Tajik ASSR
Tang dynasty,,"Luoyang, Chang'an",Tang dynasty
The Gambia (1965–1970),13.5,Banjul,Gambia
Third Republic of Madagascar,-18.9333,Antananarivo,Madagascar
Tokhara Yabghus,,Kunduz,Tokhara Yabghus
Tuʻi Tonga Empire,,Muʻa (Tongatapu),Tuʻi Tonga
Tver Governorate,57.0,Tver,Tver
Twenty-first Dynasty of Egypt,,Tanis,
Türgesh,,"Taraz, Suyab",Türgesh
Ukrainian People's Republic,50.45,Kyiv,
Ukrainian national government (1941),,Lviv,
"United Kingdom of Portugal, Brazil and the Algarves",-22.9,"Rio de Janeiro, Lisbon",Portugal
United States Military Government in Cuba,,Havana,
Upper Senegal and Niger,12.6458,Bamako,Upper Senegal and Niger
Uí Liatháin,,Castlelyons,Ireland
Visigothic Kingdom,,"Barcelona, Toledo, Spain, Toulouse",Visigothic Kingdom
Volga German Autonomous Soviet Socialist Republic,,"Engels, Saratov Oblast",Volga German Republic
Voronezh Governorate,51.6667,Voronezh,Voronezh
Wei (state),,Kaifeng,Wei
Westarctica,,Peter I Island,Westarctica
Western Satraps,,"Ujjain, Minnagara, Barygaza",Western Satraps
Western Xia,,Xingqing Prefecture,Western Xia
Wettenhausen Abbey,48.3964,Kammeltal,Wettenhausen Abbey
Xin dynasty,,Chang'an,Xin dynasty
Yan (state),,"Xiadu, Jicheng (Beijing)",Yan
Yuan dynasty,39.915,"Khanbaliq, Shangdu",Yuan dynasty
Yugoslavia,44.8167,Belgrade,Yugoslavia
Zapotec civilization,,"Mitla, Monte Albán, Zaachila-Yoo",Zapotec Civilization/Empire
Zengid dynasty,,Damascus,Zengids
Âu Lạc,,Cổ Loa,Âu Lạc
