rdf-schema#label,capital,conventionalLongName,timeZone
Afghanistan,Kabul,Islamic Emirate of Afghanistan,
Albania,Tirana,Republic of Albania,Central European Time
Alderney,,,
Algeria,Algiers,People's Democratic Republic of Algeria,Central European Time
All-Palestine Government,,,
American Chinese cuisine,,,
Amt Bilstein,Lennestadt,,
Andorra,Andorra la Vella,Principality of Andorra,Central European Time
Angola,Luanda,Republic of Angola,West Africa Time
Annual enrollment,,,
Antarctic Peninsula,,,
Antigua and Barbuda,"St. John's, Antigua and Barbuda",Antigua and Barbuda,Atlantic Time Zone
Araf (Islam),,,
Arakkal kingdom,Cannanore,Arakkal Kingdom,
Argentina,Buenos Aires,Argentine Republic,Time in Argentina
Armenia,Yerevan,Republic of Armenia,Armenia Time
Ars inveniendi,,,
Australia,Canberra,Commonwealth of Australia,Time in Australia
Austria,Vienna,Republic of Austria,Central European Time
Azerbaijan,Baku,Republic of Azerbaijan,Azerbaijan Time
Bahrain,Manama,Kingdom of Bahrain,Arabia Standard Time
Baltimore-Washington Metropolitan Area,,,
Bangladesh,Dhaka,People's Republic of Bangladesh,Bangladesh Standard Time
Barbados,Bridgetown,Barbados,Atlantic Time Zone
Basque Country (greater region),,Basque Country,
Baumgarten-Tangl law,,,
Belarus,Minsk,Republic of Belarus,Moscow Time
Belarusian People's Republic,,,
Belgian American,,,
Belgian concession of Tianjin,,Belgian concession of Tianjin,
Belgian government at Sainte-Adresse,Brussels,Kingdom of Belgium in Sainte-Adresse,
Belgium,City of Brussels,Kingdom of Belgium,Central European Time
Belize,Belmopan,Belize,Central Time Zone
Benin,Porto-Novo,Republic of Benin,West Africa Time
Bereg County,"Mukachevo, Tarpa, Beregovo",Bereg County,
Bermuda,,,
Bermudian cricket team,,,
Bessarabia Governorate,Chișinău,Bessarabia Governorate,
Bethersden,,,
Beylik of Dilmaç,,,
Beylik of Tunis,Tunis,Beylik of Tunis,
Bhavnagar State,Bhavnagar,Bhavnagar State,
Bhutan,Thimphu,Kingdom of Bhutan,Bhutan Time
Big Sur,,,
Black American,,,
Blue hour,,,
Bolivia,"Sucre, La Paz",Plurinational State of Bolivia,UTC−04:00
Bosnia and Herzegovina,Sarajevo,Bosnia and Herzegovina,Central European Time
Botswana,Gaborone,Republic of Botswana,Central Africa Time
Bourbon Restoration in France,Paris,Kingdom of France,
Bradshaw rock paintings,,,
Brahmachal,http://dbpedia.org/resource/Brahmachal_Kingdom,Kingdom of Brahmachal,
Brazil,Brasília,Federative Republic of Brazil,Time in Brazil
Brazilian people,,,
Brunei,Bandar Seri Begawan,Brunei Darussalam,Time in Brunei
Bulgaria,Sofia,Republic of Bulgaria,Eastern European Time
Burkina Faso,Ouagadougou,"Burkina Faso, Republic of Upper Volta Burkina Faso",GMT
Burma,,,
Burundi,"Gitega, Bujumbura",Republic of Burundi,Central Africa Time
C-Group Culture,,,
Cambodia,Phnom Penh,Kingdom of Cambodia,Indochina Time
Cameroon,Yaoundé,Republic of Cameroon,West Africa Time
Cameroun,,,
Canada,Ottawa,Canada,
Canadian Maple Leaf,,,
Canadian cricket team,,,
Canon 1398,,,
Canton of Schwyz,,,
Cape Verde,Praia,Republic of Cabo Verde,Cape Verde Time
Carriacou and Petite Martinique,"Hillsborough, Grenada",Carriacou and Petite Martinique,
Central African Republic,Bangui,Central African Republic,West Africa Time
Chad,N'Djamena,Republic of Chad,West Africa Time
Channel Islands,,,
Chile,Santiago,Republic of Chile,Time in Chile
China,Beijing,People's Republic of China,Time in China
Colombia,Bogotá,Republic of Colombia,Time in Colombia
Comoros,"Moroni, Comoros",Union of the Comoros,East Africa Time
Costa Rica,"San José, Costa Rica",Republic of Costa Rica,Central Time Zone
Croatia,Zagreb,Republic of Croatia,Central European Time
Cuba,Havana,Republic of Cuba,UTC−05:00
Cupul,"Valladolid, Yucatán",,
Cyprus,Nicosia,Republic of Cyprus,Eastern European Time
Czech Republic,Prague,Czech Republic,Central European Time
Czech Socialist Republic,Prague,"(Czech Socialist Republic ), (Česká socialistická republikaCzech Republic )",
Dedemsvaart,,,"Central European Summer Time, Central European Time"
Democratic Republic of Georgia,"Tiflis Governorate, Tbilisi",Democratic Republic of Georgia,
Democratic Republic of the Congo,Kinshasa,Democratic Republic of the Congo,"Central Africa Time, West Africa Time"
Demographics of Germany,,,
Demographics of Trinidad and Tobago,,,
Denmark,,,
Denmark Davis Cup team,,,
Dependency theory,,,
Despotate of Dobruja,Balchik,Despotate of Dobruja,
Deux-Nèthes,,Department of Deux-Nèthes,
Devilling,,,
Djibouti,Djibouti (city),Republic of Djibouti,East Africa Time
Dominica,Roseau,Commonwealth of Dominica,Atlantic Standard Time
Dominican Republic,Santo Domingo,Dominican Republic,
Dongdan Kingdom,Shangjing Longquanfu,Dongdan Kingdom,
Dunedin (New Zealand electorate),,,
Dutch Virgin Islands,,,
Early Pandyan Kingdom,,,
East Breifne,"Belturbet, Cavan",Kingdom of East Breifne,
East Timor,Dili,Democratic Republic of Timor-Leste,Time in East Timor
Easter Island,,,Time in Chile
Eastern Okraina,"Chita, Zabaykalsky Krai",Eastern Okraina,
Eastern Settlement,,,
Eastern Wei,"Luoyang, Ye, China",Wei,
Ecuador,Quito,Republic of Ecuador,Time in Ecuador
Egypt,Cairo,Arab Republic of Egypt,Egypt Standard Time
El Salvador,San Salvador,Republic of El Salvador,Central Time Zone
Electoral district of Darlington (Queensland),,,
Electoral district of Victoria Park,,,
Electoral district of Yatala,,,
Electorate of Baden,,Electorate of Baden,
Electorate of the Palatinate,,,
Engineering Institute of Canada,,,
England,,,
English rule (attorney's fees),,,
Equatorial Guinea,"Ciudad de la Paz, Malabo",Republic of Equatorial Guinea,West Africa Time
Eritrea,Asmara,State of Eritrea,East Africa Time
Estonia,Tallinn,Republic of Estonia,Eastern European Time
Ethiopia,Addis Ababa,Federal Democratic Republic of Ethiopia,East Africa Time
European countries,,,
FRANCE,,,
Falkland Islands,,,
Federated States of Micronesia,Palikir,Federated States of Micronesia,
Fiji,Suva,Republic of Fiji,
Finland,Helsinki,Republic of Finland,Eastern European Time
France,Paris,French Republic,Central European Time
French Guiana,,,
French Polynesia,,,
Gabon,Libreville,Gabonese Republic,West Africa Time
Georgia (country),Tbilisi,Georgia,Georgia Time
Germany,Berlin,Federal Republic of Germany,Central European Time
Ghana,Accra,Republic of Ghana,Greenwich Mean Time
Gibraltar,,,
Greece,Athens,Hellenic Republic,Eastern European Time
Greenland,,,
Grenada,"St. George's, Grenada",Grenada,Atlantic Time Zone
Guatemala,Guatemala City,Republic of Guatemala,Central Time Zone
Guernsey,,,
Guinea,Conakry,Republic of Guinea,Greenwich Mean Time
Guinea-Bissau,Bissau,Republic of Guinea-Bissau,Greenwich Mean Time
Guyana,"Georgetown, Guyana",Co-operative Republic of Guyana,Atlantic Standard Time
Haiti,Port-au-Prince,Republic of Haiti,Eastern Time Zone
Herm,,,
History of Thailand (1932–1973),Bangkok,"Kingdom of Thailand, Kingdom of Siam",
History of ancient Israel and Judah,,,
History of the European Union since 2004,,,
History of the Ming dynasty,,,
Holstein-Pinneberg,Pinneberg,"County of Holstein-Pinneberg, County of Schauenburg and Holstein-Pinneberg",
Honduras,Tegucigalpa,Republic of Honduras,Central Time Zone
Hong Kong,,,
Hongkong,,,
Hospitaller Rhodes,Rhodes (city),Hospitaller Rhodes,
Hungary,Budapest,Hungary,Central European Time
Hyogo prefecture,,,
Iceland,Reykjavík,Iceland,"Western European Time, Greenwich Mean Time"
India,New Delhi,Republic of India,Indian Standard Time
Indonesia,Jakarta,Republic of Indonesia,Time in Indonesia
Indulgentiarum Doctrina,,,
Industrial Age,,,
Industrial warfare,,,
Ineffabilis Deus,,,
Interim Peace,,,
Interwar period,,,
Iran,Tehran,Islamic Republic of Iran,Iran Standard Time
Iraq,Baghdad,Republic of Iraq,Arabia Standard Time
Israel,"Jerusalem, Status of Jerusalem",State of Israel,Israel Standard Time
Italy,Rome,Italian Republic,Central European Time
Ivory Coast,"Abidjan, Yamoussoukro",Republic of Côte d'Ivoire,Greenwich Mean Time
Jamaica,"Kingston, Jamaica",Jamaica,
Japan,Tokyo,Japan,Japan Standard Time
Jersey,,,
Jordan,Amman,Hashemite Kingdom of Jordan,
Kazakhstan,Astana,Republic of Kazakhstan,Time in Kazakhstan
Kenya,Nairobi,Republic of Kenya,East Africa Time
Kingdom of Tahiti,Papeete,Kingdom of Tahiti,
Kingdom of the Netherlands,Amsterdam,Kingdom of the Netherlands,"Atlantic Standard Time, Central European Summer Time, Central European Time"
Kiribati,South Tarawa,Republic of Kiribati,
Kurumbranad,,,
Kuwait,Kuwait City,State of Kuwait,UTC+03:00
Kyrgyzstan,Bishkek,", Kyrgyz Republic",Kyrgyzstan Time
Kʼicheʼ kingdom of Qʼumarkaj,Qʼumarkaj,,
Laos,Vientiane,Lao People's Democratic Republic,Time in Laos
Latvia,Riga,Republic of Latvia,Eastern European Time
Lebanon,Beirut,Republic of Lebanon,Eastern European Time
Lesotho,Maseru,Kingdom of Lesotho,
Liberia,Monrovia,Republic of Liberia,Greenwich Mean Time
Liberian Constitution of 1847,,,
Libya,"Tripoli, Libya",State of Libya,Eastern European Time
Liechtenstein,Vaduz,Principality of Liechtenstein,Central European Time
List of High Commissioners of the United Kingdom to Zambia,,,
List of ambassadors of Luxembourg to India,,,
List of ambassadors of the United Kingdom to China,,,
List of ambassadors of the United Kingdom to Croatia,,,
List of ambassadors of the United Kingdom to Eritrea,,,
List of ambassadors of the United Kingdom to Indonesia,,,
List of ambassadors of the United Kingdom to Kazakhstan,,,
List of ambassadors of the United Kingdom to Luxembourg,,,
List of ambassadors of the United Kingdom to Morocco,,,
List of ambassadors of the United Kingdom to Somalia,,,
List of ambassadors of the United Kingdom to Tajikistan,,,
List of ambassadors of the United Kingdom to Yemen,,,
List of diplomats of the United Kingdom to Egypt,,,
List of diplomats of the United Kingdom to Qatar,,,
List of diplomats of the United Kingdom to the Gambia,,,
List of gardener-botanist explorers of the Enlightenment,,,
List of sovereign states,,,
Lithuania,Vilnius,Republic of Lithuania,Eastern European Time
Lithuanian Soviet Socialist Republic (1918–1919),Vilnius,Lithuanian Soviet Socialist Republic,
Luxembourg,Luxembourg City,Grand Duchy of Luxembourg,Central European Time
Mac William Íochtar,Kilmaine,Lower Mac William,
Macau,,,
Madagascar,Antananarivo,Republic of Madagascar,East Africa Time
Malawi,Lilongwe,Republic of Malawi,Central Africa Time
Malaysia,"Putrajaya, Kuala Lumpur",Malaysia,Malaysian Standard Time
Maldives,Malé,Republic of Maldives,Time in Maldives
Mali,Bamako,Republic of Mali,Greenwich Mean Time
Malta,Valletta,Republic of Malta,
Marshall Islands,Delap-Uliga-Djarrit,Republic of the Marshall Islands,
Mauritania,Nouakchott,Islamic Republic of Mauritania,Greenwich Mean Time
Mauritius,Port Louis,Republic of Mauritius,Mauritius Time
Metsepole,,Livonian county of Metsepole,
Mexican Texas,,,
Mexican cuisine,,,
Mexico,Mexico City,United Mexican States,Time in Mexico
Moldova,Chișinău,Republic of Moldova,Eastern European Time
Monaco,"Monaco City, City-state",Principality of Monaco,Central European Time
Mongolia,Ulaanbaatar,Mongolia,
Montenegro,Podgorica,Montenegro,Central European Time
Morocco,Rabat,Kingdom of Morocco,
Mozambique,Maputo,Republic of Mozambique,Central Africa Time
Muchinga,,,
Myanmar,Naypyidaw,Republic of the Union of Myanmar,Myanmar Standard Time
Namibia,Windhoek,Republic of Namibia,Central Africa Time
Nauru,"De jure, Yaren District",Republic of Nauru,
Nepal,Kathmandu,Nepal,Nepal Standard Time
Netherlands,,,
New Caledonia,,,
New Zealand,Wellington,New Zealand,Time in New Zealand
Nicaragua,Managua,Republic of Nicaragua,Central Time Zone
Niger,Niamey,Republic of the Niger,West Africa Time
Nigeria,Abuja,Federal Republic of Nigeria,West Africa Time
Nippon Sei Ko Kai,,,
North Korea,Pyongyang,Democratic People's Republic of Korea,Time in North Korea
Norway,Oslo,Kingdom of Norway,Central European Time
Oman,"Muscat, Oman",Sultanate of Oman,http://dbpedia.org/resource/Persian_Gulf_Standard_Time
Pakistan,Islamabad,Islamic Republic of Pakistan,Pakistan Standard Time
Palau,Ngerulmud,Republic of Palau,
Panama,Panama City,Republic of Panama,Eastern Time Zone
Papua New Guinea,Port Moresby,Independent State of Papua New Guinea,Time in Papua New Guinea
Paraguay,Asunción,Republic of Paraguay,UTC–4
Patea (New Zealand electorate),,,
Patria Nueva,Santiago de Chile,State of Chile,
Pavlenishvili,,,
Països Catalans,,,
Peirce's criterion,,,
Peking,,,
Peloponnesian Senate,"Tripoli, Greece",Senate of the entire People of the Peloponnese provinces,
People's Republic of Benin,Porto-Novo,People's Republic of Benin,
People's Republic of Poland,,,
Personal Rule,,,
Peru,Lima,Republic of Peru,Time in Peru
Perú,,,
Pfäfers Abbey,,Pfäfers Abbey,
Philippines,"Manila, Metro Manila",Republic of the Philippines,Philippine Standard Time
Poland,Warsaw,Republic of Poland,Central European Time
Portugal,Lisbon,Portuguese Republic,"Western European Time, Atlantic/Azores"
Powys Fadog,"Castell Dinas Brân, Glyndyfrdwy",Principality of Powys Fadog,
Praeneste,,,
Presidential Unit Citation (United States),,,
Prince-Bishopric of Augsburg,"Augsburg, Dillingen an der Donau",Prince-Bishopric of Augsburg,
Prince-Bishopric of Montenegro,Cetinje,Prince-Bishopric of Montenegro,
Prince-Bishopric of Würzburg,Bishop of Würzburg,Prince-Bishopric of Würzburg,
Princely Abbey of Fulda,Fulda,Princely Abbey; Prince-Bishopric of Fulda,
Principality of Albania (medieval),Durrës,Principality of Albania,
Principality of Erfurt,Erfurt,Principality of Erfurt,
Principality of Guria,Ozurgeti,Principality of Guria,
Principality of Koknese,Koknese Castle,Principality of Koknese,
Principality of Peremyshl,Przemyśl,Principality of Peremyshl,
Principality of Piombino,Piombino,Principality of Piombino,
Principality of Salm,"Bocholt, Germany",Principality of Salm,
Principality of Transylvania (1711–1867),"Cluj-Napoca, Sibiu",Principality of Transylvania,
Prome Kingdom,Pyay,Kingdom of Prome,
Protectorate of Peru,Lima,Protectorate of Peru,
Province of Pomerania (1815–1945),Szczecin,Province of Pomerania,
Provinces of Sri Lanka,,,
Provisional Government of National Defence,Thessaloniki,Provisional Government of National Defence,
Provisional Government of Oregon,"Oregon City, Oregon",Provisional Government of Oregon,
Provisional Government of the Northern Region,Arkhangelsk,"Provisional Government of the Northern Region, Северный край, Временное правительство Северной области Severnyy Krai",
Provisional IRA,,,
Pueblo V Period,,,
Punjab region,,,
Pushyabhuti dynasty,"Thanesar, Kannauj","Pushyabhuti dynasty, ",
Qajar Iran,Tehran,Sublime State of Iran,
Qatar,Doha,State of Qatar,Arabia Standard Time
Qatif,,,
Qatna,,Kingdom of Qatna,
Qi (Henan),"Qi County, Kaifeng",State of Qi,
Qin dynasty,Xianyang,Qin,
Quadrennium,,,
Qutaibi,,Qutaibi Sheikhdom,
Regency of Algiers,,,
Reichskommissariat Niederlande,Amsterdam,Reich Commissariat for the Occupied Dutch Territories,
Republic of Alba (1944),"Alba, Piedmont",Republic of Alba,
Republic of Benin (1967),Benin City,Republic of Benin,
Republic of Cabinda,Cabinda (city),Republic of Cabinda,
Republic of Haiti (1859–1957),Port-au-Prince,Republic of Haiti,
Republic of Ireland,Dublin,Ireland,Greenwich Mean Time
Republic of Lucca,Lucca,Most Serene Republic of Lucca,
Republic of Macedonia,,,
Republic of Minerva,,Republic of Minerva,
Republic of Negros,Bacólod,Republic of Negros,
Republic of Venezuela,Caracas,Republic of Venezuela,
Republic of the Congo,Brazzaville,Republic of the Congo,West Africa Time
Revolutionary Government of the Republic of Indonesia,Padang,Revolutionary Government of the Republic of Indonesia,
Rohan (Middle-earth),,,
Roman Italy,"Rome, Mediolanum, Ravenna",Italy,
Romania,Bucharest,Romania,Eastern European Time
România,,,
Ross Dependency,,,
Ruanda-Urundi,Bujumbura,Territory of Ruanda-Urundi,
Russia,Moscow,Russian Federation,
Rwanda,Kigali,Republic of Rwanda,Central Africa Time
Réunion,,,
Sabine Parish,,,
Saint Kitts and Nevis,Basseterre,Federation of Saint Christopher and Nevis,Atlantic Standard Time
Saint Lucia,Castries,Saint Lucia,Atlantic Standard Time
Saint Pierre and Miquelon,,,
Saint Vincent and the Grenadines,Kingstown,Saint Vincent and the Grenadines,Atlantic Standard Time
Samma dynasty,Thatta,Samma dynasty,
Samoa,Apia,Independent State of Samoa,UTC+13:00
San Marino,City of San Marino,Republic of San Marino,Central European Time
Sanjak of Albania,"Vlorë, Gjirokastër",Sanjak of Albania,
Sanjak of Niš,Niš,Sanjak of Niš,
Sanjak of Zvornik,Zvornik,Sanjak of Zvornik,
Santa Fe de Nuevo México,"Santa Fe, New Mexico",,
Sao Tome And Principe,,,
Sark,,,
Sassanid Empire,,,
Satrapy of Armenia,"Tushpa, Erebuni Fortress",Satrapy of Armenia,
Saudi Arabia,Riyadh,Kingdom of Saudi Arabia,UTC+03:00
Saxe-Coburg-Eisenach,Coburg,Duchy of Saxe-Coburg-Eisenach,
Scandinavia,,,
Scotland,,,
Senegal,Dakar,Republic of Senegal,Greenwich Mean Time
Serbia,Belgrade,Republic of Serbia,Central European Time
Serbia and Montenegro,Belgrade,"Federal Republic of Yugoslavia, Serbia and Montenegro, -",
Seychelles,"Victoria, Seychelles",Republic of Seychelles,Seychelles Time
Singapore,City-state,Republic of Singapore,Singapore Standard Time
Slovakia,Bratislava,Slovak Republic,Central European Time
Slovenia,Ljubljana,Republic of Slovenia,Central European Time
Socialist Federal Republic of Yugoslavia,Belgrade,", Federal People's Republic, Socialist Federal Republic, of Yugoslavia",
Solomon Islands,Honiara,Solomon Islands,
Somalia,Mogadishu,Federal Republic of Somalia,East Africa Time
South Africa,"Cape Town, Pretoria, Bloemfontein",Republic of South Africa,South African Standard Time
South Korea,Seoul,Republic of Korea,Korea Standard Time
South Sudan,Juba,Republic of South Sudan,Central Africa Time
Spain,Madrid,Kingdom of Spain,"Central European Time, Western European Time"
Sri Lanka,"Colombo, Sri Jayawardenepura Kotte",,Sri Lanka Standard Time
Sri Lankan Constitution of 1972,,,
Sudan,Khartoum,Republic of the Sudan,Central Africa Time
Suriname,Paramaribo,Republic of Suriname,
Svalbard,,,
Swaziland,,,
Sweden,Stockholm,Kingdom of Sweden,Central European Time
Switzerland,"Bern, De jure",Swiss Confederation,Central European Time
Syria,Damascus,Syrian Arab Republic,
Syrian cuisine,,,
São Tomé and Príncipe,São Tomé,Democratic Republic of São Tomé and Príncipe,Greenwich Mean Time
Tajikistan,Dushanbe,Republic of Tajikistan,Tajikistan Time
Tanzania,Dodoma,United Republic of Tanzania,East Africa Time
Thailand,Bangkok,Kingdom of Thailand,UTC+07:00
The Bahamas,"Nassau, Bahamas",Commonwealth of The Bahamas,Eastern Time Zone
The Gambia,Banjul,Republic of The Gambia,Greenwich Mean Time
Togo,Lomé,Togolese Republic,Greenwich Mean Time
Tonga,Nukuʻalofa,Kingdom of Tonga,
Trinidad and Tobago,Port of Spain,Republic of Trinidad and Tobago,Atlantic Standard Time
Tunisia,Tunis,Republic of Tunisia,Central European Time
Turkey,Ankara,Republic of Türkiye,Time in Turkey
Turkish women in fine arts,,,
Turkmenistan,Ashgabat,Turkmenistan,
Tuvalu,Funafuti,Tuvalu,
US Open (tennis),,,
Ubangi-Shari,,Colony of Ubangi-Shari,
Uganda,Kampala,Republic of Uganda,East Africa Time
Ukraine,Kyiv,Ukraine,Eastern European Time
Ukrainian People's Republic,Kyiv,Ukrainian People's Republic,
Ukrainian national government (1941),Lviv,Ukrainian National Government,
Uman Raion,,,"Eastern European Summer Time, Eastern European Time"
United Arab Emirates,Abu Dhabi,United Arab Emirates,Time in the United Arab Emirates
United Arab Emirates national cricket team,,,
United Kingdom,London,United Kingdom of Great Britain and Northern Ireland,"Western European Time, Greenwich Mean Time"
United Kingdom DodgeBall Association,,,
"United Kingdom of Portugal, Brazil and the Algarves","Rio de Janeiro, Lisbon","United Kingdom of Portugal, Brazil and the Algarves",
United Mexican States,,,
United States,"Washington, D.C.",United States of America,
United States Military Government in Cuba,Havana,United States Military Government in Cuba,
United States national cricket team,,,
Upper Senegal and Niger,Bamako,Colony of Upper Senegal and Niger,
Uruguay,Montevideo,Oriental Republic of Uruguay,
Uygur,,,
Uzbekistan,Tashkent,Republic of Uzbekistan,Uzbekistan Time
Valais,,,
"Valencia, Venezuela",,,Venezuelan Standard Time Zone
Vanuatu,Port Vila,Republic of Vanuatu,Time in Vanuatu
Varva Raion,,,
Vasylkiv Raion,,,"Eastern European Summer Time, Eastern European Time"
Vatican City,,Vatican City State,Central European Time
Venezuela,Caracas,Bolivarian Republic of Venezuela,Time in Venezuela
Vietnam,Hanoi,Socialist Republic of Vietnam,UTC+07:00
Vila Nova de Gaia,,,
Vilna Governorate,,Vilna Governorate,
Visayas,,,
Visegrád Group,,,
Visigothic Kingdom,"Barcelona, Toledo, Spain, Toulouse",Kingdom of the Visigoths,
Visual art of the United States,,,
Volga German Autonomous Soviet Socialist Republic,"Engels, Saratov Oblast",Volga German Autonomous Soviet Socialist Republic,
Wallis and Futuna,,,
Wellington Country,,,
Western Sahara,,,
Yemen,Sanaa,Republic of Yemen,Arabia Standard Time
Zambia,Lusaka,Republic of Zambia,Central Africa Time
Zambian people,,,
Zimbabwe,Harare,Republic of Zimbabwe,Central Africa Time
