rdf-schema#label,birthDate,weight,height,names
2 Cold Scorpio,1965-10-25,110225.0,1.8034,"2, Black Wazuma, Flash Funk, Flyin' Scorpio, Flying Wazuma, Scorpio"
Abyss (wrestler),1973-10-04,158760.0,2.032,"Justice, Chris Parks, Abyss, Chris Justice, Joseph Park, Joseph Park Esq., Prince Justice, The Original Terminator"
Ahmed Johnson,1963-06-06,138348.0,1.8796,"Siva, Ahmed Johnson, Big T, Black Superman, Moadib, Night Breeder, Tony Norris"
Al Green (wrestler),1955-10-15,127008.0,1.9304,"Al Green, Rage, Blade, Al Knitti, Big Al Green, Bounty Hunter #1, The Dog"
Al Perez,1960-07-23,111132.0,1.8542,"Al Perez, Latin Hearthrob"
Al Snow,1963-07-18,106596.0,1.8542,"Avatar, Steve Moore, Al Snow, Diamond Dave, Five Star Ninja, Leif Cassidy, Masked Ninja, Shinobi, Small Show"
Allen Coage,1943-10-22,122926.0,1.8796,"Bad News, Allen Coage, B.L. Brown, Bad News Allen, Bad News Brown, Buffalo Allen"
Andrew Pendelton III,1982-07-10,90720.0,1.8288,Andrew Pendleton III
André the Giant,1946-05-19,235872.0,2.2352,"The Machines (professional wrestling), André the Giant, , André Roussimoff, Géant Ferré, Jean Ferré"
Andy Leavine,1987-12-27,131544.0,1.9558,"Andrew Leavine, Andy Leavine, Kevin Hackman"
Angel Medina (wrestler),1972-02-28,113400.0,1.8796,"Angel, NY Rican Baldie, Newyorkican, Spanish Angel, The Kingpin"
Armando Estrada,1978-12-20,104328.0,1.8796,"Osama, Armando Alejandro Estrada, Armando Estrada, Mr. AE"
Arn Anderson,1958-09-20,115668.0,1.8542,"Arn Anderson, Jim Vertaroso, Marty Lunde, Super Olympia"
Austin Idol,1949-10-26,109771.0,1.8796,"Black Diamond, Austin Idol, Dennis McCord, Mike McCord, Often Idle, Super A, The Super Texan"
Axl Rotten,1971-04-21,125647.0,1.8796,"Axl Rotten, Brian Knighton"
B. Brian Blair,1957-01-12,106596.0,1.8542,"B. Brian Blair, Brian Blair, The Killer Bee"
Balls Mahoney,1972-04-11,138348.0,1.8796,"Mahoney, Abbudah Singh, Abudda Dein, Balls Mahoney, Ballz Mahoney, Boo Bradley, Jon Rechner, Kahoneys, Xanta Klaus"
Bam Bam Bigelow,1961-09-01,176904.0,1.9304,"Bam Bam Bigelow, Crusher Bam Bam Bigelow, Crusher Yurkov"
Baron von Raschke,1940-10-18,127462.0,1.905,"The Baron, Baron von Raschke, Fritz von Raschke, Jim Raschke, The Clawmaster"
Barry Horowitz,1959-03-24,100246.0,1.8288,"Jack Hart, Barry Hart, Barry Horowitz, Brett Hart, The Red Knight"
Barry Windham,1960-07-04,124740.0,1.9812,"Barry Windam, Barry Windham, Blackjack Mulligan Jr., Blackjack Windham, Dirty Yellow Dog, Forest Stalker/Forest Fear, The Lone Wolf, The Widowmaker"
Bearcat Wright,1932-01-13,117936.0,1.9812,"Bearcat Wright, Bearcat Wright Jr., The Black Panther"
Big Dick Dudley,1968-01-12,145152.0,2.0066,"Alexander The Great, Big Dick Dudley, The Tennessee Fist Machine"
Big Guido,1964-04-20,158760.0,1.8288,"Big Guido, Michael Fury, Mike Fury, Mike Iorio, Primo Carnera, Primo Carnera III"
Big Show,1972-02-08,173729.0,2.1336,", The Giant, Big Show, Paul Wight"
Big Van Vader,1955-05-14,,,
Bill Goldberg,1966-12-27,,,
Billy Gunn,1963-11-01,123379.0,1.905,"Rockabilly, Billy, Billy G, Billy Gunn, Cute Kip, Daddy Ass, KIP, Kip Gunn, Kip James, Kip Montana, Kip Sopp, Kip Winchester, Mr. Ass, The G-Man, The New Age Outlaw, The Outlaw"
Billy Jack Haynes,1953-07-10,111586.0,1.905,"Billy Jack, Billy Haynes, Billy Jack Haynes, Black Blood"
Billy Kidman,1974-05-11,88452.0,1.778,"Billy Kidman, Dr. Weisenburg, El Técnico, Kid Flash, Kidman"
Black Bart (wrestler),1948-01-30,158760.0,1.9304,"Ricky Harris, Black Bart, Big Train Bart, Black Bart Johnson, El Lobo, Hangman Harris, Man Mountain Harris, Rick Harris"
Blackjack Lanza,1935-10-14,114761.0,1.9558,"Blackjack Lanza, Jack Lanza, Joe Lanza"
Bo Dallas,1990-05-25,106142.0,1.8542,"Bo Dallas, Bo Rotunda, Bo Rotundo, Bo Washington, Mr. Florida, Mr. NXT, Tank Mulligan, Tank Rotunda, Tank Rotundo, Taylor Rotunda, Uncle Sam"
Bob Backlund,1949-08-14,106142.0,1.8542,"Bob Backlund, Mr. Backlund"
Bob Orton Jr.,1950-11-10,109771.0,1.8542,"Bob Orton, Bob Orton Jr., The Invader, Young Mr. Wrestling"
Bob Roop,1942-07-22,122472.0,1.8796,"All-American, Bob Roop, Maha Singh, Maya Singh, Star Warrior, The Enforcer, The Gladiator"
Bob Sapp,1973-09-22,149234.0,1.9558,
Bobby Blaze,1963-06-25,107503.0,1.8542,"Kendo the Samurai, Underdog, Bob Smedley, Bobby Blaze, D.B. Smedrock"
Bobby Duncum Jr.,1965-08-26,134266.0,1.9812,Bobby Duncum Jr.
Bobby Eaton,1958-08-14,105689.0,1.8288,"Bobby Eaton, Earl Robert Eaton"
Bobby Managoff,1918-01-04,106596.0,1.8288,Bobby Managoff
Bobby Walker (wrestler),,107957.0,1.8034,"Robbie Walker, Bobby Walker, Hurricane Walker"
Bobo Brazil,1924-07-10,122472.0,1.9812,"Bobo Brazil, Boo-Boo Brazil, BuBu Brasil, Houston Harris, Leroy Lincolnlog"
Boris Zhukov,1959-12-13,115214.0,1.8796,"Jason, Jim Nelson, Boris Zhukov, Boris Zurhkov, Mr. Russia, Private Jim Nelson"
Brad Maddox,1984-05-04,93895.2,1.8034,"Brad Maddox The Pounder, Joshua Kingsley, Lord Ruffles, Mad Braddox, The Goof"
Brad Rheingans,1953-12-13,117936.0,1.8288,Brad Rheingans
Bret Hart,1957-07-02,106596.0,1.8288,"Buddy Hart, Bret 'The Hitman' Hart"
Brian Adams (wrestler),1964-04-14,142884.0,1.9812,"Brian Adams, Crush, The Demon, Kona Crush, The American Ninja, The Midnight Soldier"
Brian Cage,1984-02-02,123379.0,1.8288,
Brian Christopher,1972-01-10,96616.8,1.778,"Brian Lawler, Brian Christopher, El Unico, Grand Master Sexay Grandmaster Sexay"
Brian Gamble,1970-04-24,99792.0,1.8288,Brian Gamble
Brian Knobbs,1964-05-06,133812.0,1.8542,Brian Knobbs
Brian Lee (wrestler),1966-11-26,129730.0,2.0066,"The Undertaker, Brian Lee, Bulldozer, Prime Time, Chainz"
Brian Pillman,1962-05-22,,,
Brock Lesnar,1977-07-12,,,
Bruce Hart (wrestler),1950-01-13,96163.2,1.7526,Bruce Hart
Brutus Beefcake,1957-04-21,123379.0,1.9304,"Eddie Hogan, The Man With No Face, The Zodiac, The Butcher, The Disciple, Brute Force, Eddie Golden, Baron Beefcake, Big Brother Booty, Brother Bruti, Brutus Beefcake, Dizzy Golden, Dizzy Hogan, Ed Boulder, The Booty Man, The Clipmaster, The Man With No Name, The Mariner"
Bryan Clark,1964-03-14,131544.0,1.9812,"Adam Bomb, Bryan Clark, The Nightstalker, Wrath"
Bryant Anderson,1970-11-06,108864.0,1.8542,Bryant Anderson
Buddy Rogers (wrestler),1921-02-20,106596.0,1.8288,"Buddy Rogers, Dutch Rogers, Herman Rohde"
Buff Bagwell,1970-01-10,111132.0,1.8542,"Christian, Buff Bagwell, Fabulous Fabian, Marcus Alexander Bagwell, Marcus Bagwell, The Handsome Stranger"
Bunkhouse Buck,1950-08-01,117936.0,1.9558,"James Golden, Avenger 1, Bunkhouse Buck, Jack Swagger Sr., Jimmy Golden"
Butch Miller (wrestler),,,,
Buzz Sawyer,1959-06-14,108864.0,1.7526,Buzz Sawyer
Buzz Tyler,1948-11-04,126554.0,1.8288,"Avalanche Tyler, Buzz Tyler>"
Charles Robinson (referee),1964-07-02,68040.0,1.6764,"Charles Robinson, Little Naitch"
Charles Wright (wrestler),,,,
Charlie Haas,1972-03-27,112946.0,1.8796,"MVC, Charlie Haas, Mr. Fiscal, R.C. Haas"
Chavo Guerrero Jr.,1970-10-20,97524.0,1.7526,"Chavo Guerrero, Chavo Guerrero Jr., Kerwin White, Lieutenant Loco, The Swagger Soaring Eagle"
Chief Jay Strongbow,1928-10-04,112039.0,1.8288,"Chief Jay Strongbow, Joe Scarpa"
Chris Benoit,1967-05-21,103874.0,1.8034,", Chris Benoit, Wild Pegasus, The Pegasus Kid"
Chris Candido,1972-03-21,102060.0,1.7272,"Skip, Chris Candido"
Chris Harris (wrestler),1973-12-25,105235.0,1.905,"Chris Harris, Braden Walker"
Chris Hero,1979-12-24,122472.0,1.9304,"Chris Hyde, Chris Hero, Brother Hero, Kassius Ohno, Wife Beater"
Chris Taylor (wrestler),1950-06-13,187000.0,1.96,
Chuck Palumbo,1971-06-15,127008.0,2.0066,"Chuck, Chuck Palumbo, The Dude"
Chuck Taylor (wrestler),1986-04-22,95256.0,1.8796,"Charles Taylor, Dustin, Chuck Taylor, Benny Figg, Bugg Nevans, Chuckie T., Howie Dewitt, Karate Durling, Mr. Azerbaijan, Rich Mahogany, Rick Beanbag, Scoot Tatum, Stewie Scrivens, Touch Phillips"
Corey Graves,1984-02-24,94348.8,1.8542,"Corey Graves, Iron City Irvin Ickleman, Sterling James Keenan, Sterling Keenan"
Corporal Kirchner,1957-09-07,119297.0,1.8796,"Axe, Leatherface, Colonel Kirchner, Corporal Kirchner, Freddie Krueger, RT Reynolds, Super Leather, Super Leather Face"
Crash Holly,1971-08-25,89812.8,1.778,"Crash, Johnny Pearson, Crash Holly, Erin O'Grady, Mad Mikey, The Green Ghost"
Curt Hennig,1958-03-28,116575.0,1.905,"Mr. Perfect, Curt Hennig"
Curtis Axel,1979-10-01,103421.0,1.905,"Curtis Axel, Joe Hennig, Michael McGillicutty"
Curtis Hughes,1964-12-07,149688.0,1.9812,"Mr. Hughes, Curtis Hughes, Big Cat Hughes, Gotch Gracie, The Big Cat, The Ruffneck"
D'Lo Brown,1970-10-22,121565.0,1.905,"A.C. Connor, A.C. Corner, Ace Brown, Ace the Animal, D'Lo Brown"
Dan Spivey,1952-10-14,131544.0,2.0066,"Dan Spivey, Mr. America, Starship Eagle, Waylon Mercy"
Danny McShain,1912-10-30,92988.0,1.8034,Danny McShain
Dave Sullivan (wrestler),1963-12-01,138348.0,1.9304,"Dave Sullivan, Captain Ron, American Hawkwind, The Equalizer"
Davey Boy Smith,1962-11-27,117936.0,1.8034,
David Schultz (professional wrestler),1955-06-01,121111.0,1.9812,"David Schultz, David Von Shultz"
Dean Malenko,1960-08-04,96163.2,1.778,"Halloween (wrestler), Dean Malenko, Dean Sarcoff, Great Pumpkin"
Dennis Knight,,,,
Derrick Dukes,1965-01-04,106596.0,1.8796,"Derek Dukes, Derrick Dukes, Luther D., Mr. O-Portunity"
Diamond Dallas Page,1956-04-05,,,
Disco Inferno (wrestler),1967-11-12,108864.0,1.8542,"Disco Inferno, La Cucaracha, Disqo, Glenn Gilbertti, Hip Hop Inferno"
Dolph Ziggler,1980-07-27,98884.8,1.8288,"Colonel Sanders, Nicky, Dolph Ziggler, Nick Nemeth"
Don Curtis,1927-05-22,86184.0,1.8542,"Don Curtis, The Buffalo Bomber"
Don Frye,1965-11-23,95256.0,1.8542,"The Predator, Don Frye"
Don Muraco,1949-09-10,124740.0,1.905,"Dr. X, Don Muraco, Aka Oni, Don Morrow, The Magnificent Muraco"
Dory Funk,1919-05-04,112946.0,1.8288,"The Outlaw, Dory Dean, Dory Deane, Dory Dillard, Dory Funk, Dory Funk Sr."
Doug Flex,,124740.0,1.8796,Doug Flex
Doug Furnas,1959-12-11,110225.0,1.778,"Can-Am Express #1, Doug Furnas"
Duke Droese,1968-08-20,138348.0,1.9812,"Garbage Man, Duke Droese, Marshall Duke, Rocco Gibraltar"
Dusty Rhodes (wrestler),,,,
Dwayne Johnson,,,,
Earl Caddock,1888-02-27,82555.2,1.8034,Earl Caddock
Ed Lewis (wrestler),1891-06-30,120204.0,1.778,Ed Lewis
Eddie Guerrero,1967-10-09,99792.0,1.7272,"Eddie Guerrero, Black Tiger, Máscara Mágica, Eddy Guerrero, El Caliente, Gory Guerrero Jr., Latino Heat"
Eddie Kingston,1981-12-12,108864.0,1.8542,"Kingston, King, Eddie Moore, Eddie Kingston"
Eric Embry,1959-07-10,101606.0,1.778,"Don Starr, Don Fulton, Eric Embry, Eric Emery"
Eric Esch,1966-08-03,171461.0,1.8034,
Ernest Roeber,,84369.6,1.7018,"Ernest Roeber, Ernst Roeber"
Ethan Carter III,1983-03-18,111586.0,1.8796,"EC3, Ethan Carter III, Agent D, Derrick Bateman, Michael Hutter, Mike Hutter"
Flash Flanagan,1974-04-06,104782.0,1.8796,"Flash Flanagan, Gregor Falcon, Kobain, Slash Venom"
Frank Trigg,1972-05-07,82101.6,1.7272,
Fred Ottman,1957-08-10,174182.0,1.905,"Typhoon, Sigfried, Tugboat, Big Bubba, Terminator, Tidal Wave, Big Man Steel, Super Shockmaster, The Shockmaster, Uncle Fred"
Freddie Blassie,1918-02-08,99792.0,1.778,"The Vampire, ""Sailor"" Fred Blassie, Blassie, Freddie Blassie, The Fashion Plate of Professional Wrestling, The Hollywood Fashion Plate"
Gary Albright,1963-05-18,160121.0,1.9304,"Gary Albright, Vokhan Singh"
Gary Hart (wrestler),1942-01-24,108410.0,1.905,"Jackal, Gary Hart"
Gary Royal,,100000.0,1.8,"Cruel Connection I, Gladiator #1, Gorgeous Gary, Super Destroyer"
Gary Wolfe (wrestler),1967-03-11,106596.0,1.7526,"Gary Wolfe, The Pitbull, Brute Force, Gary Wolf, Pitbull #1, Pitbull Spike, Wolfe Job"
Gene Snitsky,1970-01-14,139255.0,2.032,"Gene Mondo, Gene Snitsky, Snitsky"
Gene Stanlee,1917-01-01,96616.8,1.8288,"Gene Stanlee, Gene the Apollo"
Giant Haystacks,1946-10-10,311000.0,2.11,
Gino Martino,,127008.0,1.778,"Gino Martino, Millinium Killa, Muscles Martino, The Golden Gorilla"
Gorilla Monsoon,1937-06-04,181894.0,2.0066,"Bob Marella, Gino Marella, Gorilla Monsoon, Manchuria Giant"
Greg Valentine,1951-09-20,110225.0,1.8288,"The Blue Knight, Greg Valentine, Baby Face Nelson, Boxcar Willie, Johnny Fargo, Johnny Valentine Jr."
Hard Boiled Haggerty,1925-04-02,129276.0,1.8542,"Don Sparrow, Hard Boiled Haggerty"
Hardcore Holly,1963-01-29,106596.0,1.8288,"Bob Howard, Bob Holly, Bombastic Bob, Hardcore Holly, Thurman ""Sparky"" Plugg"
Harold Sakata,1920-07-01,99792.0,1.778,"Harold Sakata, Mr. Sakata, Tosh Togo, Tosh Tojo, Toska Sakata"
Henry O. Godwinn,1964-03-16,132905.0,1.9304,"Master Blaster, Henry O. Godwinn, Mark Canterbury, Shanghai Pierce"
Hercules (wrestler),1956-05-07,122472.0,1.8542,"Hercules, Mr. Wrestling III, The Mighty Hercules, Hercules Hernandez, Masked Assassin #2, Super Invader"
Hernandez (wrestler),1973-02-11,129276.0,1.8796,"Hernandez, Double Iron Sheik #2, Hotstuff Hernandez, Mr. Texas, Shawn Hernandez, The Masked Super Tex"
Hillbilly Jim,1952-07-05,145152.0,2.0066,"Big Jim, Harley Davidson, Hillbilly Jim"
Hornswoggle,1986-05-29,64411.2,1.3462,"Shortstack, A.J. Swoggle, Hardcore Wonder, Hornswoggle, Hornswoggle McMahon, La Vaca, La Vaquita, Little Bastard, Mini Delirious, Mini-Gator, Swoggle, The Big Deal"
Hulk Hogan,1953-08-11,,,
Ian Rotten,1970-06-01,126554.0,1.7526,"Ian Rotten, Johnny Lawler, Zach Blades"
Jack Brisco,1941-09-21,106142.0,1.8542,"Uvalde Slim, Jack Brisco, Tiger Brisco"
Jackson Andrews,1979-11-05,136080.0,2.1082,"Cyrus, Jackson Andrews, Steven Slocum"
Jake Roberts,1955-05-30,112946.0,1.9812,"Jake Roberts, El Diablo, The Snake, The Texan, Fred Platt, Jake Smith Jr."
James Storm,1977-06-01,104328.0,1.8288,
Jamie Noble,1976-12-23,90720.0,1.7526,"James Gibson, Jamie Noble, Jamie Howard, Jamie Knoble, Jamie-San"
Jason Cross,1979-06-13,102967.0,1.8542,"Jason Cross, Green Guy"
Jason Rumble,1972-07-18,92080.8,1.7526,"Bad Boy Jason, Jason Maggliaro, Jason Rage, Jason Rumble"
Jeff Gaylord,1958-10-15,117936.0,1.905,"The Hood, The Black Knight, Jeff Gaylord, Akeem Hassain, The New Spoiler"
Jeff Jarrett,1967-07-14,104328.0,1.8288,"Jeff Jarrett, The Blue Blazer"
Jerry Lawler,1949-11-29,110225.0,1.8288,Jerry Lawler
Jerry Sags,1964-07-05,127008.0,1.905,Jerry Sags
Jesse Ventura,1951-07-15,,,
Jim Brunzell,1949-08-13,106596.0,1.778,Jim Brunzell
Jim Duggan,1954-01-14,122472.0,1.905,"Derek Wood, Jim Duggan, Hacksaw Duggan, Hacksaw Higgins, King Duggan, The Convict"
Jim Neidhart,1955-02-08,127462.0,1.8796,"Who, Jim Neidhart"
Jimmy Del Ray,1962-11-30,104328.0,1.778,"Jimmy Backlund, Jimmy Del Ray, Jimmy Graffiti, Jumo Kenya, Jimmy Richland"
Jimmy Hart,1944-01-01,,1.778,"The Colonel, Jimmy Hart, The Memphis Chicken, The Mouth of the South, The Strapmaster"
Jimmy Snuka,1943-05-18,106596.0,1.778,"Big Snuka, Great Snuka, Jimmy Kealoha, Jimmy Snuka, Lani Kealoha, Tami Snuka, The Superfly"
Jimmy Valiant,1942-08-06,113854.0,1.905,"Charlie Brown, Jimmy Valiant"
Joe Blanchard,1928-12-07,102060.0,1.8288,"Joe Blanchard, Joltin' Joe"
Joe Malenko,1956-06-04,99792.0,1.778,"Joe Malenko, Joe Solkoff, Karl Gotch Jr."
Joey Ryan (wrestler),1979-11-07,95256.0,1.778,"Joseph P. Ryan, Forsaken, Joey Ryan, Chase Walker, Joey Hollywood, El Gallinero, Joey Blalock, Joey Shadow, Juicy Joey, Stardong"
John Cena,1977-04-23,,,
John Layfield,1966-11-29,,,
John Nord,1959-10-18,146513.0,2.032,"The Viking, The Barbarian, John Nord, Nord the Barbarian, The Berzerker, Yukon John"
John Tenta,1963-06-22,212285.0,1.9812,"Avalanche, Earthquake, The Shark, The Gargoyle, Golga, John Tenta, Kototenta, Kototenzan, Earthquake Evans, The Canadian Earthquake"
John da Silva,1934-06-11,,,"John Silva, John Walter da Silva"
Johnny Barend,1929-03-27,104328.0,1.8542,"Masked Man, Johnny Barend, Mighty Zorro"
Johnny Gargano,1987-08-14,90266.4,1.778,"Joey Gray, Johnny Gargano, Cedrick Von Haussen"
Johnny Valiant,1946-11-25,111132.0,1.9304,"John L. Sullivan, Johnny Valiant, Luscious Johnny V"
Johnny Weaver,1935-11-17,105689.0,1.8542,"The Grappler, Johnny Weaver, Ultimate Assassin"
Jon Andersen,1972-01-08,140162.0,1.8288,"Jon Andersen, Jon Strongman, Jon Rekon, Strong Man"
Jonathan Coachman,1973-08-12,106596.0,1.905,"The Coach, Jonathan Coachman"
Jorge González (wrestler),1966-01-31,208656.0,2.4384,"El Gigante, Giant Gonzalez, El Yeti"
Joseph Savoldi,1957-07-24,99792.0,1.8288,Joe Savoldi
Josh Mathews,1980-11-25,64864.8,1.7526,Josh Mathews
Justice Pain,1978-05-16,93895.2,1.778,Justice Pain
Kamala (wrestler),1950-05-28,172368.0,2.0066,"Jim Harris, Superfly, Bad News Harris, Kimala, Giant Kamala, Giant Kamala 1, Giant Kimala, Gigante Kimala, Kamala/Lord of The Jungle, Sugar Bear Harris, The Mississippi Mauler, Ugly Bear Harris"
Kane (wrestler),1967-04-26,,,
Ken Shamrock,1964-02-11,96163.2,1.8542,
Ken Timbs,1951-01-27,99792.0,1.8034,"The Assassin, The Raider, Fabuloso Blonde, Ken Timbs, El Gringo Loco, Mr. Class"
Kerry Von Erich,1960-02-03,115214.0,1.8796,"The Texas Tornado, Kerry Von Erich, Cosmic Cowboy #2, The Modern Day Warrior"
Kevin Nash,1959-07-09,148781.0,2.0828,"Diesel, Oz, Dr. X, Vinnie Vegas, Kevin Nash, Chet Lemon, Master Blaster Steel, Great Oz"
Kevin Thorn,1977-01-17,122472.0,1.905,"7, Vengeance, Mordecai, Serpent, Kevin Fertig, Kevin Thorn, Max Cherry, Seven Thorn"
Kevin Von Erich,1957-05-15,100699.0,1.905,Kevin Von Erich
Kevin Wacholz,,,,
Kid Kash,1969-07-31,91627.2,1.7526,"Cash, The Crow, Kid Kash, Davey Morton, David Cash, David Tyler Morton Jericho, Davey Piezono"
Kimbo Slice,1974-02-08,102060.0,1.8796,
King Kong Bundy,1955-11-07,207749.0,1.9304,"Chris Cannon, King Kong Bundy, Chris Canyon, Big Daddy Bundy, Boom Boom Bundy, Chris Bundy, Crippler Cannon, Man Mountain Cannon, Jr"
Kinji Shibuya,1921-05-16,112946.0,1.7526,"Kenji Shibuya, Kinji Shibuya, Sato Keomuka"
Kofi Kingston,1981-08-14,96163.2,1.8288,"Kofi Kingston, Kofi Sarkodie-Mensah, Kofi Nahaje Kingston, Sir Kofi Kingston"
Koko B. Ware,1958-06-20,103421.0,1.7018,"Stagger Lee, Koko B. Ware, Koko Ware, Sweet Brown Sugar"
Konnan,1964-01-06,113000.0,1.8,"Conan the Barbarian, Konan, Konnan, El Centurión, El Relámpago, Konnan el Barbaro, Max Moon, K-Dogg, Konnan the Great, Speedy Gonzales, The Comet Kid, The Latin Fury"
Lanny Poffo,1954-12-28,108864.0,1.8288,"The Genius, Lanny Poffo"
Lars Anderson (wrestler),1939-03-14,106596.0,1.905,"Lars Anderson, Luchious Lars"
Lenny Montana,1926-03-13,106596.0,1.9812,"Lenny Montana, The Zebra Kid, Len Montana, Chief Chewacki, Len Crosby, Lenny Passaforo"
Lex Luger,1958-06-02,,,
Luke Brown,1935-07-28,148781.0,2.032,"Luke Brown, Man Mountain Campbell"
Luke Graham (wrestler),1940-02-05,99338.4,1.8542,"Luke Graham, James Wolfe, El Lobo, Billy Calhoun, Mighty Yankee, Pretty Boy Calhoun, Wolfman Savage"
Luke Williams (wrestler),,,,
Manny Fernandez (wrestler),1954-07-27,124740.0,1.8288,"Manny Fernandez, Manuel Fernandez, Taurus"
Marc Mero,1960-07-09,106596.0,1.8542,"Johnny B. Badd, Marc Mero, The Wildman"
Mark Jindrak,1977-06-26,114761.0,1.9812,", Sodom, Marco Corleone, Mark Jindrak"
Mark Starr,1962-12-26,107000.0,1.8,"Doink the Clown, Mark Ashford-Smith, Mark Starr>"
Marty Jannetty,1960-02-03,106142.0,1.8034,"Marty Jannetty, Marty Oates, Marty Scoot McFadden"
Masahiro Chono,1963-09-17,107957.0,1.8542,"Masahiro Chono, Masa Chono, Tokyo Chono, Kamikaze Chono"
Masaki Sumitani,1975-12-18,,,
Mason Ryan,1982-01-13,134719.0,1.9558,"Mason Williams, Barri Griffiths, Celtic Warrior, Mason Ryan, Gladiator Goliath, Smackdown Warrior"
Matt Osborne,1957-07-27,109318.0,1.8288,"Doink the Clown, Big Bubba, Big Josh, Borne Again, Great Mustapha, Matthew Borne, Reborne Again"
Max Palmer,1927-11-27,226346.0,2.4892,Paul Bunyan
Michael Hayes (wrestler),1959-03-29,115668.0,1.8542,", Dok Hendrix, Michael ""P.S."" Hayes, Screaming Eagle, Freebird Michael Hayes, Lord Michael Hayes"
Mick Foley,1965-06-07,,,
Mike Bennett (wrestler),1985-05-16,90720.0,1.8034,"Michael Bennett, Mike Bennett, Mike Kanellis"
Mike Graham (wrestler),1951-09-22,104328.0,1.7272,Mike Graham
Mike Lane,1933-01-06,124740.0,2.032,Tarzan Mike
Mike Polchlopek,,,,
Mike Rapada,1964-08-28,108864.0,1.9304,"Mike Rapada, The Colorado Kid"
Mike Rotunda,1958-03-30,112493.0,1.905,"Irwin R. Schyster, Michael Wallstreet, Mike Drond, Mike Rotunda, Mike Rotundo, Mr. Wallstreet, V.K. Wallstreet"
Mike Von Erich,1964-03-02,107957.0,1.8796,Mike Von Erich
Mo (wrestler),1967-04-13,129276.0,1.8542,"Mo, Buzz, Bobby Knight, Sir Mo, B.J. Awesome, Marley Pryde, Mo Doink, Rob Harlem, Sir Mohammad"
Montel Vontavious Porter,1973-10-28,117482.0,1.905,"MVP, Antonio Banks, Lord of War, Antonio Bank$, Montel Vontavious Porter"
Moondog Spike,1950-05-31,156492.0,1.8796,"Dizzy Golden, Moondog Spike, Inferno #1"
Morgus the Maniac,1961-03-01,105689.0,1.905,"Morgus the Maniac, Morgus Watson"
Mosh (wrestler),1971-05-28,110225.0,1.8796,"Chaz, Mosh, Beaver Cleavage, Mother Smucker, Chaz Ware, Guardian #1, Spider #1"
Mr. Fuji,1934-05-04,122472.0,1.778,"Mr. Fuji, Mr. Fujiwara, Shintaro Fuji"
Muhammad Hassan (wrestler),1980-04-16,104782.0,1.8796,"Muhammad Hassan, Mark Magnus, Mudar Altaleb"
Mustafa Saed,1963-09-30,120204.0,1.9304,"Mustafa, Jamal Mustafa, Mustafa Saaid, Mustafa Saed, Mustapha Saed, Mr. Mustafa, Sheikh Mustafa Ali, Terrence Blalock"
"Nelson Frazier, Jr.",,,,
New Jack,1963-01-03,108864.0,1.8288,New Jack
Nick Bockwinkel,1934-12-06,108864.0,1.778,"The Phantom, Nick Warren, Dick Warren, Nick Bock, Nick Bockwinkel, Roy Diamond, Nicky Bockwinkel"
One Man Gang,1960-02-12,204120.0,2.0574,"Akeem, George Gray, Crusher Broomfield, One Man Gang, Panama Gang, Crusher Gray, U.E.I. Gang"
Onyx (wrestler),,98431.2,1.778,"Onyx, Kyle McNeely"
Orlando Jordan,1974-04-21,116575.0,1.9304,Orlando Jordan
Owen Hart,1965-05-07,102967.0,1.778,"Owen Hart, The Blue Angel, The Blue Blazer, Owen James"
Pat Tanaka,1963-08-05,102060.0,1.778,"El Gato, Pat Tanaka, Goku-Do, Tanaka-San"
Paul Ellering,1953-08-22,110678.0,1.8034,"Paul Ellering, Precious Paul Ellering, Mr. Dot Com, The Body Doc"
Paul Jones (wrestler),1942-06-16,104328.0,1.8288,"Paul Jones, Mr. Florida, Al Fredericks"
Phil Hickerson,1946-10-04,139709.0,1.8542,"Mr. Nashville, Phil Hickerson, P.Y. Chu-hi"
Philip Lafond,,,,
Quicksilver (wrestler),,78926.4,1.8288,"Quicksilver, El Hombre Blanco Enmascarado"
Randy Savage,1952-11-15,107503.0,1.8796,"Bonesaw, The Spider, Executioner, Destroyer, Randy Savage, Randy Poffo, Mr. Madness, The Big Geno"
Ranger Ross,1959-07-15,106596.0,1.778,"The Pearl, Ranger Ross"
Raven (wrestler),1964-09-08,106596.0,1.8542,"Raven, Johnny Polo, Matman, Scott Anthony, Scotty Flamingo, Scotty the Body"
Ray Candy,1951-12-03,154678.0,1.9558,"Blackstud Williams, Kareem Muhammad, Masked Superfly, Ray Candy, Super Mario Man, Commando Ray"
Reid Flair,1988-02-26,97524.0,1.905,Reid Flair
Reno Riggins,1967-01-13,103874.0,1.8034,Reno Riggins
Rey Mysterio,1974-12-11,79380.0,1.6002,"Colibri, El Nino, Rey Mysterio, Rey Misterio Jr., Rey Mysterio Jr., Super Nino, Rey Misterio II"
Ric Flair,1949-02-25,,,
Rick Fuller,1967-02-18,147420.0,1.9558,"Paul Fuller, Rick Fuller"
Rick Martel,1956-03-18,104328.0,1.8288,"The Model, Rick Martel, Gus Griffin"
Rick Rude,1958-12-07,114307.0,1.905,"Rick Rude, Ricky Rood, The WCW Phantom"
Rick Steiner,1961-03-09,127008.0,1.8034,Rick Steiner
Ricky Morton,1956-09-21,103421.0,1.8034,"Rick Morton, Richard Morton, Ricky Morton"
Ricky Steamboat,1953-02-28,106596.0,1.778,"The Dragon, Ricky Steamboat, Richard Blood, Rick Blood, Sam Steamboat Jr."
Ricochet (wrestler),1988-10-11,85276.8,1.7526,"Helios, Ricochet, Trevor Mann, Prince Puma, Cameron Locke, King Ricochet, Speedin' Black Bullet"
Rikishi (wrestler),1965-10-11,192780.0,1.8542,"Kishi, The Sultan, Junior Fatu, Alofa the Polynesian Prince, Fatu, J.R. Smooth, Rikishi, Rikishi Phatu, Solofa Fatu Jr., Sumo Rikishi, ""Make a Difference"" Fatu, Headshrinker Fatu, Hustle Rikishi, Riki-Shi"
Road Dogg,1969-05-20,109318.0,1.8542,"Jesse James, Brian Armstrong, B.G. James, Jesse James Armstrong, The Dark Secret, Road Dogg, The Roadie"
Road Warrior Hawk,1957-01-26,124740.0,1.905,"Hawk, Hawk Warrior, Road Warrior Hawk, Crusher Von Haig"
Roadkill (wrestler),1976-08-10,146513.0,1.8288,"Roadkill, Braddock, Amish Roadkill, Antoni Polaski, Tony Braddock"
Rob Conway,1974-11-28,104328.0,1.8796,"Los Conquistadores (professional wrestling), Rob Conway, Robért Conway, Raging Robby"
Rob Van Dam,1970-12-18,106596.0,1.8288,"Rob Van Dam, Rob Szatkowski, Robbie V, Matt Burn"
Rocco Rock,1953-09-01,113400.0,1.8796,"The Rock, The Executioner, Colonel DeKlerk, Rocco Rock, Antonino Rocca, Jr., Flyboy Rocco, The Cheetah Kid, The Leopard Mask"
Rodney Mack,1970-10-12,108864.0,1.8796,"Redd Dogg, Redd Dogg Begnaud, Rodney Begnaud, Rodney Mack, Badd Dogg, Mack Militant, Notorious D.O.G., Rod Begnaud"
Ron Garvin,1945-03-30,109771.0,1.778,"Ron Garvin, Mr. Knoxville, Roger Barnes, Miss Atlanta Lively, Mr. Eau Gallie"
Ron Reis,1970-04-26,165564.0,2.1844,"Reese, Evil, SWAT, The Yeti, Big Ron Studd, Ron Reis, The Super Giant Ninja, Vanilla Gorilla, Big Bomb Jones"
Ron Simmons,1958-05-15,,,
Ryback,1981-11-10,131998.0,1.905,"The Big Guy, Ryan Reeves, Ryback, Skip Sheffield"
Sami Callihan,1987-09-01,95256.0,1.7526,"Sami Callihan, Jeremiah Crane, Solomon Crowe, Jeremiah Snake"
Savio Vega,1964-08-10,117936.0,1.8034,"TNT, Kwang, Savio Vega, El Corsario, El Corsario I, Hombre Dinamita, Hombre Que Ellos Llaman TNT, The Caribbean Kid"
Scorpio Sky,1983-04-02,94348.8,1.778,"Harold, Mason Andrews, Scorpio Sky, Gallinero Tres"
Scott Casey,1947-03-19,114761.0,1.8288,Scott Casey
Scott Hall,1958-10-20,,,
Scott Norton,1961-06-15,163296.0,1.905,Scott Norton
Scott Putski,1966-05-22,117936.0,1.8034,
Scott Steiner,1962-07-29,125194.0,1.8542,"Scott Steiner, Scott Rechsteiner"
Scotty 2 Hotty,1973-07-02,99792.0,1.7526,"Scott Taylor, Scotty 2 Hotty, Scott Garland, Skippy Taylor"
Scotty Riggs,1971-03-01,113854.0,1.8288,"Riggs, Kendo the Samurai, Scott Studd, Scotty Anton, Scotty Riggs"
Sean Casey (wrestler),1972-02-01,94802.4,1.778,"Sean Casey, K.C. Sunshine, Steve Casey"
Sean O'Haire,1971-02-25,122472.0,1.9812,Sean O'Haire
Sean Waltman,1972-07-13,96163.2,1.8542,"6, X, Pac, The Kid, The 1–2–3 Kid, X-Pac, Sean Waltman, Syxx, Syxx-Pac, The Lightning Kid, The Cannonball Kid, The Kamikaze Kid"
Sgt. Slaughter,1948-08-27,138348.0,1.9812,"The Executioner, Sgt. Slaughter, Super Destroyer Mark II, Matt Burns, Bob Remus, Bob Slaughter"
Shane Douglas,1964-11-21,108864.0,1.8288,"Mike Kelly, The Franchise, Shane Douglas, Dean Douglas, Troy Martin, Troy Orndorff"
Shawn Michaels,1965-07-22,102060.0,1.8542,"Shawn Michaels, Sean Michaels"
Shawn Stasiak,,113400.0,1.9304,"Meat, Shawn Stasiak"
Shelton Benjamin,1975-07-09,112493.0,1.8796,"Shelton Benjamin, Shelton X Benjamin, Shelton Benjamin Benjamin"
Sid Eudy,1960-12-16,143791.0,2.0574,"Lord Humongous, Sid, Sycho Sid, Sid Vicious, Sid Justice, Psycho Sid, Sid Eudy, Vicious Warrior, Sid Steele"
Slyck Wagner Brown,1979-09-05,106596.0,1.8796,"SWB, Underground King, Slyck Wagner Brown"
Smasher Sloan,1935-07-07,124740.0,1.8796,
Sonjay Dutt,1982-04-07,84369.6,1.7272,"Sonjay Dutt, Monster J, Schwagg Dutt"
Sonny Siaki,1974-07-23,109771.0,1.8542,"Money, Cocky Siaki, Hawaiian GQ, Sonny Siaki"
Spike Dudley,1970-08-13,68040.0,1.7272,"Brother Runt, Matt Hyson, Spike Dudley"
Stephen Cepello,1949-06-29,127915.0,1.9304,Steve Strong
Steve Armstrong,1965-03-16,101606.0,1.8542,"The Falcon, Steve James, The Bullet, Steve Armstrong, Lance Cassidy"
Steve DiSalvo,1949-04-07,131544.0,1.8796,"Minotaur, Steve Strong, Steve DiSalvo, Indian Warrior, Mighty Yankee, Billy Jack Strong, Sadistic Steve, Strangler DiSalvo"
Steve Doll,1960-12-09,108864.0,1.8288,"Steve Dunn, Steve Doll, Steven Dunn"
Steve Lombardi,1961-04-18,112493.0,1.8288,"Doink the Clown, MVP, The Black Knight, Abe ""Knuckleball"" Schwartz, Kim Chee, Steve Lombardi, The Boston Brawler, The Brooklyn Brawler, The Broad Street Brawler"
Stevie Richards,1971-10-09,104328.0,1.8796,", Steven Richards, Steve Richards, Stevie Richards, Big Stevie Cool, Dr. Stevie, Dr. Stevie Richards, Stevie Flamingo, Stevie Night Heat, Stevie the Body"
Stone Cold Steve Austin,1964-12-18,,,
Tank Abbott,1965-04-26,113400.0,1.8288,
Tatanka (wrestler),1961-06-08,129276.0,1.8796,"The Legend, Tatanka, War Eagle, American War Eagle, Red Blade"
Ted Arcidi,1958-06-16,129276.0,1.8034,Ted Arcidi
Ted DiBiase,1954-01-18,117936.0,1.905,"Ted DiBiase, The Million Dollar Man"
Terry Funk,1944-06-30,112039.0,1.8542,"The Texan, Black Baron, Chainsaw Charlie, Terry Funk, Dr Knows-it-All"
Terry Gordy,1961-04-23,131090.0,1.9304,"Kane, The Executioner, Terry ""Bam Bam"" Gordy, Terry Mecca"
Terry Taylor,1955-08-12,102060.0,1.8542,", Terrance Taylor, Terry Taylor, Dr. Feelgood, The Red Rooster, Scary Terry Taylor, Taylor Made Man"
Test (wrestler),1975-03-17,,,
The Honky Tonk Man,1953-01-25,110225.0,1.8542,"Danny Condrey, The Honky Tonk Man, Wayne Ferris, Honky Tonk Wayne"
The Iron Sheik,,,,"Col. Mustafa, Great Hossein Arab, The Iron Sheik, Ali Waziri"
The McGuire Twins,,,,"The McGuire Twins, ""World's Heaviest Twins"", The McCrary Twins"
The Patriot (wrestler),1961-12-21,124740.0,1.9558,"The Trooper, The Patriot, Del Wilkes"
The Renegade (wrestler),1965-10-16,115668.0,1.778,"The Renegade, Rio, Lord of the Jungle"
The Ultimate Warrior,1959-06-16,127008.0,1.8796,"Jim Justice, The Warrior, Blade Runner Rock, The Ultimate Warrior, Dingo Warrior, Jim Hellwig"
The Undertaker,1965-03-24,140162.0,2.0828,"The Undertaker, , Commando, The Punisher, Texas Red, Dice Morgan, Mark Callous, Mean Mark, Mean Mark Callous, The Master of Pain, Kane the Undertaker"
Thrasher (wrestler),1969-06-13,111132.0,1.9304,"Thrasher, The Spider, Sister Angelica, Glenn Ruth, Frankie Favorite, Guardian #2, Spider #2, The Royal Spider"
Tim Fischer (wrestler),1967-11-07,106596.0,1.8542,"Tim Fisher, Buddy West, Damien Steele, Nick Beat"
Tim Sylvia,1976-03-05,120204.0,2.032,
Tito Santana,1953-05-10,106142.0,1.8796,", El Matador, Tito Santana, Merced Solis, Richard Blood, Chico Santana, Tino Santana"
"Tom Lister, Jr.",,,,
Tom Prichard,1959-08-18,104328.0,1.778,"Dr. X, Zip, Tom Prichard, Dr. Tom Prichard"
Tommy Jammer,,108864.0,1.8796,"Tom Walsh, Tommy Jammer, Nutri Rockne, Tommy Ventura"
Tommy Rogers (wrestler),1961-05-14,100699.0,1.7526,"Tommy Rogers, Tommy Couch"
Tommy Seigler,1938-09-24,104328.0,1.8542,Tommy Seigler
Tonga Fifita,,,,
Tony Anthony,1960-04-12,106596.0,1.778,"Tony Anthony, The Invader, Dirty White Boy, T.L. Hopper, Uncle Cletus, Mighty Yankee, American Eagle II, Grappler #2"
Tony DeVito,1972-01-20,102060.0,1.778,"DeVito, Macho Libre, Tony DeVito, Bobby DeVito"
Tony Jones (wrestler),1971-04-06,122472.0,1.9558,"Tony Jones, Hard to Kill"
Tony Marino,1931-04-20,106596.0,1.7526,"Tony Marino, Battman, Devil Blue, Dino Lanza"
Tor Kamata,1937-03-09,158760.0,1.905,"Dr. Moto, Mr. Moto, Tor Kamata, ""King"" Tor Kamaka, Killer Moto, Tor Kamaka"
Tracy Smothers,1962-09-02,106596.0,1.8542,"Jason the Terrible, Tracy Smothers, Freddie Joe Floyd, Shaquille Ali"
Travis Tomko,1976-03-23,124740.0,1.9812,"''', Tomko, Travis Bain, Travis Bane, Travis Tomko, Tyson Tomko"
Triple H,1969-07-27,,,
Umaga (wrestler),1973-03-28,158760.0,1.8796,
Uncle Elmer,1937-08-16,195048.0,2.0828,"Big Tex, Giant Hillbilly, The Lone Ranger, Congorilla, Hillbilly Elmer, The Convict, Plowboy Frazier, Uncle Elmer, A-Team #2, Cowboy Frazier, Ed Younger, Farmer Boy Frazier, Giant Frazier, Kamala II, Lieutenant Frazier, Pascagoula Plowboy, Playboy Frazier, Tex Frazier, The Country Plowboy, The Giant Rebel, Tiny Frazier, Tiny the Plowboy"
Vic Grimes,1963-01-03,142884.0,1.9304,"Grimes, Key, Vic Grimes, Vic Murdoch"
Vince McMahon,1945-08-24,,,
Vinnie Ferrari,1971-07-23,113400.0,1.8542,"Kevin Olmstead, Vinnie Ferrari, Backyard Superstar"
Vladimir Kozlov,1979-04-27,136987.0,1.9812,"Alexander Kozlov, Vladimir Kozlov, Oleg Prudius"
Wolfie D,1973-12-07,107957.0,1.8542,"Slash, Cerebus, Cyberpunk Fire, Wolfie D, Air Wolfe"
Xavier Woods,1986-09-04,92988.0,1.8034,"Xavier Woods, Austin Creed, Consequences Creed, King Woods, Rasheed Lucius Creed"
Yokozuna (wrestler),1966-10-02,267170.0,1.9304,"Yokozuna, Great Kokina, Kokina Maximus, Wild Samoan Kokina"
Zach Gowen,1983-03-30,70308.0,1.8034,"Tenacious Z, Zach Gowen, Pogo the 1 Legged Boy"
Ángel Acevedo,1945-01-27,81648.0,1.7018,"El Mercenario, The Cuban Assassin, Angelo Castro, The Cuban Commando"
