rdf-schema#label,genus,species,status
Acadian flycatcher,Empidonax,virescens,LC
Aguiguan reed warbler,Acrocephalus,nijoi,EX
Aleutian tern,Onychoprion,aleuticus,VU
Alpine swift,Tachymarptis,melba,LC
American goldfinch,Spinus,tristis,LC
Amur falcon,Falco,amurensis,LC
Antillean crested hummingbird,Orthorhyncus,cristatus,"LC, CITES_A2"
Antillean nighthawk,Chordeiles,gundlachii,LC
Aplomado falcon,Falco,femoralis,LC
Atlantic yellow-nosed albatross,Thalassarche,chlororhynchos,EN
Australasian swamphen,Porphyrio,melanotus,
Bachman's sparrow,Peucaea,aestivalis,NT
Baikal teal,Sibirionetta,formosa,"LC, CITES_A2"
Bald eagle,Haliaeetus,leucocephalus,"LC, CITES_A2"
Belcher's gull,Larus,belcheri,LC
Bell's vireo,Vireo,bellii,LC
Bicknell's thrush,Catharus,bicknelli,"VU, G4"
Black-backed oriole,Icterus,abeillei,LC
Black-backed swamphen,Porphyrio,indicus,
Black-chinned hummingbird,Archilochus,alexandri,"LC, CITES_A2"
Black-headed grosbeak,Pheucticus,melanocephalus,LC
Black-headed nightingale-thrush,Catharus,mexicanus,LC
Black-tailed gnatcatcher,Polioptila,melanura,LC
Black drongo,Dicrurus,macrocercus,LC
Black guillemot,Cepphus,grylle,LC
Black kite,Milvus,migrans,LC
Black oystercatcher,Haematopus,bachmani,LC
Blackpoll warbler,Setophaga,striata,NT
Blue jay,Cyanocitta,cristata,LC
Blyth's reed warbler,Acrocephalus,dumetorum,LC
Bohemian waxwing,Bombycilla,garrulus,LC
Bonaparte's gull,Chroicocephalus,philadelphia,LC
Botteri's sparrow,Peucaea,botterii,LC
Brewer's blackbird,Euphagus,cyanocephalus,LC
Bridled white-eye,Zosterops,conspicillatus,"EN, EX"
Broad-tailed hummingbird,Selasphorus,platycercus,"LC, CITES_A2"
Broad-winged hawk,Buteo,platypterus,LC
Bronze mannikin,Spermestes,cucullata,LC
Bronzed cowbird,Molothrus,aeneus,LC
Brown-chested martin,Progne,tapera,LC
Brown-headed cowbird,Molothrus,ater,LC
Brown jay,Psilorhinus,morio,LC
Brown noddy,Anous,stolidus,LC
Brown shrike,Lanius,cristatus,LC
Brown thrasher,Toxostoma,rufum,LC
Bryan's shearwater,Puffinus,bryani,CR
Buff-bellied hummingbird,Amazilia,"yucatanensis, buff-bellied hummingbird","LC, CITES_A2"
Burrowing owl,Athene,cunicularia,"LC, CITES_A2"
Cackling goose,Branta,hutchinsii,LC
California quail,Callipepla,californica,LC
Canvasback,Aythya,valisineria,LC
Canyon wren,Catherpes,mexicanus,LC
Cassin's auklet,Ptychoramphus,aleuticus,NT
Cassin's sparrow,Peucaea,cassinii,LC
Cerulean warbler,Setophaga,cerulea,NT
Chestnut-collared longspur,Calcarius,ornatus,VU
Chestnut-sided warbler,Setophaga,pensylvanica,LC
Christmas shearwater,Puffinus,nativitatis,LC
Cinnamon bittern,Ixobrychus,cinnamomeus,LC
Clark's nutcracker,Nucifraga,columbiana,LC
Clay-colored sparrow,Spizella,pallida,LC
Collared petrel,Pterodroma,brevipes,VU
Common black hawk,Buteogallus,anthracinus,LC
Common chaffinch,Fringilla,coelebs,LC
Common crane,Grus,grus,"LC, CITES_A2"
Common gallinule,Gallinula,galeata,LC
Common ground dove,Columbina,passerina,LC
Common merganser,Mergus,merganser,LC
Common murre,Uria,aalge,LC
Common redpoll,Acanthis,flammea,LC
Connecticut warbler,Oporornis,agilis,LC
Cook's petrel,Pterodroma,cookii,VU
Cooper's hawk,Accipiter,cooperii,LC
Cordilleran flycatcher,Empidonax,occidentalis,LC
Corn crake,Crex,crex,LC
Crested bobwhite,Colinus,cristatus,LC
Crissal thrasher,Toxostoma,crissale,LC
Cuban vireo,Vireo,gundlachii,LC
Downy woodpecker,Dryobates,pubescens,LC
Dusky warbler,Phylloscopus,fuscatus,LC
Eared quetzal,Euptilotis,neoxenus,"LC, G3"
Eastern kingbird,Tyrannus,tyrannus,LC
Eastern marsh harrier,Circus,spilonotus,LC
Eastern whip-poor-will,Antrostomus,vociferus,NT
Eurasian bullfinch,Pyrrhula,pyrrhula,LC
Eurasian woodcock,Scolopax,rusticola,LC
Far Eastern curlew,Numenius,madagascariensis,EN
Fish crow,Corvus,ossifragus,LC
Flammulated owl,Psiloscops,flammeolus,"LC, CITES_A2"
Fox sparrow,Passerella,iliaca,LC
Gilded flicker,Colaptes,chrysoides,"LC, G5"
Golden-crowned warbler,Basileuterus,culicivorus,LC
Golden-winged warbler,Vermivora,chrysoptera,NT
Gray hawk,Buteo,plagiatus,LC
Great blue heron,Ardea,herodias,LC
Great crested flycatcher,Myiarchus,crinitus,LC
Great frigatebird,Fregata,minor,LC
Great horned owl,Bubo,virginianus,"LC, CITES_A2"
Great skua,Stercorarius,skua,LC
Greater white-fronted goose,Anser,albifrons,LC
Green-breasted mango,Anthracothorax,prevostii,"LC, CITES_A2"
Green-winged teal,Anas,carolinensis,LC
Guam flycatcher,Myiagra,freycineti,EX
Hairy woodpecker,Leuconotopicus,villosus,LC
Hammond's flycatcher,Empidonax,hammondii,LC
Harris's sparrow,Zonotrichia,querula,NT
Hawaiian duck,Anas,wyvilliana,EN
Hawfinch,Coccothraustes,coccothraustes,LC
Hen harrier,Circus,cyaneus,LC
Hepatic tanager,Piranga,flava,LC
Hermit warbler,Setophaga,occidentalis,LC
Himalayan snowcock,Tetraogallus,himalayensis,LC
Hooded crane,Grus,monacha,"VU, CITES_A1"
Hooded merganser,Lophodytes,cucullatus,LC
House sparrow,Passer,domesticus,LC
Kittlitz's murrelet,Brachyramphus,brevirostris,NT
La Sagra's flycatcher,Myiarchus,sagrae,LC
Ladder-backed woodpecker,Dryobates,scalaris,LC
Laysan albatross,Phoebastria,immutabilis,NT
Laysan duck,Anas,laysanensis,"CR, CITES_A1"
Laysan rail,Zapornia,palmeri,EX
Least bittern,Ixobrychus,exilis,LC
Least flycatcher,Empidonax,minimus,LC
Lesser Antillean bullfinch,Loxigilla,noctis,LC
Lesser black-backed gull,Larus,fuscus,LC
Limpkin,Aramus,guarauna,"LC, G5"
Loggerhead shrike,Lanius,ludovicianus,"NT, G4"
Long-billed thrasher,Toxostoma,longirostre,LC
Long-tailed duck,Clangula,hyemalis,VU
Lucy's warbler,Leiothlypis,luciae,LC
Mangrove swallow,Tachycineta,albilinea,LC
Manx shearwater,Puffinus,puffinus,LC
Marbled murrelet,Brachyramphus,marmoratus,EN
Mariana kingfisher,Todiramphus,albicilla,
Masked tityra,Tityra,semifasciata,LC
Mexican jay,Aphelocoma,wollweberi,LC
Middendorff's grasshopper warbler,Helopsaltes,ochotensis,LC
Millerbird,Acrocephalus,familiaris,CR
Mississippi kite,Ictinia,mississippiensis,LC
Monk parakeet,Myiopsitta,monachus,LC
Mottled owl,Strix,virgata,"LC, CITES_A2"
Mourning warbler,Geothlypis,philadelphia,LC
Mugimaki flycatcher,Ficedula,mugimaki,LC
Murphy's petrel,Pterodroma,ultima,LC
Mute swan,Cygnus,olor,LC
Nelson's sparrow,Ammospiza,nelsoni,LC
Northern giant petrel,Macronectes,halli,LC
Northern shoveler,Spatula,clypeata,LC
Orange-crowned warbler,Leiothlypis,celata,LC
Oriental cuckoo,Cuculus,optatus,LC
Oriental pratincole,Glareola,maldivarum,LC
Parakeet auklet,Aethia,psittacula,LC
Peregrine falcon,Falco,peregrinus,"LC, CITES_A1"
Phoenix petrel,Pterodroma,alba,VU
Plain pigeon,Patagioenas,inornata,NT
Prairie warbler,Setophaga,discolor,LC
Puerto Rican bullfinch,Melopyrrha,portoricensis,LC
Puerto Rican spindalis,Spindalis,portoricensis,LC
Red-breasted sapsucker,Sphyrapicus,ruber,LC
Red-cockaded woodpecker,Leuconotopicus,borealis,"NT, G3"
Red-faced cormorant,Urile,urile,LC
Red-flanked bluetail,Tarsiger,cyanurus,LC
Red-masked parakeet,Psittacara,erythrogenys,NT
Red-winged blackbird,Agelaius,phoeniceus,LC
Redhead (bird),Aythya,americana,LC
Rhinoceros auklet,Cerorhinca,monocerata,LC
Ringed kingfisher,Megaceryle,torquata,LC
Rock wren,Salpinctes,obsoletus,LC
Ruddy duck,Oxyura,jamaicensis,LC
Rufous-capped warbler,Basileuterus,rufifrons,LC
Rufous-winged sparrow,Peucaea,carpalis,LC
Rufous fantail,Rhipidura,rufifrons,LC
Rufous hummingbird,Selasphorus,rufus,"NT, CITES_A2"
Rusty blackbird,Euphagus,carolinus,VU
Sabine's gull,Xema,sabini,LC
Sage thrasher,Oreoscoptes,montanus,LC
Sanderling,Calidris,alba,LC
Scarlet tanager,Piranga,olivacea,LC
Scissor-tailed flycatcher,Tyrannus,forficatus,LC
Seaside sparrow,Ammospiza,maritima,LC
Short-tailed shearwater,Ardenna,tenuirostris,LC
Siberian blue robin,Larvivora,cyane,LC
Sinaloa wren,Thryophilus,sinaloa,LC
Smew,Mergellus,albellus,LC
Snow bunting,Plectrophenax,nivalis,LC
Snowy egret,Egretta,thula,LC
Snowy owl,Bubo,scandiacus,"VU, CITES_A2"
Social flycatcher,Myiozetetes,similis,LC
Southern martin,Progne,elegans,LC
Spectacled eider,Somateria,fischeri,NT
Spotless crake,Zapornia,tabuensis,LC
Spotted flycatcher,Muscicapa,striata,LC
Spotted towhee,Pipilo,maculatus,LC
Striated heron,Butorides,striata,LC
Stygian owl,Asio,"stygius, stygian owl","LC, CITES_A2"
Sungrebe,Heliornis,fulica,LC
Surf scoter,Melanitta,perspicillata,LC
Swainson's thrush,Catharus,ustulatus,LC
Tahiti petrel,Pseudobulweria,rostrata,NT
Taiga flycatcher,Ficedula,albicilla,LC
Tamaulipas crow,Corvus,imparatus,LC
Tawny-shouldered blackbird,Agelaius,humeralis,LC
Tennessee warbler,Leiothlypis,peregrina,LC
Thick-billed warbler,Arundinax,aedon,LC
Townsend's shearwater,Puffinus,auricularis,CR
Tree swallow,Tachycineta,bicolor,LC
Tropical kingbird,Tyrannus,melancholicus,LC
Tufted duck,Aythya,fuligula,"LC, NT"
Turkey vulture,Cathartes,aura,LC
Upland sandpiper,Bartramia,longicauda,LC
Varied bunting,Passerina,versicolor,LC
Velvet scoter,Melanitta,fusca,VU
Vervain hummingbird,Mellisuga,"minima, vervain hummingbird","LC, CITES_A2"
Violet-crowned hummingbird,Ramosomyia,"violet-crowned hummingbird, violiceps","LC, CITES_A2"
Western gull,Larus,occidentalis,LC
Whiskered auklet,Aethia,pygmaea,LC
White-browed crake,Poliolimnas,cinereus,LC
White-cheeked starling,Spodiopsar,cineraceus,LC
White-crowned sparrow,Zonotrichia,leucophrys,LC
White-faced heron,Egretta,novaehollandiae,LC
White-necked petrel,Pterodroma,cervicalis,VU
White-tailed eagle,Haliaeetus,albicilla,"LC, CITES_A1"
White-winged tern,Chlidonias,leucopterus,LC
White cockatoo,Cacatua,alba,EN
Willow ptarmigan,Lagopus,lagopus,LC
Wood warbler,Phylloscopus,sibilatrix,LC
Worm-eating warbler,Helmitheros,vermivorum,LC
Wrentit,Chamaea,fasciata,LC
Yellow-bellied sapsucker,Sphyrapicus,varius,LC
Yellow-billed cuckoo,Coccyzus,americanus,LC
Yellow-billed magpie,Pica,nuttalli,"VU, G3"
Yellow-breasted crake,Laterallus,"flaviventer, yellow-breasted crake",LC
Yellow-green vireo,Vireo,flavoviridis,LC
Yellow-headed blackbird,Xanthocephalus,xanthocephalus,LC
Yellow-legged gull,Larus,michahellis,LC
Zino's petrel,Pterodroma,madeira,EN
Zone-tailed hawk,Buteo,albonotatus,LC
