{"pageTitle": "List of most commonly challenged books in the United States - Wikipedia, the free encyclopedia", "title": "List of most commonly challenged books in the United States[1][2]", "url": "http://en.wikipedia.org/wiki/List_of_most-commonly_challenged_books_in_the_United_States", "hasHeader": true, "headerPosition": "FIRST_ROW", "tableType": "RELATION", "tableNum": 3, "s3Link": "", "recordEndOffset": 0, "recordOffset": 0, "tableOrientation": "HORIZONTAL", "TableContextTimeStampAfterTable": "{9115=This list of most commonly challenged books in the United States lists some of the books challenged from 1990 to 1999 in the United States.[1]}", "lastModified": "", "textBeforeTable": "[edit] List In the United States, many books have been challenged by a variety of groups and agencies to prevent a particular work from being read by the general public.[citation needed] In recent years, it has become more common for those challenging the availability of a book to do so on a local level, targeting public libraries and school libraries. Many communities have a formal process by which a citizen may challenge the public availability of a work. This list of most commonly challenged books in the United States lists some of the books challenged from 1990 to 1999 in the United States.[1] This article is missing information about the most commonly challenged books outside the 1990s. This concern has been noted on the talk page where whether or not to include such information may be discussed. (February 2010) e d v", "textAfterTable": "[edit] See also List of books banned by governments [edit] References ^ a b \"100 Most Frequently Challenged Books: 1990?1999\". American Library Association. 2009-07-29. http://www.ala.org/ala/issuesadvocacy/banned/frequentlychallenged/challengedbydecade/1990_1999/index.cfm. Retrieved 2010-04-01.\u00a0 ^ \"Banned and/or Challenged Books from the Radcliffe Publishing Course top 100 novels of the 20th century\". http://www.ala.org/ala/issuesadvocacy/banned/frequentlychallenged/challengedclassics/index.cfm. Retrieved 2010-09-29.\u00a0 Retrieved from \" http://en.wikipedia.org/w/index.php?title=List_of_most_commonly_challenged_books_in_the_United_States&oldid=464041731\" Categories: Lists of books Lists of controversial books Censorship in the United States Superlatives Hidden categories: Articles slanted towards recent events from February 2010 Accuracy disputes from", "hasKeyColumn": true, "keyColumnIndex": 0, "headerRowIndex": 0}