{"pageTitle": "Offizielle Liste der 200 h?chsten Geb?ude der Welt | Statistiken | EMPORIS", "title": "", "url": "http://www.emporis.de/statistics/worlds-tallest-buildings", "hasHeader": true, "headerPosition": "FIRST_ROW", "tableType": "RELATION", "tableNum": 0, "s3Link": "", "recordEndOffset": 0, "recordOffset": 0, "tableOrientation": "HORIZONTAL", "lastModified": "", "textBeforeTable": "Diese Zusammenstellung basiert auf aktuellem Datenmaterial ?ber Geb?ude und legt Datenstandards des Emporis Standards Committee (ESC) zugrunde. Sie ist die mit Abstand verl?sslichste Publikation ihrer Art und wird st?ndig auf Aktualit?t sowie Richtigkeit ?berpr?ft. Es werden ausschlie?lich Hochh?user erfasst, die ihre volle H?he erreicht haben (dies schlie?t Bauten ein, die zur Zeit im Bau sind oder deren Errichtung unterbrochen wurde). Bei der Einbeziehung von Geb?uden wird nur die jeweilige strukturelle H?he gez?hlt. Fernseht?rme, Masten oder andere Geb?udetypen werden nicht ber?cksichtigt. Offizielle Liste der 200 h\u00f6chsten Geb\u00e4ude der Welt Data Terms (ESN 45643) Structures (ESN 67890) Geography (ESN 22912) Companies (ESN 32806) Emporis Standards 2000 2001 2002 2003 2004 2005 2006 2007 2008 2009 2010 ?ber den Award Emporis Awards Die meisten", "textAfterTable": "fertiggestellt geplant im Bau nie errichtet abgerissen Bekannt aus: Yahoo! Finance Buiness Journal Reuters ZDF The Times Corporate ?ber uns Kontakt Jobs Referenzen Presse Emporis in den Medien Pressemitteilungen Medieninformationen Downloads Webseite FAQ AGB (EN) Nutzungsbedingungen (EN) Impressum Community Login Registrieren Research Login COPYRIGHT \u00a9 2000-2012 EMPORIS GMBH. ALL RIGHTS RESERVED", "hasKeyColumn": true, "keyColumnIndex": 2, "headerRowIndex": 0}