{"pageTitle": "2012 Temkin Ratings ? Temkin Experience Ratings", "title": "", "url": "http://www.temkinratings.com/temkin-ratings/temkin-experience-ratings/", "hasHeader": true, "headerPosition": "FIRST_ROW", "tableType": "RELATION", "tableNum": 0, "s3Link": "", "recordEndOffset": 0, "recordOffset": 0, "tableOrientation": "HORIZONTAL", "TableContextTimeStampAfterTable": "{51955=Copyright \u00a9 2012 Temkin Group. All rights reserved. Website Design by Metropolis Creative}", "lastModified": "", "textBeforeTable": "2012 Temkin Experience Ratings Contact Us About Temkin Web Experience Ratings Temkin Customer Service Ratings Temkin Trust Ratings Temkin Forgiveness Ratings Temkin Loyalty Ratings Temkin Experience Ratings Purchase Data Home", "textAfterTable": "See the 2011 Ratings Calculating the Temkin Experience Ratings The Temkin Experience Ratings are based on consumer feedback of their recent interactions with companies. We asked consumers to rate three components of the experience, Functional, Accessible, and Emotional, on a 7-point scale. For each component, we take the percentage of consumers that gave a rating of 6 or 7 and subtract the percentage that gave a rating of 1, 2, or 3. This results in a ?net goodness? rating for each of the three components. The overall Temkin Experience Rating is an average of the three ?net goodness? percentages. For more information, see the Temkin Experience Ratings Overview. Temkin Experience Ratings Temkin Loyalty Ratings Temkin Forgiveness Ratings Temkin Trust Ratings Temkin Customer Service Ratings Temkin Web Experience Ratings", "hasKeyColumn": true, "keyColumnIndex": 1, "headerRowIndex": 0}