{"pageTitle": "Wainwrights", "title": "", "url": "http://www.fylderamblers.org.uk/wainwrights/wainwrightslist.htm", "hasHeader": true, "headerPosition": "FIRST_ROW", "tableType": "RELATION", "tableNum": 4, "s3Link": "", "recordEndOffset": 0, "recordOffset": 0, "tableOrientation": "HORIZONTAL", "lastModified": "", "textBeforeTable": "The ranking indicates the fell's position in height order, with Scafell Pike being number 1 Select an individual fell to see details and a summit picture. \u00a0 \u00a0 \u00a0 (Book 7) The Western Fells W \u00a0 \u00a0 (Book 6) The North Western Fells NW \u00a0 \u00a0 (Book 5) The Northern Fells N South-western Area SW (Book 4) The Southern Fells S South-eastern Area SE (Book 3) The Central Fells C North-eastern Area NE (Book 2) The Far Eastern Fells FE North-western Area NW (Book 1) The Eastern Fells E \u00a0 Maps: \u00a0 Guide Books: \u00a0 The Wainwrights are the 214 fells described in Alfred Wainwright's seven-volume Pictorial Guide to the Lakeland Fells (1955?1966). The abbreviations for the maps and guide books are as follows: \u00a0 Links Archives Starting Points Other Summits Outlying Fells", "textAfterTable": "\u00a0 Return to Home Page \u00a0 \u00a0 \u00a0 \u00a0 \u00a0", "hasKeyColumn": true, "keyColumnIndex": 0, "headerRowIndex": 0}