{"pageTitle": "Cyber Fest Noz 2003 - Tableau des d?calages horaires", "title": "", "url": "http://www.antourtan.org/cyber2004/tablheures.html", "hasHeader": true, "headerPosition": "FIRST_ROW", "tableType": "RELATION", "tableNum": 5, "s3Link": "", "recordEndOffset": 0, "recordOffset": 0, "tableOrientation": "HORIZONTAL", "lastModified": "", "textBeforeTable": "\u00a0 \u00a0 Z Y X W V U T S R Q P O N M L K J I H G F E D C B A Pays", "textAfterTable": "", "hasKeyColumn": true, "keyColumnIndex": 0, "headerRowIndex": 0}