{"pageTitle": "population of all countries of the world largest to smallest", "title": "", "url": "http://www.worldatlas.com/aatlas/populations/ctypopls.htm", "hasHeader": true, "headerPosition": "FIRST_ROW", "tableType": "RELATION", "tableNum": 0, "s3Link": "", "recordEndOffset": 0, "recordOffset": 0, "tableOrientation": "HORIZONTAL", "TableContextTimeStampBeforeTable": "{390=An interactive list of countries including their (2010 estimated) populations, as well as land sizes and densities. Click on any of the bolded headings to sort this country list. Type the name of a country you're looking for in the search bar to find its individual stats.}", "lastModified": "", "textBeforeTable": "An interactive list of countries including their (2010 estimated) populations, as well as land sizes and densities. Click on any of the bolded headings to sort this country list. Type the name of a country you're looking for in the search bar to find its individual stats.", "textAfterTable": "And be the first to see our latest maps, geography facts, travel news, contest clues, photos, videos and much more. To extend this list to the end...please use the navigation arrows to the right. Home \u00a0|\u00a0\u00a0 Africa \u00a0|\u00a0\u00a0 Antarctica \u00a0|\u00a0\u00a0 Arctic \u00a0|\u00a0\u00a0 Asia \u00a0|\u00a0\u00a0 Australia \u00a0|\u00a0\u00a0 Canada \u00a0|\u00a0\u00a0 Caribbean \u00a0|\u00a0\u00a0 Central America \u00a0|\u00a0\u00a0 Europe \u00a0|\u00a0\u00a0 Islands \u00a0 Middle East \u00a0|\u00a0\u00a0 North America \u00a0|\u00a0\u00a0 South America \u00a0|\u00a0\u00a0 USA \u00a0|\u00a0\u00a0 $100 Quiz \u00a0|\u00a0\u00a0 Featured Photos \u00a0|\u00a0\u00a0 Featured Videos \u00a0", "hasKeyColumn": true, "keyColumnIndex": 1, "headerRowIndex": 0}