{"pageTitle": "AM Radio Stations", "title": "", "url": "http://www.ocalmanac.com/Media/me09.htm", "hasHeader": true, "headerPosition": "FIRST_ROW", "tableType": "RELATION", "tableNum": 6, "s3Link": "", "recordEndOffset": 0, "recordOffset": 0, "tableOrientation": "HORIZONTAL", "TableContextTimeStampAfterTable": "{6676=747 E Green St, Pasadena 91101, 27315=701 N Brand Blvd, Glendale 91203, 26895=AM 1190, 4077=1510 - KSPA 1540 - KMPC 1580 - KBLA 1600 - KMNY 1650 - KFOX, 19922=AM 1070, 7872=AM 1580, 11275=AM 1650, 16604=136 S. Oak Knoll #202, Pasadena 91101, 7689=(626) 568-1300, 25277=AM 1480, 24472=AM 1460, 3754=1300 - KAZN 1330 - KWKW 1390 - KLTX 1430 - KMRB 1460 - KTYM 1480 - KVNR, 30372=Copyright ? 2004-2006 by Given Place Media, All Rights Reserved., 12042=AM 1280, 9168=3183-D Airway Ave, Costa Mesa 92626, 21220=701 N Brand, #550, Glendale 91203, 3431=1110 - KDIS 1150 - KXTA 1190 - KXMX 1230 - KYPA 1260 - KSUR 1280 - KFRN, 16164=AM 1390, 22982=AM 1260, 9527=AM 1110, 16971=AM 1600, 25703=9355 Chapman Ave,\u00a0 #108, Garden Grove 92841, 28561=AM 1230, 27694=AM 1150, 23629=AM 1020, 7030=AM 1300, 26031=AM 1330, 18243=2800 28th St. #308, Santa Monica 90404, 26508=1645 N Vine St, #201, Los Angeles 90028, 3111=870 - KRLA 900 - KALI-AM 930 - KHJ 980 - KFWB 1020 - KTNQ 1070 - KNX, 17766=AM 1540}", "lastModified": "", "textBeforeTable": "Directory (in order of call letters) 1510 - KSPA 1540 - KMPC 1580 - KBLA 1600 - KMNY 1650 - KFOX 1300 - KAZN 1330 - KWKW 1390 - KLTX 1430 - KMRB 1460 - KTYM 1480 - KVNR 1110 - KDIS 1150 - KXTA 1190 - KXMX 1230 - KYPA 1260 - KSUR 1280 - KFRN 870 - KRLA 900 - KALI-AM 930 - KHJ 980 - KFWB 1020 - KTNQ 1070 - KNX 570 - KLAC 640 - KFI 670 - KIRN 710 - KSPN 740 - KBRT 790 - KABC 830 - KMXE By Dial Location (Directory Follows) \u00a0", "textAfterTable": "\u00a0 \u00a0 Media Main Page Browse to Next Page \u00a0 Home\u00a0\u00a0\u00a0\u00a0\u00a0 |\u00a0\u00a0\u00a0\u00a0\u00a0 Visitor Agreement\u00a0\u00a0\u00a0\u00a0\u00a0 |\u00a0\u00a0\u00a0\u00a0\u00a0 Privacy Statement Copyright ? 2004-2006 by Given Place Media, All Rights Reserved.", "hasKeyColumn": true, "keyColumnIndex": 1, "headerRowIndex": 0}