{"pageTitle": "Library | BarraOne Currencies and Countries", "title": "", "url": "http://www.barra.com/support/library/barraone_port_descriptions/barraone_currencies.asp", "hasHeader": true, "headerPosition": "FIRST_ROW", "tableType": "ENTITY", "tableNum": 4, "s3Link": "", "recordEndOffset": 0, "recordOffset": 0, "tableOrientation": "HORIZONTAL", "TableContextTimeStampAfterTable": "{38312=Last modified: 14 October 2011}", "lastModified": "", "textBeforeTable": "BarraOne supports the following countries and currencies. Depending on the context, country codes are either two or three characters. Use the currency codes as identifiers for cash assets when you import your holdings. BarraOne Currencies and Countries \u00a0 Equity Volatility Futures Commodity Futures MBS \u00a0 Currencies & Countries ETF \u00a0 EIF \u00a0 Bond Futures Instrument Types Benchmarks \u00a0 } padding: 5px 7px 7px 7px; /* for All other Browsers */ color: #666; background: #FFFFFF; background: #FFF3B3; font-size: 10px; font-family: verdana,arial, sans-serif; #subtabs { #subtabs li:first-child { border-left: none; } } white-space: nowrap; border-left: 1px solid #CCC; padding: 0 8px 0 8px; float: left; #subtabs li { } padding: 0; margin: 0; list-style-type: none; #subtabs ul { } color: #333; text-decoration: none; padding: 6px 4px 6px 10px; border-left: 1px solid #666; border-top: 1px solid #666; border-right: 1px solid #666; background: #FFF3B3; float: left; margin: 0 2px 0 0; top: 0; position: relative; #tabs a.active:hover { } color: #333; text-decoration: none; padding: 6px 4px 6px 10px; border-left: 1px solid #666; border-top: 1px solid #666; border-right: 1px solid #666; background: #FFF3B3; float: left; margin: 0 2px 0 0; top: 0; position: relative; #tabs a.active { } margin-top: 0px; padding: 5px 4px 6px 10px; top: 0; position: relative; font-weight: bold; background: #F6F6F6; #tabs a:hover { } color: #333; text-decoration: none; padding: 5px 8px 5px 10px; border-left: 1px solid #AAA; border-top:", "textAfterTable": "Last modified: 14 October 2011 \u00a0 Support Home | Contact Us | Search | Terms of Use | Privacy Pledge | ? MSCI. All Rights Reserved. Your browser does not support script.", "hasKeyColumn": true, "keyColumnIndex": 0, "headerRowIndex": 0}