{"pageTitle": "Europe \u0097 Contiki Tours", "title": "", "url": "http://contiki.com/pages/1702-europe", "hasHeader": false, "headerPosition": "NONE", "tableType": "RELATION", "tableNum": 0, "s3Link": "", "recordEndOffset": 0, "recordOffset": 0, "tableOrientation": "HORIZONTAL", "lastModified": "", "textBeforeTable": "Country information Europe is easily one of the most diverse regions of the world. With over 40 countries linked together on the second smallest continent in the world, the variety and range of cultures and experiences Europe provides is simply second to none. With over 60 itineraries as well as custom and charter tour, Contiki's Europe provides something for every traveller, adventurer, vacationer or holiday maker. @import url(\"http://downloads.contiki.com/misc/minisites/travel-resources/travel-resources.css\");", "textAfterTable": "Sights and attractions Europe has a phenomenal amount to see. Get your art fix at the Louvre in Paris, or the Academia in Rome, or get your adrenaline pumping with the outdoor activities available in the Austrian Tyrol. Step back in time in Ancient Rome and Greece, or lie on a beach along the stunning Mediterranean Coast. Check out a list of some of the most popular sights and attractions in Europe here. Check out more information on Contiki's Food and Fashion Experience. What to pack Summer Keep in mind this is not a definitive list ? everyone has individual fashion tastes, preferences, opinions, and styles in terms of what they want to wear and bring along! This is meant to be a good guide to help you in packing for your European vacation. Clothes \u0095 1 rainproof jacket/small umbrella \u0095 2 or 3 shorts/skirts \u0095 1 thick sweater \u0095 1 or 2 Swimwear and beach towel \u0095 1 or 2 pairs of jeans \u0095 2 or 3 T-shirts \u0095 Underwear \u0095 Socks \u0095 2 or 3 casual shirts \u0095 Trousers \u0095 Dresses \u0095 1 set of nice clothes (eg going out dress, tie, blazer, jacket or suit for evenings", "hasKeyColumn": true, "keyColumnIndex": 0, "headerRowIndex": 0}