{"pageTitle": "How To Be Listed on Dow Jones Industrial Average", "title": "", "url": "http://www.goodfinancialcents.com/how-to-be-listed-on-dow-jones-industrial-average/", "hasHeader": true, "headerPosition": "FIRST_ROW", "tableType": "RELATION", "tableNum": 0, "s3Link": "", "recordEndOffset": 0, "recordOffset": 0, "tableOrientation": "HORIZONTAL", "TableContextTimeStampAfterTable": "{74241=Alliance Wealth Management, LLC Jeff Rose, Certified Financial Planner? 115 S. Washington St. Carbondale, IL 62901 (866)267-2591, 19900=Update: Cisco and Traveler\u0092s Co. will be replacing GM and Citi at the end of trading June 8, 2009., 74722=Copyright ? 2008-2012 Good Financial Cents. All Rights Reserved. Disclaimers., 7075=It never fails that everyday I get the question, \u0093How did the market do?\u0094 or \u0093How\u0092s the market doing?\u0094.? The market that everybody is always referring to is the Dow Jones Industrial Average.? The Dow (for short) was founded May 26, 1896 initially only having 12 companies from important American industries (hence: \u0093Industrial\u0094 average).? The Dow currently reflects the top 30 U.S. Companies across it\u0092s various industries.? To compute the Dow that you hear about each day, a lengthy geometric formula is used that takes the price-weighted? stock price of each company and divides by the \u0093DJIA divisor\u0094.? The divisor is a number that is constantly adjust to reflect stock splits, mergers, and dividend payments.?}", "lastModified": "", "textBeforeTable": "Here\u0092s a look at the current holdings in the Dow Jones: Current Holdings Dow Jones The most common criticism of the Dow is that it only represents 30 companies yet it\u0092s recognized as \u0093The\u0094 market indicator.? Even though the S&P 500 represents the top 500 US companies and is a better reflection of our economy, when people ask me about the \u0093market\u0094, I assure you it\u0092s not the s&P 500. It never fails that everyday I get the question, \u0093How did the market do?\u0094 or \u0093How\u0092s the market doing?\u0094.? The market that everybody is always referring to is the Dow Jones Industrial Average.? The Dow (for short) was founded May 26, 1896 initially only having 12 companies from important American industries (hence: \u0093Industrial\u0094 average).? The Dow currently reflects the top 30 U.S. Companies across it\u0092s various industries.? To compute the Dow that you hear about each day, a lengthy geometric formula is used that takes the price-weighted? stock price of each company and divides by the \u0093DJIA divisor\u0094.? The divisor is a number that is constantly adjust to reflect stock splits, mergers, and dividend payments.? What is the Dow Jones? The Dow Jones Industrial average is heading for a imminent change with the expected bankruptcy filing of auto giant General Motors. With the falling out of the once legendary blue chip stock, many of my clients have inquired to how companies get listed on the Dow Jones Industrial Average and when are they replaced.? I thought", "textAfterTable": "When Does a Stock Get Dropped from the Dow? A stock is dropped from the Dow Jones when it seems warranted.?? As mentioned before, General Motors is presumed to be soon removed from the Dow especially if it files for bankruptcy.? A likely candidate to join GM is (former) banking giant Citigroup. .? Here are some of the more notable changes in recent history: September 22, 2008: Kraft Foods replaced AIG (American International Group) February 19, 2008:? (My wife\u0092s b\u0092day ? Chevron and Bank of America replaced Altria Group and Honeywell April 8, 2004: Pfizer, Verizon, and AIG replaced International Paper, AT&T, and Eastman Kodak Who Will Replace GM? GM out of the Dow? There aren\u0092t any preset rules on how a company gets replaced on the Dow.?? Looking at past replacements, typically the Dow does not replace an exiting company with another in it\u0092s same industry.? Currently, there are several speculations on which company is going to replace them.? A few possibilities include: Cisco, Visa, Amazon, Wells Fargo, and mother Google.? Time will tell. Update: Cisco and Traveler\u0092s Co. will be replacing GM and Citi at the end of trading June 8, 2009. Securities offered through LPL Financial, Member FINRA/SIPC", "hasKeyColumn": true, "keyColumnIndex": 0, "headerRowIndex": 0}