{"pageTitle": "+ the oc world +", "title": "", "url": "http://www.theanyaworld.com/ocdoppiatori.htm", "hasHeader": true, "headerPosition": "FIRST_ROW", "tableType": "RELATION", "tableNum": 0, "s3Link": "", "recordEndOffset": 0, "recordOffset": 0, "tableOrientation": "HORIZONTAL", "lastModified": "", "textBeforeTable": ".:: DOPPIATORI ::.", "textAfterTable": "\u00a0 EDIZIONE ITALIANA: SANDRO FEDELE DOPPIAGGIO ITALIANO: LaBiBi.it SONORIZZAZIONE: N.C. DIALOGHI ITALIANI: ALESSIO CIGLIANO, CECILIA GONNELLI, STEFANELLA MARRAMA, MARCO METE, ANNA RITA PASANISI DIREZIONE DEL DOPPIAGGIO: ALESSIO CIGLIANO, MARCO METE, LUCA WARD ASSISTENTI AL DOPPIAGGIO: FLAVIO CANNELLA, ROBERTA PADOAN MIX: RICCARDO CANINO \u00a0 \u00a0 fonte: Il mondo dei doppiatori", "hasKeyColumn": true, "keyColumnIndex": 0, "headerRowIndex": 0}