{"pageTitle": "The Atlas of Canada - Lakes", "title": "Ontario - Lake Areas and Elevation (lakes larger than 400 square kilometres)", "url": "http://atlas.nrcan.gc.ca/site.english/english/learningresources/facts/lakes.html", "hasHeader": true, "headerPosition": "MIXED", "tableType": "RELATION", "tableNum": 4, "s3Link": "", "recordEndOffset": 0, "recordOffset": 0, "tableOrientation": "HORIZONTAL", "TableContextTimeStampAfterTable": "{29028=Source: Canada. Environment Canada. Inland Waters Branch. 1973. Inventory of Freshwater Lakes. Ottawa.}", "lastModified": "", "textBeforeTable": "not available not available not available R\u00e9servoir Robert Bourassa not available not available not available Lac Guillaume-Delisle not available not available not available R\u00e9servoir Manicouagan 389 405 335 R\u00e9servoir Dozois 389 444 425 Lac Albanel tidal 452 443 Lac aux Feuilles 564 470 410 Lac Caniapiscau 130 533 508 Lac Payne 232 547 475 Lac Evans 262 576 499 Lacs des Loups Marins 494 584 448 Lac Manouane 195 592 533 Lac Sakami 361 677 484 R\u00e9servoir Cabonga 168 761 703 Lac Minto 396 978 802 R\u00e9servoir Pipmuacan 98 1003 1002 Lac Saint-Jean 426 1249", "textAfterTable": "* Areas of lake found in Canada. Manitoba - Lake Areas and Elevation (lakes larger than 400 square kilometres) Name of Water Body Net Area (square kilometres) Total Area (square kilometres) Elevation (metres) Lake Winnipeg 23 760 24 387 217 Lake Winnipegosis 5164 5 374 254 Lake Manitoba 4 607 4 624 248 Southern Indian Lake 2 015 2 247 254 Cedar Lake 1 321 1 353 253 Island Lake 1 043 1 223 227 Gods Lake 1 061 1 151 178 Cross Lake 590 755 207 Playgreen Lake 652 657 217 Dauphin Lake 519 519 260 Granville Lake 429", "hasKeyColumn": true, "keyColumnIndex": 0, "headerRowIndex": 0}