{"pageTitle": "Bank of Eritrea", "title": "", "url": "http://www.netafrica.org/eritrea/bank.html", "hasHeader": true, "headerPosition": "FIRST_ROW", "tableType": "RELATION", "tableNum": 0, "s3Link": "", "recordEndOffset": 0, "recordOffset": 0, "tableOrientation": "HORIZONTAL", "TableContextTimeStampAfterTable": "{107=Nakfa, the world's latest and a new currency was introduced by the State of Eritrea in late 1997. The IMF and the World Bank have recognized the circulation of Nakfa in both coin and paper-note denominations. The coin issues are one, five, ten, twenty-five, fifty and one-hundred Nakfa. The paper notes are issued in one, five, twenty, fifty and one-hundred Nakfa. The following artwork is representative of Eritrean heritage.}", "lastModified": "", "textBeforeTable": "The following table shows Nakfa, together with 52 African currencies, each country's IMF-voting-share-numbers, the capital city, the head of the Central Bank, date of independence, currency value in terms of IMF Special Drawing Rights (SDR), in millions of US dollars, and the countries' declared official language(s), of Organization African Unity (OAU). Nakfa ----------- FRONT-------------- --------------- BACK------------------- Nakfa, the world's latest and a new currency was introduced by the State of Eritrea in late 1997. The IMF and the World Bank have recognized the circulation of Nakfa in both coin and paper-note denominations. The coin issues are one, five, ten, twenty-five, fifty and one-hundred Nakfa. The paper notes are issued in one, five, twenty, fifty and one-hundred Nakfa. The following artwork is representative of Eritrean heritage. BANK OF ERITREA", "textAfterTable": "DISCLAIMER NetAfrica.org makes no warranty or assurance, either expressed or implied, regarding the content and/or accuracy of this website. Viewers and users are advised to verify desired information independently with each country's sources. From Independence to the introduction of the Nakfa, Eritrea used the Ethiopean Birr (shown below): To learn the relationship between Nakfa and the Birr, see the interview with Tekie Beyene, the Governor of The Bank of Eritrea -- Click here Return to Eritrea's Home Page Return to NetAfrica's Home Page", "hasKeyColumn": true, "keyColumnIndex": 0, "headerRowIndex": 0}