{"pageTitle": "World Mountain &amp; Peak - EasyInfo.in General Info.", "title": "", "url": "http://easyinfo.in/info/world/mountains-peak.html", "hasHeader": true, "headerPosition": "FIRST_ROW", "tableType": "RELATION", "tableNum": 8, "s3Link": "", "recordEndOffset": 0, "recordOffset": 0, "tableOrientation": "HORIZONTAL", "lastModified": "", "textBeforeTable": "WORLD MOUNTAIN & PEAK Home General Info World Mountains Peak Privacy Contact Us Others Corrupt Leaders Deserts Paisa tower sun Eiffel Tower Highest Falls Mountains Peak World Largest Lakes world islands Continents of the World Cities on River Side World India Health Facts", "textAfterTable": "\u00a0 Copyright \u00a9 2003 - 2010 Easyinfo.in. All Rights Reserved SEO & Web Design by Green Logic Labs ad exchange", "hasKeyColumn": true, "keyColumnIndex": 0, "headerRowIndex": 0}