{"pageTitle": "", "title": "", "url": "http://en.wikipedia.org/wiki/Forbes_Global_2000", "hasHeader": true, "headerPosition": "FIRST_ROW", "tableType": "RELATION", "tableNum": 0, "s3Link": "", "recordEndOffset": 0, "recordOffset": 0, "tableOrientation": "HORIZONTAL", "TableContextTimeStampBeforeTable": "{74=Listed below are the top 20 companies featured on the 2007 list.}", "lastModified": "", "textBeforeTable": "Listed below are the top 20 companies featured on the 2007 list. [edit] 2007 list The complete list is available here. France Insurance 151.7 7.8 1,064.7 70.3 AXA Russia Oil and gas 81.8 23.3 201.7 306.8 20 Gazprom USA Insurance 110.1 6.2 1,060.5 118.2 19 American International Group USA Oil and gas 204.0 18.7 148.8 180.0 18 Chevron Retailing 378.8 12.7 163.4 198.6 17 USA Wal-Mart France Oil and gas 199.7 19.2 165.8 181.8 16 Total S.A. Germany Insurance 139.1 10.9 1,547.5 80.3 15 Allianz France Banking 116.2 10.7 2,494.4 81.9 14", "textAfterTable": "The complete list is available here. [edit] 2006 list Rank Company Headquarters Industry Revenue (billion $) Profits (billion $) Assets (billion $) Market Value (billion $) 1. Citigroup USA Banking 120.32 24.64 1,494.04 230.93 2. General Electric USA Conglomerate 149.70 16.35 673.30 348.45 3. Bank of America USA Banking 85.39 16.47 1,291.80 184.17 4. American International Group USA Insurance 106.98 11.90 843.40 172.24 5. HSBC Group UK Banking 76.38 12.36 1,274.22 193.32 6. ExxonMobil USA Oil & Gas 328.21 36.13 208.34 362.53 7.", "hasKeyColumn": true, "keyColumnIndex": 1, "headerRowIndex": 0}