{"pageTitle": "Major Employers | Frederick County Office of Economic Development", "title": "", "url": "http://www.discoverfrederickmd.com/BusinessSupport/major_employers.htm", "hasHeader": true, "headerPosition": "FIRST_ROW", "tableType": "RELATION", "tableNum": 1, "s3Link": "", "recordEndOffset": 0, "recordOffset": 0, "tableOrientation": "HORIZONTAL", "lastModified": "", "textBeforeTable": "Major Employers Fort Detrick Business Development Utilities Transportation Workforce Incentives & Taxes Industry Support \u00bb Major Employers Business Directory Partner Organizations Agricultural Business Council Business Development Advisory Council Staff Directory Services ABOUT OED Fast Facts Videos Publications OED News Blog eNews Upcoming Events Media Releases NEWS & DATA Municipalities Recreation Housing History Healthcare Education Resources QUALITY OF LIFE Entrepreneur Support Network FITCI Incubator Small Business Loan Fund Small Business Development Center EMERGING BUSINESS", "textAfterTable": "Please email updates to info@discoverfrederickmd.com Industry Focus Advanced Technology Agriculture Bioscience Manufacturing Renewable/Sustainable Industries Site Selection Available Properties Fast Track Permitting Demographics Location Economic Facts Government Business Support Business Directory Major Employers Industry Support Incentives & Taxes Workforce Transportation Utilities Fort Detrick Business Development Emerging Business Small Business Development Center Small Business Loan Fund FITCI Incubator Entrepreneur Support Network Quality of Life Resources Education Healthcare History Housing Recreation Municipalities News & Data Media Releases Upcoming Events eNews OED News Blog Publications Videos Fast Facts About OED Services Staff Directory Business Development Advisory Council Agricultural Business Council Partner Organizations Winchester Hall, 12 E. Church St., Frederick, MD 21701 (301) 600-1058\u00a0\u00a0\u0095\u00a0\u00a0(800) 248-2296\u00a0\u00a0\u0095\u00a0\u00a0 info@discoverfrederickmd.com \u00a9 Frederick County Office of Economic Development. All Rights Reserved.", "hasKeyColumn": true, "keyColumnIndex": 0, "headerRowIndex": 0}