{"pageTitle": "Nobelpreis", "title": "Nobelpreise (31.10.2003)", "url": "http://www.info-kalender.de/tabelle/nobp.htm", "hasHeader": true, "headerPosition": "FIRST_ROW", "tableType": "RELATION", "tableNum": 3, "s3Link": "", "recordEndOffset": 0, "recordOffset": 0, "tableOrientation": "HORIZONTAL", "lastModified": "", "textBeforeTable": "(3-Monatskalender)\u00a0\u00a0 (Monatskalender)\u00a0\u00a0 (Jahreskalender)\u00a0\u00a0 (unten)\u00a0\u00a0 (Startseite)\u00a0\u00a0 Z\u00a0 Y\u00a0 W\u00a0 V\u00a0 U\u00a0 T\u00a0 S\u00a0 R\u00a0 Q\u00a0 P\u00a0 O\u00a0 N\u00a0 M\u00a0 L\u00a0 K\u00a0 J\u00a0 H\u00a0 G\u00a0 F\u00a0 E\u00a0 D\u00a0 C\u00a0 B\u00a0 A\u00a0 \u00a0\u00a0 \u00a0\u00a0\u00a0info - kalender\u00a0\u00a0 \u00a0\u00a0", "textAfterTable": "(Startseite)\u00a0\u00a0 (oben)\u00a0\u00a0 (Jahreskalender)\u00a0\u00a0 (Monatskalender)\u00a0\u00a0 (3-Monatskalender)\u00a0\u00a0", "hasKeyColumn": true, "keyColumnIndex": 0, "headerRowIndex": 0}