{"pageTitle": "Nursing Schools for Medical and Health Care Professionals", "title": "", "url": "http://www.hospitaldreamjobs.com/103/Education_Nursing_Schools.aspx", "hasHeader": true, "headerPosition": "FIRST_ROW", "tableType": "RELATION", "tableNum": 3, "s3Link": "", "recordEndOffset": 0, "recordOffset": 0, "tableOrientation": "HORIZONTAL", "lastModified": "", "textBeforeTable": "Nursing Schools Nursing schools in the United States. Below is a list of school and university\u00a0departments that offer\u00a0a Nursing program. \u00a0 \u00a0 Employer Center\u00a0\u00a0\u00a0|\u00a0\u00a0\u00a0Partner Network\u00a0\u00a0\u00a0|\u00a0\u00a0\u00a0Post Jobs Now\u00a0\u00a0\u00a0|\u00a0\u00a0\u00a0Rate Request\u00a0\u00a0\u00a0|\u00a0\u00a0\u00a0Advertising Info Journals\u00a0\u00a0\u00a0|\u00a0\u00a0\u00a0Books\u00a0\u00a0\u00a0|\u00a0\u00a0\u00a0Articles\u00a0\u00a0\u00a0|\u00a0\u00a0\u00a0Continuing Education\u00a0\u00a0\u00a0|\u00a0\u00a0\u00a0Podcasts & Webcasts\u00a0\u00a0\u00a0|\u00a0\u00a0\u00a0Healthcare Blogs\u00a0\u00a0\u00a0|\u00a0\u00a0\u00a0HDJ Blog FAQ\u00a0\u00a0\u00a0|\u00a0\u00a0\u00a0Recruitment Agencies\u00a0\u00a0\u00a0|\u00a0\u00a0\u00a0Licensing Boards\u00a0\u00a0\u00a0|\u00a0\u00a0\u00a0Healthcare Organizations\u00a0\u00a0\u00a0|\u00a0\u00a0\u00a0Hospital Videos\u00a0\u00a0\u00a0|\u00a0\u00a0\u00a0Hospital Directory\u00a0\u00a0\u00a0|\u00a0\u00a0\u00a0Job Search Advice Job Seekers - Sign Up! \u00a0\u00a0\u00a0|\u00a0\u00a0\u00a0My Account\u00a0\u00a0\u00a0|\u00a0\u00a0\u00a0Job Alerts\u00a0\u00a0\u00a0|\u00a0\u00a0\u00a0Post Resume\u00a0\u00a0\u00a0|\u00a0\u00a0\u00a0Healthcare Job Search Employers Stay Current Career", "textAfterTable": "Select One Allied Health Allied Health: Audiology Allied Health: Biomedical Engineer Allied Health: Cancer Services Allied Health: Cardiac Cath Lab Allied Health: Cardiac Services Allied Health: Cardiovascular Technologist Allied Health: Certified Nurse Midwife Allied Health: Chemist Allied Health: Clinician Allied Health: Cytotechnology Allied Health: Dentistry Allied Health: Dietitian Allied Health: Dosimetrist Allied Health: Echocardiography (EKG) Allied Health: Education Allied Health: Emergency Allied Health: Emergency Med Tech (EMT) Allied Health: Endrocrinology Allied Health: Environmental Health Allied Health: Exercise Physiologist Allied Health: Health Information Management Allied Health: Hemodialysis Allied Health: Histotechnologist Allied Health: Home Health Services Allied Health: Hospice Allied Health: Hospitalist Allied Health: Immunology Allied Health: Lab Allied Health: Lab Management Allied Health: Lab Tech Allied Health: Lab Tech Assistant Allied Health: Management Allied Health: Medical & Patient Interpreter Allied Health: Medical Assistant - CMA, RMA Allied Health: Medical Coder Allied Health: Medical Engineer Allied Health: Medical Interpreter Allied Health: Medical Records Allied Health: Medical Tech Allied Health: Mental Health/Psychology/Behavorial Health Allied Health:", "hasKeyColumn": true, "keyColumnIndex": 0, "headerRowIndex": 0}