{"pageTitle": "Welsh Nuttalls", "title": "", "url": "http://myweb.tiscali.co.uk/stoddayvillage/Welsh%20Nuttalls.htm", "hasHeader": true, "headerPosition": "FIRST_ROW", "tableType": "RELATION", "tableNum": 2, "s3Link": "", "recordEndOffset": 0, "recordOffset": 0, "tableOrientation": "HORIZONTAL", "TableContextTimeStampAfterTable": "{3209=Our list of completed Welsh Nuttalls - updated after the Carneddau in May/June 2010.}", "lastModified": "", "textBeforeTable": "Our list of completed Welsh Nuttalls - updated after the Carneddau in May/June 2010. Total 107 climbed - 89 to go ! // --> \u00a0 if(MSFPhover) { MSFPnav3n=MSFPpreload(\"_derived/English Nuttalls.htm_cmp_strtedge010_hbtn.gif\"); MSFPnav3h=MSFPpreload(\"_derived/English Nuttalls.htm_cmp_strtedge010_hbtn_a.gif\"); } // -->", "textAfterTable": "\u00a0", "hasKeyColumn": true, "keyColumnIndex": 0, "headerRowIndex": 0}