{"pageTitle": "US Airport Codes by Airport Name | Airportcodes.me", "title": "", "url": "http://airportcodes.me/us-airport-codes/us-airport-codes-by-airport-name/", "hasHeader": true, "headerPosition": "FIRST_ROW", "tableType": "RELATION", "tableNum": 0, "s3Link": "", "recordEndOffset": 0, "recordOffset": 0, "tableOrientation": "HORIZONTAL", "lastModified": "", "textBeforeTable": "US by Airport Name //--> google_ad_height = 600; google_ad_width = 160; google_ad_slot = \"5924202072\"; /* travel side 1 160x600, created 9/22/08 */ google_ad_client = \"pub-6767465647822030\"; //--> google_ad_height = 600; google_ad_width = 160; google_ad_slot = \"5924202072\"; /* travel side 1 160x600, created 9/22/08 */ google_ad_client = \"pub-6767465647822030\"; //--> google_ad_height = 600; google_ad_width = 160; google_ad_slot = \"5924202072\"; /* travel side 1 160x600, created 9/22/08 */ google_ad_client = \"pub-6767465647822030\";", "textAfterTable": "(C) Airportcodes.me Powered by Wordpress blackneon theme by blogsimplified", "hasKeyColumn": true, "keyColumnIndex": 1, "headerRowIndex": 0}