{"pageTitle": "Saints et bienheureux j\u00e9suites", "title": "", "url": "http://www.jesuites.com/histoire/saints/index.html", "hasHeader": true, "headerPosition": "FIRST_ROW", "tableType": "RELATION", "tableNum": 4, "s3Link": "", "recordEndOffset": 0, "recordOffset": 0, "tableOrientation": "HORIZONTAL", "TableContextTimeStampAfterTable": "{53181=Archives de la Province de France 15 rue Raymond Marcheron 92170 VANVES France, 51023=1568}", "lastModified": "", "textBeforeTable": "\u00a0 Nous \u00e9crire forums Site du mois Surprises Chr\u00e9tiens J\u00e9suites sites internet Saints J\u00e9suites du XXe Par th\u00e8mes Chronologie histoire Eglises Hors fronti\u00e8re Foi et justice Vie spirituelle Sciences Jeunesse Culture", "textAfterTable": "\u00a0 \u00a0 A la recherche d'archives j\u00e9suites ? De documents existant sur l'histoire de la Compagnie de J\u00e9sus ? Merci d'envoyer votre demande par lettre \u00e0 : Archives de la Province de France 15 rue Raymond Marcheron 92170 VANVES France \u00a0 J\u00e9suites : serviteurs de la mission du Christ - \u00a9 Compagnie de J\u00e9sus \u00a0", "hasKeyColumn": true, "keyColumnIndex": 0, "headerRowIndex": 0}