{"pageTitle": "Downloads | Lowrance", "title": "", "url": "http://www.lowrance.at/en/Products/Mapping/Enhanced-Lake-Maps/Downloads/", "hasHeader": true, "headerPosition": "FIRST_ROW", "tableType": "RELATION", "tableNum": 0, "s3Link": "", "recordEndOffset": 0, "recordOffset": 0, "tableOrientation": "HORIZONTAL", "TableContextTimeStampAfterTable": "{57690=Enhanced Lake Maps are compatible with the following products and code versions: version 1.4.0 and higher code with the LCX-104C, LCX-19C, LCX-18C, GlobalMap? 7000C, GlobalMap? 6000C, GlobalMap? 5000C, GlobalMap? 4000M; version 3.1.0 and higher code with the LCX-16CI, LCX-15MT, LCX-15CI, GlobalMap? 3000MT; the GlobalMap? 3300C, GlobalMap? 4800M, LMS-330C and LMS-335CDF (any code version); version 1.3.0 and higher code with the GlobalMap? 3200, LMS-320, LMS-320DF; the iFINDER? Pro and iFINDER? H20 (any code version); version 1.6.0 and higher code with the iFINDER?; version 1.1.0 and higher code with the AirMap? 500; the AirMap? 1000 (any code version); and all 2006 or newer GPS products with MMC/SD memory card capabilities.}", "lastModified": "", "textBeforeTable": "Enhanced Lake Maps - Downloads } } DoSearch('http://primus.lowrance.com/support/search.do'); } e.preventDefault(); else { } event.cancel = true; event.returnValue = false; if (browser == 'IE') { if (key == 13) { } browser = 'FF'; key = e.which; //firefox else { } browser = 'IE'; key = e.keyCode; //IE if (window.event) { var browser; var key; function doClick(e) { } DoSearch('http://primus.lowrance.com/support/search.do'); function doSearch2() { } tbBox.val(''); var tbBox = $(\"#ctl00_GlobalNavigation_ctl00_globalSearchField\"); function Reset() { } return false; window.location = encodeURI(searchUrl); var searchUrl = url + '?q=' + tbBox.val(); var tbBox = $(\"#ctl00_GlobalNavigation_ctl00_globalSearchField\"); function DoSearch(url) {", "textAfterTable": "* Lakes marked with a red asterisk in the table above contain submerged structure such as: river and creek channels, ponds, streams, roads, foundations, railroads, pipelines, oil and gas wells, etc. Enhanced Lake Maps are compatible with the following products and code versions: version 1.4.0 and higher code with the LCX-104C, LCX-19C, LCX-18C, GlobalMap? 7000C, GlobalMap? 6000C, GlobalMap? 5000C, GlobalMap? 4000M; version 3.1.0 and higher code with the LCX-16CI, LCX-15MT, LCX-15CI, GlobalMap? 3000MT; the GlobalMap? 3300C, GlobalMap? 4800M, LMS-330C and LMS-335CDF (any code version); version 1.3.0 and higher code with the GlobalMap? 3200, LMS-320, LMS-320DF; the iFINDER? Pro and iFINDER? H20 (any code version); version 1.6.0 and higher code with the iFINDER?; version 1.1.0 and higher code with the AirMap? 500; the AirMap? 1000 (any code version); and all 2006 or newer GPS products with MMC/SD memory card capabilities. Lowrance Products Mapping Enhanced Lake Maps Downloads Marine Outdoor GPS Mapping Insight HD and PRO 2012 Cartography Toolkit Fishing Hot Spots PRO Enhanced Lake Maps Downloads MapSelect.com Navionics", "hasKeyColumn": true, "keyColumnIndex": 1, "headerRowIndex": 0}