{"pageTitle": "STO:Was The Best-selling PC Game In The U.K.! - Wow power leveling, Wow power level, Cheap Wow power leveling", "title": "", "url": "http://www.powerleveling-cheap.com/news/game-news-32838.html", "hasHeader": true, "headerPosition": "FIRST_ROW", "tableType": "RELATION", "tableNum": 0, "s3Link": "", "recordEndOffset": 0, "recordOffset": 0, "tableOrientation": "HORIZONTAL", "TableContextTimeStampAfterTable": "{7395=TOP 20 PC ENTERTAINMENT (FULL PRICE), WEEK ENDING 6 February 2010, 7221=Last week, Star Trek Online was the NO.1 ,on TOP 20 PC ENTERTAINMENT (FULL PRICE), WEEK ENDING 6 February 2010.}", "lastModified": "", "textBeforeTable": "TOP 20 PC ENTERTAINMENT (FULL PRICE), WEEK ENDING 6 February 2010 Last week, Star Trek Online was the NO.1 ,on TOP 20 PC ENTERTAINMENT (FULL PRICE), WEEK ENDING 6 February 2010. Feb 09,2010 STO:Was The Best-selling PC Game In The U.K.! NEWS Powerleveling-cheap offers fast?safe powerleveling, items and account transaction service. We has a professional power leveler team who had years of experience in leveling characters with very low ban rate. All leveling will be done safe, fast and no bot using. E-mail: Order ID: Track Your Power Leveling Track Your Order Tracking . customerservice@powerleveling-cheap.com Email: \u00a0 powerleveling-cheap2010@hotmail.com MSN: Fax:1-(650)-240-3909 Tel: 1-(650)-461-9387", "textAfterTable": "STO was the best-selling PC game in the U.K.! Notice: Using illegal leveling and gold service might terminate the account. Top Games Star Wars: The Old Republic SWTOR Items SWTOR Power Leveling Star Wars: The Old Republic - EU SWTOR - EU Power Leveling World of Warcraft WOW Gold WOW Transmogrification WOW Items WOW Power Leveling WOW CD Key", "hasKeyColumn": true, "keyColumnIndex": 5, "headerRowIndex": 0}