{"pageTitle": "Xbox 360 Games on Demand - Wikipedia, the free encyclopedia", "title": "", "url": "http://en.wikipedia.org/wiki/Xbox_360_Games_on_Demand", "hasHeader": true, "headerPosition": "FIRST_ROW", "tableType": "RELATION", "tableNum": 1, "s3Link": "", "recordEndOffset": 0, "recordOffset": 0, "tableOrientation": "HORIZONTAL", "lastModified": "", "textBeforeTable": "Some titles from US store can be bought to PAL console using US VPN. [edit] Xbox 360 Games (Downloadable) 4 External links 3 See also 2 Xbox Originals 1 Xbox 360 Games (Downloadable) Contents This is a list of released Games on Demand for the Xbox 360 video game console. search navigation, Jump to: From Wikipedia, the free encyclopedia Xbox 360 Games on Demand", "textAfterTable": "(*) Gold and free users. [edit] Xbox Originals Title Publisher North America MS points Size Black Electronic Arts 2008-04-07April 7, 2008 1200 2 GB BlowOut Majesco Entertainment 2009-01-19January 19, 2009 1200 385 MB Burnout 3: Takedown Electronic Arts 2008-01-14January 14, 2008 1200 2 GB Crash Bandicoot: The Wrath of Cortex Vivendi Games 2007-12-05December 4, 2007 1200 935 MB Crimson Skies: High Road to Revenge Microsoft Game Studios 2007-12-04December 4, 2007 1200 4 GB Destroy All Humans! THQ 2008-10-06October 6, 2008 1200 2 GB Dreamfall: The Longest Journey Aspyr Media 2008-04-21April 21, 2008 1200 2 GB Fable Microsoft Game Studios 2007-12-04December 4, 2007 1200 3 GB Fahrenheit (AKA Indigo Prophecy) Atari 2007-12-04December 4, 2007 1200 2 GB Fuzion Frenzy Microsoft", "hasKeyColumn": true, "keyColumnIndex": 0, "headerRowIndex": 0}