{"pageTitle": "The GameFAQs Top 100 - GameFAQs", "title": "", "url": "http://www.gamefaqs.com/features/topgames/", "hasHeader": true, "headerPosition": "FIRST_ROW", "tableType": "RELATION", "tableNum": 0, "s3Link": "", "recordEndOffset": 0, "recordOffset": 0, "tableOrientation": "HORIZONTAL", "TableContextTimeStampAfterTable": "{42532=\u00a9 2012 CBS Interactive Inc. All rights reserved. | Privacy Policy (UPDATED) | Ad Choice | Terms of Use | Enable GameFAQs Mobile}", "lastModified": "", "textBeforeTable": "The GameFAQs Top 100 &lt;script language=&quot;JavaScript&quot; type=&quot;text/javascript&quot;&gt; document.write('&lt;a href=&quot;http://clk.atdmt.com/TGM/go/379272162/direct;pc.571681/01/2012.02.04.02.13.31&quot; target=&quot;_blank&quot;&gt;&lt;img src=&quot;http://view.atdmt.com/TGM/view/379272162/direct;pc.571681/01/2012.02.04.02.13.31&quot;/&gt;&lt;/a&gt;'); &lt;/script&gt;&lt;noscript&gt;&lt;a href=&quot;http://clk.atdmt.com/TGM/go/379272162/direct;pc.571681/01/2012.02.04.02.13.31&quot; target=&quot;_blank&quot;&gt;&lt;img border=&quot;0&quot; src=&quot;http://view.atdmt.com/TGM/view/379272162/direct;pc.571681/01/2012.02.04.02.13.31&quot; /&gt;&lt;/a&gt;&lt;/noscript&gt; ie8 fix } sys.className = sys.className == '' ? 'js' : sys.className + ' js'; if (sys.className) { var sys = document.getElementById('sys');", "textAfterTable": "&lt;script language=&quot;JavaScript&quot; type=&quot;text/javascript&quot;&gt; document.write('&lt;a href=&quot;http://clk.atdmt.com/TGM/go/379273106/direct;pc.571678/01/2012.02.04.02.13.31&quot; target=&quot;_blank&quot;&gt;&lt;img src=&quot;http://view.atdmt.com/TGM/view/379273106/direct;pc.571678/01/2012.02.04.02.13.31&quot;/&gt;&lt;/a&gt;'); &lt;/script&gt;&lt;noscript&gt;&lt;a href=&quot;http://clk.atdmt.com/TGM/go/379273106/direct;pc.571678/01/2012.02.04.02.13.31&quot; target=&quot;_blank&quot;&gt;&lt;img border=&quot;0&quot; src=&quot;http://view.atdmt.com/TGM/view/379273106/direct;pc.571678/01/2012.02.04.02.13.31&quot; /&gt;&lt;/a&gt;&lt;/noscript&gt; Also on GameFAQs... Help - Answers to the most commonly asked questions about GameFAQs. Answers - Give or get help with other users for your favorite games. Contribute - Contribute your own FAQs, game data, reviews, images, and much more. FAQ Bounty - Write a FAQ for a Most Wanted game, get a gift certificate. Game Companies - A list of all the companies that have developed and published games. Game Credits - A list of all the people and groups credited for all the games we know of. Most Wanted - The Top 100 popular games without full FAQs on GameFAQs. My Games - Build your game collection, track and rate games. Top 100 - The Top 100 most popular games on GameFAQs today. What's New - New games, FAQs, reviews, and more.", "hasKeyColumn": true, "keyColumnIndex": 5, "headerRowIndex": 0}