{"pageTitle": "Rubicon:\u00a0 World Currency Exchange Rates", "title": "", "url": "http://www.icurrency.net/passport/currency/currency_expanded_frame.asp", "hasHeader": true, "headerPosition": "FIRST_ROW", "tableType": "LAYOUT", "tableNum": 2, "s3Link": "", "recordEndOffset": 0, "recordOffset": 0, "tableOrientation": "HORIZONTAL", "TableContextTimeStampAfterTable": "{65242=Rates quoted from the Bank of Montreal ? 2009 Rubicon International All Rights Reserved., 4553=LAST UPDATED:\u00a0 2012.02.04, Noon (New York, GMT -5)}", "lastModified": "", "textBeforeTable": "LAST UPDATED:\u00a0 2012.02.04, Noon (New York, GMT -5) EXCHANGE AMOUNT Algerian Dinars Argentinean Pesos Australian Dollars Bahamas Dollars Barbados Dollars Bermudan Dollars Bulgarian Lev Canadian Dollars Chilean Pesos Chinese Renminbi Cyprus Pounds Danish Kroner Egyptian Pounds Euro Fiji Dollars United Kingdom Pounds Hong Kong Dollars Hungarian Forint Icelandic Krona Indian Rupees Indonesian Rupiah Israeli New Shekels Jamaican Dollars Japanese Yen Jordanian Dinar Lebanese Pounds Malaysian Ringgit Mexican Pesos New Zealand Dollars Norway Kroner Pakistani Rupees Filipino Pesos Polish Zloty Romanian Leu (New) Russian Rubles Saudi Arabian Riyal Singapore Dollars Slovakian Koruna South African Rand South Korean Won Sudan Dinar", "textAfterTable": "Rates quoted from the Bank of Montreal ? 2009 Rubicon International All Rights Reserved.", "hasKeyColumn": true, "keyColumnIndex": 1, "headerRowIndex": 0}