{"pageTitle": "Phi Phenomenon -- Top Adventure Films (#1-100)", "title": "", "url": "http://www.phi-phenomenon.org/genre/adventure1.htm", "hasHeader": true, "headerPosition": "FIRST_ROW", "tableType": "RELATION", "tableNum": 0, "s3Link": "", "recordEndOffset": 0, "recordOffset": 0, "tableOrientation": "HORIZONTAL", "lastModified": "", "textBeforeTable": "Top Adventure Films (#1-100)", "textAfterTable": "This page was last modified on April 19, 2011", "hasKeyColumn": true, "keyColumnIndex": 1, "headerRowIndex": 0}