{"pageTitle": "::Wrestling Heights/Weights:: TWNP-Wrestling News and Information", "title": "", "url": "http://www.twnpnews.com/information/misc/height.shtml", "hasHeader": true, "headerPosition": "FIRST_ROW", "tableType": "RELATION", "tableNum": 15, "s3Link": "", "recordEndOffset": 0, "recordOffset": 0, "tableOrientation": "HORIZONTAL", "lastModified": "", "textBeforeTable": "Here are the Wrestler Height/Weights, if you know any here that aren't listed, send me a E-Mail at webmaster@twnpnews.com . Wrestler Heights and Weigths \u00a0 Home\u00a0l Information \u00a0 Wrestling Merchandise Wrestling Games Take Our Survey", "textAfterTable": "Information compiled by various TWNP visitors such as: Mgiggs, Steve McGauley & Carol Fields. \u00a0 mainpage\u00a0\u00a0 l \u00a0\u00a0 information\u00a0\u00a0 l \u00a0\u00a0 forum \u00a0\u00a0l \u00a0\u00a0 columns\u00a0\u00a0 l \u00a0\u00a0 sitemap\u00a0\u00a0 l\u00a0\u00a0 faq\u00a0\u00a0 l\u00a0\u00a0 trivia\u00a0\u00a0l\u00a0\u00a0 contact us Copyright? 1997-2011 TWNP? All Rights Reserved. Please Read TWNP's Legal Notes and our Privacy Policy. \u00a0", "hasKeyColumn": true, "keyColumnIndex": 0, "headerRowIndex": 0}