{"pageTitle": "LogisticsWorld: ISO 4217 Currency Codes, International Currency", "title": "", "url": "http://www.logisticsworld.com/currency.asp", "hasHeader": true, "headerPosition": "FIRST_ROW", "tableType": "RELATION", "tableNum": 4, "s3Link": "", "recordEndOffset": 0, "recordOffset": 0, "tableOrientation": "HORIZONTAL", "lastModified": "", "textBeforeTable": "International Currency ISO 4217 Currency Codes Tables of Codes for the Representation of Currencies and Funds (2000) ISO 4217 Home ? News ? Jobs ? Tools ? LogLink ? Advertise ? Publish Your News Release ? Add Your Company ? About ? Contact all words any word exact match Enter your search term...", "textAfterTable": "DIRECTORY Transportation Logistics Freight Employment Trucking Software Consulting Warehousing Supply Chain Import / Export Technology Manufacturing Services Travel / Tourism Trade / Finance Business / Mgmt Educational Govt / Military International Sponsored Links... Transportation Services Canada Canadian Trucking Companies Shipping by Rail Flatbed Trucking Companies Ontario Trucking Companies Quebec Trucking Companies BC Trucking Companies Alberta Trucking Companies Find related books at...", "hasKeyColumn": true, "keyColumnIndex": 0, "headerRowIndex": 0}