{"pageTitle": "List of Nintendo 64 games - Wikipedia, the free encyclopedia", "title": "", "url": "http://en.wikipedia.org/wiki/Nintendo_64_games", "hasHeader": true, "headerPosition": "FIRST_ROW", "tableType": "RELATION", "tableNum": 2, "s3Link": "", "recordEndOffset": 0, "recordOffset": 0, "tableOrientation": "HORIZONTAL", "TableContextTimeStampBeforeTable": "{2684=Of the console's 387 official releases, 84 were exclusive to Japan, 47 to North America, and 4 to Europe. The Nintendo 64 was first launched in Japan on June 23, 1996 with Super Mario 64, Pilotwings 64, and Saikyo Habu Shogi; in North America with Super Mario 64 and Pilotwings 64; and in Europe with Super Mario 64, Pilotwings 64, Star Wars: Shadows of the Empire and Turok: Dinosaur Hunter. The last game to be published for the system was the North American-exclusive Tony Hawk's Pro Skater 3 on August 20, 2002. The best-selling game is Super Mario 64 with 11 million units (as of May 21, 2003).[4] Despite the higher cost of producing cartridges, and continued criticism[5][6] over releasing a cartridge-based system,[7][8] the total sales of the Nintendo 64 software out sold the total amount of Nintendo GameCube software.[9]}", "lastModified": "", "textBeforeTable": "[edit] Games 0?9 A B C D E F G H I J K L M N O P Q R S T U V W X Y Z \u00a0\u00a0 References\u00a0 Contents PAL/SECAM territories, much of Europe, Australia, parts of Asia. PAL North America and other NTSC territories, besides Japan. NA (North America) Japanese (NTSC-J) formated release. JP (Japan) Region description Regions released This list does not include games for the disk drive add-on (for those see Nintendo 64DD). The list is initially organized alphabetically by their English titles or their alphabet conversions, however it is also possible to sort each column individually. It is arranged with the different titles being listed once for each program that it contains; the various titles are listed by the majority name first. When two English regions released a game with different names the first version is listed first. All English titles are listed first, with an alternate title listed afterward; direct translations of English titles are not used. Of the console's", "textAfterTable": "Contents 0?9 A B C D E F G H I J K L M N O P Q R S T U V W X Y Z \u00a0\u00a0 References\u00a0 [edit] See also Lists of video games Regional lockout Video game developer Video game publisher Video game genres [edit] References \"Nintendo 64 Games\" (PDF). Nintendo of America, Web Archive. Archived from the original on March 20, 2007. http://web.archive.org/web/20070320100325/http://www.nintendo.com/doc/n64_games.pdf. Retrieved March 20, 2007.\u00a0 An official USA release list similar to the one below, made by Nintendo of America, in PDF format. \"WWWJDIC Word Search\". Monash University. http://www.csse.monash.edu.au/~jwb/wwwjdic.html. Retrieved May 9, 2010.\u00a0 Japanese Translation website, that also provides Hiragana spellings of Kanji. ^ Careless, Simon. Gaming Hacks. O'Reilly", "hasKeyColumn": true, "keyColumnIndex": 0, "headerRowIndex": 0}