{"pageTitle": "CHMOSER.CH - Gipfelverzeichnis", "title": "", "url": "http://www.chmoser.ch/trips/gipfelverzeichnis/gipfelverzeichnis.php", "hasHeader": true, "headerPosition": "FIRST_ROW", "tableType": "RELATION", "tableNum": 7, "s3Link": "", "recordEndOffset": 0, "recordOffset": 0, "tableOrientation": "HORIZONTAL", "lastModified": "", "textBeforeTable": "\u00a0 Diese Liste ist nach der H\u00f6he der Gipfel sortiert, der Bericht zur Tour ist jeweils verlinkt. 152 2000er, einige davon auch schon mehrmals. 100 3000er und 19 4000er, Gipfel bestiegen - davon 304 Obwohl ich kein richtiger Gipfelsammler bin, kam mit der Zeit doch so einiges zusammen. Seit Sommer 2001 habe ich total Gipfelverzeichnis - eine Zusammenfassung erfolgreich bestiegener Alpengipfel \u00a0", "textAfterTable": "Letztes Update: 05.01.2012 by", "hasKeyColumn": true, "keyColumnIndex": 0, "headerRowIndex": 0}