{"pageTitle": "Watch the World with Amish", "title": "", "url": "http://amish4u1983.wordpress.com/", "hasHeader": true, "headerPosition": "FIRST_ROW", "tableType": "RELATION", "tableNum": 2, "s3Link": "", "recordEndOffset": 0, "recordOffset": 0, "tableOrientation": "HORIZONTAL", "TableContextTimeStampBeforeTable": "{54640=I joined Syntel in Feb 2009 in Pune, spent some nice amount of time there and requested the management to get me back at my home \u0096 Mumbai, that is. And in December 2009, I was back to my sweetheart darling mumbai. I used to tell people since I was a kid that in the year of 2010, I will be in USA and here I am today at Denver CO in USA between the Red Rockies. This is called Destiny and of course the Hard Work paid. I am thankful to all the people in my life who helped me and kept me in their prayers always. I know my friends very well, where ever they would be, they would surely be missing me and praying for me on a good note coz I do the same for all of them. Denver is a beautiful place, don\u0092t have car so can\u0092t explore more but its perhaps the only place in USA where you get to see all 4 weathers in a single day. Sun Rises at 6 AM and Sun sets around 9 PM, this is funny but still am loving the fact that small little kid whose name was Amish who always dreamt about this place is sitting in Denver and typing this blog entry., 51387=Yeah, the title says it all\u0085.too many things in just the span of 2 months\u00852008 ended up with a bad note and 2009 started with good\u0085those who believe in hard work, dedication, etc. \u0096 that\u0092s crap, I have started believing in destiny and am sure you will if you check your past and live in the present., 47025=Urban infrastructure in India is not the best in the world. Indian cities are facing overpopulation, indiscriminate growth and shortage of urban services like public transportation, water supply and sanitation. It is important to point out that the 2006 World-wide Quality of Living Survey by Mercer for 350 global cities has the top Indian cities Mumbai and Delhi ranked at 150th place. Not impressive at all. On the networking front, India ranks 40th out of 115 countries with the network readiness index of 0.23., 53319=I will surely try to write more whenever I find some time outta my work. I work almost for 14 hours and still the work is undone LOL, thats how work is, it never gets completed. I will be here for a month or two more and by October 2nd week I should be back to Bombay.}", "TableContextTimeStampAfterTable": "{222865=Jan. 26: Home Depot (nyse: HD \u0096 news - people ) closes high-end home design shops and slims ranks at headquarters; dismisses 7,000., 238409=Jan. 9: Smitfield Foods\u0092 (nyse: SFD \u0096 news - people ) Butterball\u0096the nation\u0092s largest turkey company\u0096fires 75 at Missouri plant., 225736=Jan. 21: Burlington Santa Fe cuts 2,500 workers (5% of workforce) despite a 19% jump in earnings during the fourth quarter., 224082=Jan. 23: Abercrombie & Fitch (nyse: ANF \u0096 news - people ) cuts 50 from headquarters as company leans expenses., 220236=Jan. 26: Texas Instruments (nyse: TXN \u0096 news - people ) pink-slips 3,400 (12% of workforce)., 234819=Jan. 13: Cummins (nyse: CMI \u0096 news - people ) freezes salaries for the rest of the year and lets 800 go., 190816=12/31/2008, 198466=12/12/2008, 198822=12/11/2008, 172874=1/26/2009, 171752=1/27/2009, 186347=1/12/2009, 209508=11/12/2008, 230166=Jan. 16: WellPoint (nyse: WLP \u0096 news - people ) reduces workforce by 600 and removes 900 open positions., 207093=11/25/2008, 219407=Jan. 27: Time Warner\u0092s (nyse: TWX \u0096 news - people ) AOL reduces workforce by 10% (700 workers) as it fights declining ad revenue., 233175=Jan. 14: Ecolab (nyse: ECL \u0096 news - people ) restructures and reduces workforce by 4% (1,000 jobs)., 227663=Jan. 21: Eaton (nyse: ETN \u0096 news - people ) brings total workforce reduction since the beginning of last year to 10% with 5,200-worker cut., 218595=Jan. 28: Starbucks (nasdaq: SBUX \u0096 news - people ) organizes closings at 900 stores worldwide and fires 6,700 in the process., 190122=1/5/2009, 217997=Layoffs for January 2009 at America\u0092s 500 largest public companies*:, 208817=11/17/2008, 241592=Jan. 5: Cigna (nyse: CI \u0096 news - people ) reduces workforce by 4% (1,100 jobs)., 226246=Jan. 21: SPX (nyse: SPW \u0096 news - people ) attempts to sell a business unit and cuts 400 employees to help endure the downturn., 176706=1/22/2009, 197419=12/15/2008, 184979=1/13/2009, 240369=Jan. 7: EMC (nyse: EMC \u0096 news - people ) fires 2,400 as it reduces 2009 expenses by $350 million., 211912=11/4/2008, 221928=Jan. 26: Following the acquisition of the small drug outfit Wyeth for $68 billion, Pfizer (nyse: PFE \u0096 news - people ) closes five factories and cuts 15% of total workforce (19,000 workers)., 193957=12/19/2008, 239184=Jan. 8: Navy shipbuilder Bath Iron Works\u0096owned by General Dynamics (nyse: GD \u0096 news - people )\u0096dismisses 179., 207774=11/21/2008, 233563=Jan. 14: Delta Air Lines (nyse: DAL \u0096 news - people ) gives 2,000 early retirements as part of 8% capacity reduction., 209158=11/14/2008, 227056=Jan. 21: Walt Disney (nyse: DIS \u0096 news - people ) offers voluntary buyouts to 600 theme park executives on poor attendance., 229737=Jan. 16: Hertz Global Holdings (nyse: HTZ \u0096 news - people ) sets out for worldwide restructuring in first quarter of 2009; cuts 4,000 jobs., 191847=12/30/2008, 202948=12/04/2008, 210548=11/11/2008, 232145=Jan. 15: Marshall & Ilsley (nyse: MI \u0096 news - people ) cuts 8% of staff (830) in ongoing cost-cutting., 223282=Jan. 26: General Motors (nyse: GM \u0096 news - people ) cuts production at several plants and fires 2,000 in Michigan and Ohio., 206415=12/01/2008, 208126=11/20/2008, 170730=1/28/2009, 183612=1/14/2009, 180475=1/16/2009, 237605=Jan. 9: Boeing (nyse: BA \u0096 news - people ) cuts 4,500 and returns workforce size to what it was in early 2008., 219013=Jan. 28: Target (nyse: TGT \u0096 news - people ) cuts 400 open positions and 600 employees on sagging sales., 228932=Jan. 20: Deere & Co. (nyse: DE \u0096 news - people ) dismisses 120 at Iowa plant., 204702=12/03/2008, 241958=Jan. 5: United States Steel (nyse: X \u0096 news - people ) cuts 50 jobs as it closes production lines in Texas., 236007=Jan. 12: Aircraft maker and Textron (nyse: TXT \u0096 news - people ) subsidiary Cessna sends 2,000 packing., 189111=1/7/2009, 222407=Jan. 26: Sprint Nextel (nyse: S \u0096 news - people ) pink-slips 8,000 workers\u0096recording more than $300 million in severance charges but saving $1.2 billion a year in labor costs., 195346=12/17/2008, 237204=Jan. 9: Oracle (nasdaq: ORCL \u0096 news - people ) reportedly cuts 500 from U.S. sales and consulting businesses., 230955=Jan. 15: Xerox (nyse: XRX \u0096 news - people ) cuts 275 jobs in New York region., 186004=1/12/2009, 238778=Jan. 8: Union Pacific (nyse: UNP \u0096 news - people ) pink-slips 230 as company struggles; stock down 22% year-to-date., 229299=Jan. 16: ConocoPhillips (nyse: COP \u0096 news - people ) trims capital spending by 18%, writes off $34 billion and reduces workforce by 4% (1,300 jobs)., 198115=12/13/2008, 234402=Jan. 14: Google (nasdaq: GOOG \u0096 news - people ) fires 100 hirers as it cuts back on contract workers and temporary employees., 228494=Jan. 20: Clear Channel Communications (nyse: CCU \u0096 news - people ) reduces workforce across the entire company by 9% accounting for 1,850 job losses., 231729=Jan. 15: Autodesk (nasdaq: ADSK \u0096 news - people ) expects loss from 2008 fourth quarter; pink-slips 750 (10% of workforce)., 207434=11/24/2008, 175646=1/23/2009, 224911=Jan. 22: Microsoft (nasdaq: MSFT \u0096 news - people ) has first mass layoff in 34-year history; pink slips 5,000., 201927=12/05/2008, 228091=Jan. 21: Warner Bros. Entertainment\u0096a part of Time Warner (nyse: TWX \u0096 news - people )\u0096cuts 10% (800) of its jobs., 239973=Jan. 8: Walgreen (nyse: WAG \u0096 news - people ) cuts 1,000\u0096roughly 9%\u0096from corporate and field manager ranks., 219826=Jan. 27: Cabinet company Merillat\u0096a subsidiary of Masco (nyse: MAS \u0096 news - people )\u0096cuts 20% of workforce (70 workers)., 225874=Jan. 21: UAL (nasdaq: UAUA \u0096 news - people ) fires 1,000 to cut overhead costs., 220667=Jan. 26: IBM (nyse: IBM \u0096 news - people ) selects 2,800 to participate in its ?current resource reduction action.?, 223691=Jan. 23: Brazil-based Deere & Company (nyse: DE \u0096 news - people ) subsidiary lays off 502 employees., 241202=Jan. 6: Aqua Glass\u0096a subsidiary owned by Masco (nyse: MAS \u0096 news - people )\u0096pink-slips 30 employees., 235213=Jan. 13: Pfizer (nyse: PFE \u0096 news - people ) cuts 800 researchers as it lowers cost in the face of poor performance and coming patent losses., 200547=12/08/2008, 181886=1/15/2009, 232537=Jan. 15: General Electric (nyse: GE \u0096 news - people )\u0092s (nyse: GE \u0096 news - people ) jet-engine group cuts 1,000 white-collar jobs., 221533=Jan. 26: Caterpillar (nyse: CAT \u0096 news - people ) announces quarterly profit plunge of 32%; fires 20,000., 200207=12/09/2008, 227469=Jan. 21: Wynn Resorts wraps up construction on Las Vegas Strip casino with 53-worker layoff in design and construction affiliate., 199509=12/10/2008, 193607=12/22/2008, 224485=Jan. 23: Harley-Davidson (nyse: HOG \u0096 news - people ) sees 60% drop in profits in fourth quarter of 2008; fires 1,100 (10% of workforce)., 236400=Jan. 12: Best Buy (nyse: BBY \u0096 news - people ) clears 12.5% of its headquarters staff with 500-employee layoff., 197089=12/16/2008, 239579=Jan. 8: Continuing companywide job cuts at Eaton (nyse: ETN \u0096 news - people ) hit Iowa, with 78 laid off., 192541=12/23/2008, 236801=Jan. 12: Precision Castparts (nyse: PCP \u0096 news - people ) dismisses 40 as airline industry continues to struggle., 187381=1/9/2009, 238002=Jan. 9: Freeport-McMoRan (nyse: FCX \u0096 news - people ) slices workforce in half at Arizona mine; 1,550 workers let go., 231321=Jan. 15: MeadWestvaco (nyse: MWV \u0096 news - people ) fires 2,000 and plans closings or restructurings at up to 14 plants., 240755=Jan. 6: Alcoa (nyse: AA \u0096 news - people ) starts global salary and hiring freeze, plans sale of four non-core businesses and cuts workforce by 13% (13,500 jobs)., 230560=Jan. 16: Advanced Micro Devices (nyse: AMD \u0096 news - people ) reduces global workforce by 9% (1,100 jobs)., 177388=1/21/2009, 185660=1/13/2009, 189785=1/6/2009, 210895=11/7/2008, 226662=Jan. 21: Intel (nasdaq: INTC \u0096 news - people ) closes five manufacturing plants and pink slips 5,000., 188419=1/8/2009, 235644=Jan. 12: Mosaic (nyse: MOS \u0096 news - people ) fires 1,000 in Saskatchewan., 225314=Jan. 22: Huntsman (nyse: HUN \u0096 news - people ) reduces workforce by 9%; cutting 1,175 regular workers and 490 full-time contractors., 211236=11/6/2008, 197765=12/15/2008, 233969=Jan. 14: Motorola (nyse: MOT \u0096 news - people ) lays off 4,000 following a 3,000-worker layoff last year; expects savings of $700 million a year., 195004=12/18/2008, 179784=1/20/2009, 218145=Jan. 28: Boeing (nyse: BA \u0096 news - people ) increases previously announced layoffs\u0096bringing total to 10,000 workers, or 6% of the company?s workforce., 221071=Jan. 26: Lincoln National (nyse: LNC \u0096 news - people ) posts five quarterly declines in profit; cuts 540 (5% of workforce).}", "lastModified": "", "textBeforeTable": "29 01 2009 100", "textAfterTable": "Comments : Leave a Comment \u00bb Categories : Business, h1b, hr, information technology, Layoffs, recruitment, staffing, work Visa Layoff Tracker \u0096 Since November 08 \u0096 Till Date \u0096 Total 350,725\u00a0Layoffs 29 01 2009", "hasKeyColumn": true, "keyColumnIndex": 1, "headerRowIndex": 0}