{"pageTitle": "T\u00e4mbrig \u00a0 (704'050 / 249'470)", "title": "", "url": "http://www.gipfelderschweiz.ch/panorama/704050249470_pano.html", "hasHeader": true, "headerPosition": "FIRST_ROW", "tableType": "RELATION", "tableNum": 6, "s3Link": "", "recordEndOffset": 0, "recordOffset": 0, "tableOrientation": "HORIZONTAL", "lastModified": "", "textBeforeTable": "Folgende Gipfel sind von diesem Punkt erkennbar: Von Norden bis Osten bei maximaler Sichtweite 176 Gipfel, davon 90 \u00fcber 2000m, keine \u00fcber 3000m und keine \u00fcber 4000m, sind von diesem Punkt aus erkennbar, voraus gesetzt, dass die Sichtweite mindestens 50 km betr\u00e4gt. Ist die Sichtweite nur 25 km, so sind nur noch 30 Gipfel, davon keine \u00fcber 2000m, keine \u00fcber 3000m und keine \u00fcber 4000m, erkennbar. Aber ist die Sichtweite 75 km, sind 321 Gipfel, davon 219 \u00fcber 2000m, 22 \u00fcber 3000m und keine \u00fcber 4000m, erkennbar. Bei maximaler Sichtweite sind sogar 410 Gipfel, davon 296 \u00fcber 2000m, 54 \u00fcber 3000m und 6 \u00fcber 4000m, erkennbar! 360\u00b0 Panorama bei maximaler Sichtweite Google Luftbild Landkarte 47.38784N\u00a0\u00a08.81672O 47\u00b023'16\"N\u00a0\u00a08\u00b049'00\"O 704'050 / 249'470 Uster 1092 ZH 819 T\u00e4mbrig Links Koordinaten LK 25'000 Kanton H\u00f6he", "textAfterTable": "GL 46.79 km 151.2 Laaxer St\u00f6ckli Piz Grisch 2898 GL/GR 63.35 km 152.0 Bachtel 1110 ZH 11.62 km 153.0 Gandst\u00f6ck 2315 GL 52.19 km 153.0 Zw\u00f6lfihorn 2744 GL 61.51 km Grad Gipfel H\u00f6he Kanton Entfernung 153.4 Charenstock 2422 GL 53.85 km 153.5 Planggenstock 1675 GL 31.34 km 154.0 Wageten 1755 GL 32.95 km 154.4 Rautispitz 2283 GL 38.67 km 155.0 Wiggis 2282 GL 39.18 km 155.9 B\u00e4rensolspitz 1831 GL 34.72 km 155.9 Lachnerstock 1428 SZ 29.87 km 156.1 Br\u00fcckler Br\u00fcggler 1777 GL 32.61 km 157.5 Gumenstock 2256 GL 39.08 km 158.1 Chli", "hasKeyColumn": true, "keyColumnIndex": 1, "headerRowIndex": 0}