{"pageTitle": "Rulers", "title": "", "url": "http://www.tekeli.li/onomastikon/Ancient-World/Rome/Emperors.html", "hasHeader": true, "headerPosition": "FIRST_ROW", "tableType": "ENTITY", "tableNum": 3, "s3Link": "", "recordEndOffset": 0, "recordOffset": 0, "tableOrientation": "HORIZONTAL", "TableContextTimeStampAfterTable": "{23042=This collection of names compiled by Kate Monk. Copyright January 1997, Kate Monk. Last updated April, 97. Copies may be made for personal use only.}", "lastModified": "", "textBeforeTable": "There were seven semi-legendary kings of Rome traditionally listed as : Kings Roman Rulers", "textAfterTable": "Horatius (Cocles) a hero Emperors Julio-Claudians Augustus 27 BC-AD 14 Sole rule 0 BC Gaius Julius Caesar Octavianus nephew of Julius Caesar Livia Tiberius 14-7 Tiberius Claudius Nero son of Livia, adopted by Augustus \u00a0 Gaius (Caligula) 7-41 Gaius Caesar Augustus Germanicus son of Germanicus, grandson of Drusus \u00a0 Claudius 41-54 Tiberius Claudius Drusus Nero Germanicus son of Drusus, brother of Tiberius 1 Urgulania 2 Aelia Messalina 4 Agrippina Nero 54-68 Originally Lucius Domitius Ahenobarbus son of Agrippina, adopted by Claudius Poppaea Year of Four Emperors 68-9 Galba 68-9 Servius Sulpicius Galba \u00a0 \u00a0 Otho 69 Marcus Salvius Otho \u00a0 \u00a0 Vitellius 69-70 Aulus Vitellius \u00a0 \u00a0 Flavians Vespasian 69-79 Titus Flavius Vespasianus \u00a0 Domitia Titus 79-81 Titus Flavius Sabinus Vespasianus son of Vespasian \u00a0 Domitian 81-96 Titus Flavius Domitianus son of Vespasian \u00a0 Nerva 96-8 Marcus Cocceius Nerva \u00a0 \u00a0 Trajan 98-117 Marcus Ulpius Trajanus \u00a0 \u00a0 Hadrian 117-8 Publius Aelius Hadrianus Kinsman of Trajan \u00a0", "hasKeyColumn": true, "keyColumnIndex": 0, "headerRowIndex": 0}