{"pageTitle": "American Art Museums ? Juggle.com", "title": "", "url": "http://www.juggle.com/american-art-museums", "hasHeader": true, "headerPosition": "FIRST_ROW", "tableType": "RELATION", "tableNum": 0, "s3Link": "", "recordEndOffset": 0, "recordOffset": 0, "tableOrientation": "HORIZONTAL", "lastModified": "", "textBeforeTable": "2 1 1-100 of 134 | Next ? The visual arts are art forms that focus on the creation of works which are primarily visual in nature, such as painting, photography, printmaking, and filmmaking. The following lists American Art Museums where visual arts of all types can be enjoyed. American Art Museums American Art Museums Special Achievements > Lists > Art > Home > Products Television Sports Places Pets Music Literature Government Games Film Events Education Business Autos Works of Art Artists Art Corporate Debates Reference Explore:", "textAfterTable": "Next ? 1-100 of 134 | 1 2 Art (9) Autos (24) Baseball (66) Basketball (26) Business (37) Education (31) Events (20) Film (159) Football (38) Games (48) Government (60) Literature (37) Music (113) Places (35) Television (126) Exploring Art Artists Works of Art Lists in Art Lists in Art Special Achievements Tony Awards Hugo Award American Art Museums Top of Page \u00a9 2012 Juggle, LLC All Rights Reserved Find Blog Feedback Site Map", "hasKeyColumn": true, "keyColumnIndex": 0, "headerRowIndex": 0}