{"pageTitle": "", "title": "", "url": "http://en.wikipedia.org/wiki/Game_of_the_Year", "hasHeader": true, "headerPosition": "FIRST_ROW", "tableType": "RELATION", "tableNum": 0, "s3Link": "", "recordEndOffset": 0, "recordOffset": 0, "tableOrientation": "HORIZONTAL", "lastModified": "", "textBeforeTable": "The winners of the Electronic Gaming Monthly Game of the Year are chosen by Electronic Gaming Monthly editors. [edit] Electronic Gaming Monthly", "textAfterTable": "[edit] Eurogamer (UK) The winners of the Eurogamer (UK) Game of the Year are chosen by Eurogamer (UK) editors.[39]", "hasKeyColumn": true, "keyColumnIndex": 1, "headerRowIndex": 0}