{"pageTitle": "Game of the Year - Wikipedia, the free encyclopedia", "title": "", "url": "http://en.wikipedia.org/wiki/Game_of_the_Year", "hasHeader": true, "headerPosition": "FIRST_ROW", "tableType": "RELATION", "tableNum": 40, "s3Link": "", "recordEndOffset": 0, "recordOffset": 0, "tableOrientation": "HORIZONTAL", "TableContextTimeStampAfterTable": "{331917=The Golden Joysticks are the oldest gaming awards. The inaugural ceremony took place in 1982 in London's Berkeley Square.[163], 78927=Formerly known as Academy of Video Games. Includes all GOTY Winners picked by AIE staff members. Note: All winners before 1993 were picked in 1993 when AIE was formed., 293154=In addition to the editor's picks, 1UP.com also hosts a poll for the Readers' GOTYs. Until 2010, this was considered their primary Game of the Year.[11], 298354=Starting in 1984, the ZX Spectrum magazine Crash published an annual readers awards article, based on votes from the readers., 191814=The winners of the Giant Bomb Game of the Year are chosen by Giant Bomb editors.[93] In 2011, the editors changed their Game of the Year deliberations from picking a winner from their console-specific award winners, to creating a Top 10 list from their collective personal Top 10 games and ordering them from 10th to 1st.[94], 195419=IGN's most prestigious game of the year award is chosen by all the editors at IGN and unveiled mid-January., 230291=Over the years, Kotaku has been refining how it selects its Game of the Year. Currently, it involves a debate which starts with the Kotaku editors determining the four most defendable candidates for the award. Editors are then given time to play all the games, and for each of the candidates, an appropriate editor is determined to make his case behind it in front of a panel who also raise questions. The results of these debates are given to the readers, who then also have the chance to make their own opinions felt. To make the final decision, the Kotaku staff members reexamine their arguments, and the winner is determined from a vote between the editors in late January.[114][115], 65769=As of 2010[update], the winners of 1UP's Game of the Year are chosen by the editors. (In 2009, they also revealed their picks in the Reader's Choice Awards). For the Reader's Choice, see the Reader and gamer polls GOTY Section below.[11], 203747=In addition, the Australian (Au) team at IGN has been posting a top 10 games of the year since 2008. IGN AU's game of the year is as follows:, 206777=The winners of the Grand Award annually given by the Japan Game Awards, formerly known as the CESA Awards, since 1996. There are some years where two games shared the Grand Award.[112], 310470=The winners of G4's annual \"Videogame Deathmatch\" or \"G-phoria\" polls. The 2011 \"Videogame Deathmatch\" poll involved 500,000 votes.[142], 281182=? The Xbox release of Grand Theft Auto Double Pack scored slightly higher than The Wind Waker but was a re-release of both GTA3 & Vice City, which came out in 2001/2002.}", "lastModified": "", "textBeforeTable": "The winners of the Games (magazine) Game of the Year are chosen by Games editors:[1] See Games 100. [edit] Games magazine [edit] Board games (Game of the Year) X-Play Time (magazine) The Washington Examiner Spike TV ScrewAttack New York Times Metro GameCentral Metacritic Los Angeles Times Kotaku Joystiq Japan Media Arts Festival Japan Game Awards MMGN IGN Giant Bomb GameTrailers GameSpy GameSpot Games (magazine) Games Master GamePro Game Informer Gamasutra G4 Eurogamer Electronic Gaming Monthly Edge (magazine) Crispy Gamer British Academy of Film and Television Arts Academy of Interactive Entertainment Academy of Interactive Arts & Sciences 1UP.com", "textAfterTable": "Apples to Apples Ricochet Robot Double Quick! - Trivia: Bioviva CCG: Pok?mon Dexterity: Spintrek 1999[8] Fossil GIPF Conflict: Atlantic Storm Montgolfiere Bohnanza El Grande Say When! Stormy Seas Alpha Blitz - Trivia: Where in Time is Carmen Sandiego? CCG: C 23 1998[8] Quoridor Balanx Strategy & Conflict: Princess Ryan's Star Marines Take It Easy Get the Goods Quandary Wise and Otherwise Lost in a Jigsaw A to Z - Trivia: Director's Cut CCG: Magic: The Gathering - Portal", "hasKeyColumn": true, "keyColumnIndex": 1, "headerRowIndex": 0}