{"pageTitle": "", "title": "", "url": "http://en.wikipedia.org/wiki/Game_of_the_Year", "hasHeader": true, "headerPosition": "FIRST_ROW", "tableType": "RELATION", "tableNum": 0, "s3Link": "", "recordEndOffset": 0, "recordOffset": 0, "tableOrientation": "HORIZONTAL", "lastModified": "", "textBeforeTable": "The winners of the GameSpy Game of the Year are chosen by GameSpy editors.[73] [edit] GameSpy", "textAfterTable": "[edit] GameTrailers The winners of the GameTrailers Game of the Year are chosen by GameTrailers editors.[74]", "hasKeyColumn": true, "keyColumnIndex": 1, "headerRowIndex": 0}