{"pageTitle": "Nobel Prize in Physics - The Top 100 Baby Names", "title": "", "url": "http://www.thetop100babynames.com/SportsNames/SportsLinks/PhysicsPrize", "hasHeader": true, "headerPosition": "FIRST_ROW", "tableType": "ENTITY", "tableNum": 7, "s3Link": "", "recordEndOffset": 0, "recordOffset": 0, "tableOrientation": "HORIZONTAL", "lastModified": "", "textBeforeTable": "\u00a0 \u00a0 \u00a0 The 'Everything Baby' Search Engine The Nobel Prize in Physics - Winners", "textAfterTable": "Copyright 2006 \u00a9 cue32, LLC. All rights reserved. \u00a0 Contact Us |\u00a0 Privacy Policy |\u00a0 Site Map | Baby Names | Global Baby Names | Indian Names |", "hasKeyColumn": true, "keyColumnIndex": 2, "headerRowIndex": 0}