{"pageTitle": "American Hospital Directory - Individual Hospital Statistics for Florida", "title": "", "url": "http://www.ahd.com/states/hospital_FL.html", "hasHeader": true, "headerPosition": "FIRST_ROW", "tableType": "RELATION", "tableNum": 1, "s3Link": "", "recordEndOffset": 0, "recordOffset": 0, "tableOrientation": "HORIZONTAL", "lastModified": "", "textBeforeTable": "Data are based on each hospital's most recent cost report and other sources / Definitions Statistics for non-federal, short-term, acute care hospitals. Individual Hospital Statistics for Florida Order Info Updates Sources FAQs FREE Search Home Password: User Name: \u00a0 \u00a0 \u00a0 \u00a0 \u00a0 \u00a0", "textAfterTable": "About the company \u00a0|\u00a0 Site Map \u00a0|\u00a0 Email: support@ahd.com \u00a0|\u00a0 Privacy Policy \u00a0|\u00a0 Media Users should read notice, disclaimer, and agreement \u00a0| This page last updated 01/20/2012 Copyright \u00a92000-2011 American Hospital Directory, Inc. All rights reserved.\u00a0", "hasKeyColumn": true, "keyColumnIndex": 0, "headerRowIndex": 0}