{"pageTitle": "Plattenhorn \u00a0 (766'970 / 183'085)", "title": "", "url": "http://www.gipfelderschweiz.ch/panorama/766970183085_pano.html", "hasHeader": true, "headerPosition": "FIRST_ROW", "tableType": "RELATION", "tableNum": 12, "s3Link": "", "recordEndOffset": 0, "recordOffset": 0, "tableOrientation": "HORIZONTAL", "lastModified": "", "textBeforeTable": "Folgende Gipfel sind von diesem Punkt erkennbar: Von Norden bis Osten bei maximaler Sichtweite 306 Gipfel, davon 300 \u00fcber 2000m, 69 \u00fcber 3000m und keine \u00fcber 4000m, sind von diesem Punkt aus erkennbar, voraus gesetzt, dass die Sichtweite mindestens 50 km betr\u00e4gt. Ist die Sichtweite nur 25 km, so sind nur noch 126 Gipfel, davon 125 \u00fcber 2000m, 10 \u00fcber 3000m und keine \u00fcber 4000m, erkennbar. Aber ist die Sichtweite 75 km, sind 359 Gipfel, davon 352 \u00fcber 2000m, 94 \u00fcber 3000m und keine \u00fcber 4000m, erkennbar. 360\u00b0 Panorama bei maximaler Sichtweite Google Luftbild Landkarte Zentral Graub\u00fcnden 46.77800N\u00a0\u00a09.62521O 46\u00b046'41\"N\u00a0\u00a09\u00b037'31\"O 766'970 / 183'085 Arosa 1196 GR 2554 Plattenhorn Links \u00a0Region\u00a0 Koordinaten LK 25'000 Kanton H\u00f6he Gipfel Plattenhorn \u00a0 (766'970 / 183'085)", "textAfterTable": "GR/A 36.93 km 76.6 Verstanclach\u00f6pf 3058 GR 33.56 km 77.1 Rothorn 2806 GR 31.08 km 77.2 B\u00fcrgenchopf 2923 GR 32.57 km 77.2 Piz Buin Grond 3312 GR/A 38.39 km 77.2 Tiejer Hauptji 2124 GR 7.40 km 77.4 Piz Buin Pitschen 3256 GR/A 37.87 km 77.7 Verstanclahorn 3298 GR 34.73 km 78.4 Chap\u00fctschin 3232 GR 34.40 km 78.4 Schwarzkopf 3232 GR 34.40 km 79.0 Pischahorn 2980 GR 24.91 km 79.8 Piz Fliana 3281 GR 37.33 km 80.1 Mederger Flue 2706 GR 9.72 km 80.5 Piz Tiatscha 3051 GR 36.70 km 80.9 Ungh\u00fcrh\u00f6rner 2994 GR 29.84 km 81.0 Ch\u00f6rbsch Horn 2651", "hasKeyColumn": true, "keyColumnIndex": 1, "headerRowIndex": 0}