{"pageTitle": "World's busiest airports by international passenger traffic - Wikipedia, the free encyclopedia", "title": "", "url": "http://en.wikipedia.org/wiki/World\\u0027s_busiest_airports_by_international_passenger_traffic", "hasHeader": true, "headerPosition": "FIRST_ROW", "tableType": "RELATION", "tableNum": 5, "s3Link": "", "recordEndOffset": 0, "recordOffset": 0, "tableOrientation": "HORIZONTAL", "TableContextTimeStampBeforeTable": "{159=The following is a list of the world's busiest airports by international passenger traffic. London Heathrow has been the busiest since 2000}", "lastModified": "", "textBeforeTable": "[edit] 2008 preliminary statistics (January to December 2008) 0.9% 10,646,606 PMI/LEPA Palma, Majorca, Balearic Islands, Spain Palma de Mallorca Airport 30. 1.0% 11,231,417 BRU/EBBR Zaventem, Flemish Brabant, Flanders, Belgium Brussels Airport 29. 5.3% 4 11,416,988 MIA/KMIA Miami-Dade County, Florida, United States Miami International Airport 28 7.3% 11,459,549 STN/EGSS Stansted Mountfitchet, Essex, East of England, England, United Kingdom London Stansted Airport 27. 4.3% 2 11,499,909 BCN/LEBL El", "textAfterTable": "18. Dublin Airport Dublin, Ireland DUB 20,271,485 14.6% 19. John F. Kennedy International Airport New York City, United States JFK 19,606,958 4.4% 20. Copenhagen Airport Copenhagen, Denmark CPH 18,898,625 3.9% 21. Malpensa Airport Milan, Italy MXP 18,654,497 3.9% 22. Manchester Airport Greater Manchester, United Kingdom MAN 18,596,505 0.5% 23. Z?rich Airport Z?rich, Switzerland ZRH 18,444,894 8.0% 24. Toronto Pearson International Airport", "hasKeyColumn": true, "keyColumnIndex": 1, "headerRowIndex": 0}