{"pageTitle": "RBC Royal Bank Rates", "title": "", "url": "http://www.rbcroyalbank.com/RBC:RGNnxI71A8YAAZ2iPFc/rates/cashrates.html", "hasHeader": true, "headerPosition": "FIRST_ROW", "tableType": "RELATION", "tableNum": 5, "s3Link": "", "recordEndOffset": 0, "recordOffset": 0, "tableOrientation": "HORIZONTAL", "TableContextTimeStampAfterTable": "{11630=Cash rates for February 03, 2012 21:00:14 EST, 43783=Royal Bank of Canada Website, \u00a9 1995-2011}", "lastModified": "", "textBeforeTable": "Cash rates for February 03, 2012 21:00:14 EST Travel Essentials home page The rates on this page are against Canadian Dollars, apply to cash transactions only and are provided merely for information. See additional notes at the end of this page. \u00a0 Foreign Exchange Rates for Buying and Selling Cash SEARCH \u00a0 RBC Market Access GIC\u0099 Return Calculator Euro Currency Converter Foreign Exchange Cheque Converter TOOLS \u00a0", "textAfterTable": "NOTES Foreign exchange rates are subject to change at a moment's notice. Although up-to the minute rates may be obtained by contacting a local RBC Royal Bank branch, rates can only be guaranteed at the time the purchase or sale is conducted. Service fees of $3.00 per currency may apply when non RBC Royal Bank clients exchange foreign currency for Canadian dollars. Advance notice may be required to obtain some currencies. \u00a0 back to top Royal Bank of Canada Website, \u00a9 1995-2011 Privacy & Security | Legal | Accessibility", "hasKeyColumn": true, "keyColumnIndex": 0, "headerRowIndex": 0}