{"pageTitle": "Breitstock \u00a0 (729'675 / 149'625)", "title": "", "url": "http://www.gipfelderschweiz.ch/panorama/729675149625_pano.html", "hasHeader": true, "headerPosition": "FIRST_ROW", "tableType": "RELATION", "tableNum": 9, "s3Link": "", "recordEndOffset": 0, "recordOffset": 0, "tableOrientation": "HORIZONTAL", "lastModified": "", "textBeforeTable": "Folgende Gipfel sind von diesem Punkt erkennbar: Von Norden bis Osten bei maximaler Sichtweite 369 Gipfel, davon 368 \u00fcber 2000m, 153 \u00fcber 3000m und keine \u00fcber 4000m, sind von diesem Punkt aus erkennbar, voraus gesetzt, dass die Sichtweite mindestens 50 km betr\u00e4gt. Ist die Sichtweite nur 25 km, so sind nur noch 170 Gipfel, davon 170 \u00fcber 2000m, 52 \u00fcber 3000m und keine \u00fcber 4000m, erkennbar. Aber ist die Sichtweite 75 km, sind 474 Gipfel, davon 472 \u00fcber 2000m, 200 \u00fcber 3000m und 2 \u00fcber 4000m, erkennbar. Bei maximaler Sichtweite sind sogar 533 Gipfel, davon 531 \u00fcber 2000m, 234 \u00fcber 3000m und 3 \u00fcber 4000m, erkennbar! 360\u00b0 Panorama bei maximaler Sichtweite Google Luftbild Landkarte 46.48538N\u00a0\u00a09.12755O 46\u00b029'07\"N\u00a0\u00a09\u00b007'39\"O 729'675 / 149'625 Hinterrhein 1254 GR 3030 Breitstock Links Koordinaten LK 25'000 Kanton H\u00f6he", "textAfterTable": "Schafgrat 2763 GR 48.57 km 21.8 Orglen 2720 SG 50.20 km 21.9 Crap Grisch Planggenhorn 2861 GR 20.49 km 22.3 Piz Riein 2752 GR 31.20 km 23.0 Piz Signina 2848 GR 29.15 km 23.3 Piz Fess 2880 GR 29.63 km 23.5 G\u00fcner Horn Piz G\u00fcn 2849 GR 28.65 km 24.1 T\u00e4llihorn 2855 GR 19.83 km 24.2 Marschinchopf 2555 GR 5.37 km 24.3 Oberhorn 2796 GR 30.70 km 25.5 Piz Tom\u00fcl Wissensteinhorn 2946 GR 17.19 km 26.6 Falknis 2562 GR/FL 71.11 km 27.4 Ruchberg Vorder Grauspitz 2599 GR/FL 71.99 km 27.6 Hinter Grauspitz Schwarzhorn 2574", "hasKeyColumn": true, "keyColumnIndex": 1, "headerRowIndex": 0}