{"pageTitle": "The Magic Box - US Platinum Chart Games.", "title": "", "url": "http://ww.the-magicbox.com/Chart-USPlatinum.shtml", "hasHeader": true, "headerPosition": "FIRST_ROW", "tableType": "RELATION", "tableNum": 9, "s3Link": "", "recordEndOffset": 0, "recordOffset": 0, "tableOrientation": "HORIZONTAL", "TableContextTimeStampAfterTable": "{6395=US Platinum Videogame Chart (Games sold over Million Copies since 1995) Last Updated: Dec 27, 2007}", "lastModified": "", "textBeforeTable": "US Platinum Videogame Chart (Games sold over Million Copies since 1995) Last Updated: Dec 27, 2007 Message Forum Flash Games Wallpaper", "textAfterTable": "US Game Chart - Honorable Mentions Platform Developer Game Title Units Sold (Estimates) PS2 Sega NFL 2K3 0.99 Xbox 360 Capcom Dead Rising 0.97 PS2 Namco Soul Calibur 2 0.97 Xbox 360 THQ Saints Row 0.96 PSX Sony The Legend of Dragoon 0.96 PS2 Electronic Arts Burnout 3: Takedown 0.96 PSX Square Enix Final Fantasy Tactics 0.95 GC Nintendo Super Mario Strikers 0.95 PS2 Sony HotShot Golf 3 0.94 Wii Nintendo Super Mario Mario 0.91 PSP Sony SOCOM: Fireteam Bravo 0.91 PSP LucasArts Star Wars: Battlefront II 0.91 PS2 Square Enix Star Ocean: Till the End of Time 0.74 Latest Game News Game Previews", "hasKeyColumn": true, "keyColumnIndex": 2, "headerRowIndex": 0}