{"pageTitle": "2011 November | WasWatching.com", "title": "", "url": "http://waswatching.com/2011/11/", "hasHeader": true, "headerPosition": "FIRST_ROW", "tableType": "RELATION", "tableNum": 0, "s3Link": "", "recordEndOffset": 0, "recordOffset": 0, "tableOrientation": "HORIZONTAL", "TableContextTimeStampBeforeTable": "{232=Since 1901, how many players have 7+ years of 120+ singles in the same season where they had 60+ RBI? Here is the list -}", "TableContextTimeStampAfterTable": "{148195=The Mets lost over $50 million this past season as the team won only 77 games and attendance fell 7%. The team is cutting ticket prices for 2012 in an attempt to turn the turnstile tide. But if Wilpon and Katz lose National League batting champion Jose Reyes to the Marlins there will likely even be less supporters at Citi Field in 2012.}", "lastModified": "", "textBeforeTable": "Since 1901, how many players have 7+ years of 120+ singles in the same season where they had 60+ RBI? Here is the list - Comments (1) Steve L. on November 20th, 2011 \u00b7 Posted by Jeter 2 Seasons Away From Ty Cobb\u0092s Record --> trackback:ping=\"http://waswatching.com/2011/11/21/most-hr-in-year-of-death/trackback/\" /> dc:title=\"Most HR In Year Of Death\" dc:identifier=\"http://waswatching.com/2011/11/21/most-hr-in-year-of-death/\" xmlns:dc=\"http://purl.org/dc/elements/1.1/\" Email This Post \u00a0 Print This Post \u00b7 \u00a0 Season Finders \u00b7 Off The Field News, Filed under . Generated 11/21/2011. View Play Index Tool Used Baseball-Reference.com: Provided by WSH 42 171 22 21 12 16 3 .333 .388 .436 Ed Delahanty 1 1903 1903 1903 35 CIN 102 448 47 31 28 17 5 .281 .331 .368", "textAfterTable": "Provided by Baseball-Reference.com: View Play Index Tool Used Generated 11/20/2011. . Betcha Derek Jeter does tie the Peach on this one. Filed under Season Finders \u00b7 \u00a0 Print This Post \u00b7 \u00a0 Email This Post Selig O.K. With Mets Debt Increasing By $140 Million Posted by Steve L. on November 20th, 2011 \u00b7 Comments (1) Via Forbes \u0096 After watching the Texas Rangers and Los Angeles Dodgers crash and burn from too much debt, you?d think Major League Baseball Commissioner Bud Selig would be clamping down on excessive leverage and keeping a closer eye on teams abusing baseball?s debt rules. Apparently not. According to ESPN.com, the Mets could be increasing their debt, currently", "hasKeyColumn": true, "keyColumnIndex": 1, "headerRowIndex": 0}