{"pageTitle": "Page 23 - Plan canadien de lutte contre la pand\u00e9mie d'influenza dans le secteur de la sant\u00e9 - Influenza - Agence de la sant\u00e9 publique du Canada", "title": "", "url": "http://www.phac-aspc.gc.ca/cpip-pclcpi/ann-n-fra.php", "hasHeader": true, "headerPosition": "FIRST_ROW", "tableType": "RELATION", "tableNum": 20, "s3Link": "", "recordEndOffset": 0, "recordOffset": 0, "tableOrientation": "HORIZONTAL", "TableContextTimeStampAfterTable": "{156160=Il faut en outre mettre \u00e0 jour ces cas dans le rapport hebdomadaire de la base de donn\u00e9es nationale sur la grippe pand\u00e9mique (H1N1) de 2009 transmis \u00e0 l\u0092ASPC de la fa\u00e7on d\u00e9crite ci-dessus. La d\u00e9claration cas par cas des d\u00e9c\u00e8s \u00e0 la suite d\u0092une hospitalisation li\u00e9e \u00e0 la grippe pand\u00e9mique H1N1 doit demeurer en place le plus longtemps possible., 236683=Modifications d\u0092IMPACT par suite de la grippe pand\u00e9mique (H1N1) de 2009, 237627=Concernant les analyses d\u00e9coulant des formulaires de d\u00e9claration de cas, en raison de l\u0092envergure et de la gravit\u00e9 de la pand\u00e9mie en question, il a \u00e9t\u00e9 recommand\u00e9 qu\u0092\u00e0 partir du 23 juillet 2009, une analyse soit effectu\u00e9e deux fois par mois pour mieux suivre la tendance des cas graves et mettre en lumi\u00e8re d\u0092autres facteurs caract\u00e9ristiques qui nous permettraient de mieux comprendre et traiter en milieu clinique les patients atteints du virus de la grippe pand\u00e9mique (H1N1) de 2009. Cette analyse sera pr\u00e9cis\u00e9e et effectu\u00e9e par le Centre de l'immunisation et des maladies respiratoires infectieuses. \u00a0, 206426=Le r\u00e9seau du PCSIN compte 52 h\u00f4pitaux sentinelles r\u00e9partis dans 9 provinces au Canada. Au cours des 3 derniers \u00e9pisodes de la grippe saisonni\u00e8re (de 2005-2006 \u00e0 2008-2009), 15 h\u00f4pitaux du PCSIN ont men\u00e9 des op\u00e9rations de surveillance des cas d\u0092influenza confirm\u00e9e en laboratoire aupr\u00e8s de patients hospitalis\u00e9s \u00e2g\u00e9s de plus de 16 ans. Les patients observ\u00e9s \u00e9taient dles malades atteints d'influenza dont l'affection a \u00e9t\u00e9 confirm\u00e9e par un r\u00e9sultat positif dans le cadre d'un test exp\u00e9ditif d'antig\u00e8nes, d'une r\u00e9action en cha\u00eene par polym\u00e9rase (RCP) ou d'une culture d'influenza A ou B., 167884=L\u0092information produite par le PCSIN et le programme IMPACT servira \u00e0 \u00e9tablir une description clinique plus d\u00e9taill\u00e9e de la population touch\u00e9e par la grippe pand\u00e9mique (manifestations cliniques, complications bact\u00e9riennes, niveau de soin n\u00e9cessaire) et permettra d\u0092\u00e9valuer l\u0092efficacit\u00e9 de certaines interventions (vaccins et, \u00e0 un degr\u00e9 moindre, antiviraux) et d\u0092\u00e9valuer l\u0092impact que la grippe pand\u00e9mique (H1N1) de 2009 a sur le syst\u00e8me de soins de sant\u00e9 puisque l\u0092on recevra de l\u0092information sur le nombre de lits., 154226=Il y a du nouveau au cours de la saison de la grippe 2009-2010 : on demande aux PT de faire rapport une fois par semaine, au plus tard le lundi \u00e0 17 h HAE, d\u0092une s\u00e9rie d\u0092\u00e9l\u00e9ments de donn\u00e9es, selon les variables de la base de donn\u00e9es d\u00e9crites \u00e0 l\u0092Appendice C.1, pour tous les cas d\u0092hospitalisations et de d\u00e9c\u00e8s (voir plus bas pour de plus amples renseignements concernant le signalement de d\u00e9c\u00e8s) dus \u00e0 la grippe pand\u00e9mique H1N1 relevant de leur responsabilit\u00e9. La base de donn\u00e9es hebdomadaire doit \u00eatre transmise par courriel \u00e0 HSFLUEPI@phac-aspc.gc.ca La d\u00e9claration cas par cas relativement \u00e0 la grippe pand\u00e9mique (H1N1) de 2009 doit demeurer en place aussi longtemps que possible., 141803=Les donn\u00e9es de surveillance fournies par les partenaires PT jouent un r\u00f4le crucial dans la surveillance g\u00e9n\u00e9rale de la grippe pand\u00e9mique (H1N1) de 2009 et dans Surveillance de l\u0092influenza. Il est recommand\u00e9 que les partenaires PT d\u00e9clarent les donn\u00e9es de surveillance recommand\u00e9es le plus rapidement possible, mais il est entendu que l\u0092information n\u0092est pas toujours accessible dans tous leurs syst\u00e8mes de surveillance., 205885=Depuis sa fondation en 1994, le PCSIN poursuit les objectifs suivants\u00a0:, 21395=Ce document a \u00e9t\u00e9 r\u00e9dig\u00e9 pour faciliter la planification advenant une pand\u00e9mie et l'adoption d'une approche standardis\u00e9e de la surveillance nationale de l'influenza durant la p\u00e9riode interpand\u00e9mique. Bien qu\u0092on ne connaisse pas les caract\u00e9ristiques d\u0092un nouveau virus de l\u0092influenza, l\u0092exp\u00e9rience du SRAS (syndrome respiratoire aigu s\u00e9v\u00e8re), les \u00e9closions de l\u0092infection humaine par le virus de la grippe A (H5N1) et la pand\u00e9mie H1N1 de 2009 ont soulign\u00e9 l\u0092importance de bien se pr\u00e9parer et de cr\u00e9er une infrastructure de surveillance pour d\u00e9tecter et juguler les infections des voies respiratoires \u00e9mergentes. Le cadre qui suit traite de la planification des mesures de surveillance en termes g\u00e9n\u00e9raux; il faut cependant comprendre que bien que certaines des mesures recommand\u00e9es puissent \u00eatre pr\u00e9par\u00e9es \u00e0 l'avance, d'autres recommandations et alertes propres \u00e0 des situations donn\u00e9es devront s'appuyer sur des informations qui ne seront disponibles qu'\u00e0 mesure que la pand\u00e9mie \u00e9voluera. Signalons \u00e9galement que des strat\u00e9gies de surveillance particuli\u00e8res pourraient se r\u00e9v\u00e9ler n\u00e9cessaires \u00e0 l\u0092\u00e9gard des collectivit\u00e9s \u00e9loign\u00e9es et isol\u00e9es pour d\u00e9crire correctement une \u00e9closion dans ces r\u00e9gions, notamment \u00e0 l\u0092\u00e9gard des nombreuses collectivit\u00e9s des Premi\u00e8res nations et des Inuits., 176328=Il faudrait essayer de recueillir ces renseignements sur tous les patients hospitalis\u00e9s et d\u00e9c\u00e9d\u00e9s \u00e0 cause de la grippe pand\u00e9mique (HINI) de 2009 si la communaut\u00e9 ou la r\u00e9gie r\u00e9gionale de la sant\u00e9 o\u00f9 habite le patient est consid\u00e9r\u00e9e comme isol\u00e9e ou \u00e9loign\u00e9e par la PT en cause., 191435=Indiquer les principaux types de donn\u00e9es pour tous les cas d\u0092hospitalisation et de d\u00e9c\u00e8s associ\u00e9s \u00e0 la pand\u00e9mie d\u0092influenza (H1N1) de 2009. \u00a0, 180393=Deux cas ou plus de syndrome grippal en sept jours, y compris au moins un cas de grippe pand\u00e9mique (H1N1) de 2009 confirm\u00e9e en laboratoire., 213714=Modifications possibles du PCSIN par suite de la pand\u00e9mie de grippe (H1N1) de 2009, 156624=M\u00eame si elles n\u0092y sont pas oblig\u00e9es, les PT en mesure de remplir le Formulaire de d\u00e9claration des cas de grippe pand\u00e9mique (H1N1) de 2009 (Appendice C.3) sont incit\u00e9es \u00e0 le faire pour les cas de d\u00e9c\u00e8s caus\u00e9s par la pand\u00e9mie. Ces donn\u00e9es devraient \u00e9galement figurer dans la base de donn\u00e9es hebdomadaire. c. D\u00e9claration sommaire des cas d\u0092hospitalisation et de d\u00e9c\u00e8s par suite de l\u0092influenza confirm\u00e9e en laboratoire\u00a0, 16093=Depuis 2004, les intervenants canadiens responsables de la surveillance de la sant\u00e9 publique, par l'interm\u00e9diaire de groupes de travail nationaux, d\u00e9finissent les r\u00f4les et les responsabilit\u00e9s, de m\u00eame que les normes minimales, concernant la collecte des donn\u00e9es de surveillance nationales durant les p\u00e9riodes interpand\u00e9mique et pand\u00e9mique., 147567=Date de d\u00e9but pour les 45 h\u00f4pitaux : le 1er septembre 2009, 207205=Changements apport\u00e9s au PCSIN par suite de la grippe pand\u00e9mique (H1N1) de 2009, 179124=Hospitalisations caus\u00e9es par la grippe pand\u00e9mique (H1N1) de 2009 Toute personne hospitalis\u00e9e qui a la grippe H1N1 confirm\u00e9e en laboratoire12 ., 10208=Remarque : Nouvelle annexe publi\u00e9e avec la version 2006 du Plan canadien de lutte contre la pand\u00e9mie d\u0092influenza., 182080=Deux cas ou plus de syndrome grippal en sept jours, y compris au moins un cas de grippe pand\u00e9mique (H1N1) de 2009 confirm\u00e9e en laboratoire., 154079=a. Hospitalisations dues \u00e0 la pand\u00e9mie (HINI) de 2009 (signalement fond\u00e9 sur les cas), 138047=La strat\u00e9gie de surveillance de la grippe appliqu\u00e9e cette ann\u00e9e (2009) diff\u00e8re consid\u00e9rablement de celle des saisons pr\u00e9c\u00e9dentes, car le Canada est en p\u00e9riode de pand\u00e9mie de la phase\u00a06. Les recommandations nationales sur l\u0092orientation et la d\u00e9claration qui portent sur la surveillance de la grippe pand\u00e9mique (H1N1) de 2009 aideront \u00e0 assurer que les donn\u00e9es soumises \u00e0 l\u0092Agence de la sant\u00e9 publique du Canada (ASPC) sont normalis\u00e9es d\u0092un bout \u00e0 l\u0092autre du pays. Cela facilitera l\u0092\u00e9tablissement de comparaisons entre les administrations et permettra au Canada de satisfaire aux obligations relatives aux d\u00e9clarations internationales impos\u00e9es par l\u0092Organisation mondiale de la sant\u00e9 (OMS)., 137128=Version la plus r\u00e9cente\u00a0: 6 f\u00e9vrier 2010, 229684=IMPACT est administr\u00e9 par la Soci\u00e9t\u00e9 canadienne de p\u00e9diatrie et financ\u00e9 par la Division de l\u0092immunisation et des infections respiratoires de l\u0092ASPC. Le programme a d\u00e9but\u00e9 en d\u00e9cembre 1990 \u00e0 titre de projet pilote dans cinq centres p\u00e9diatriques sp\u00e9cialis\u00e9s au Canada. Le r\u00e9seau compte maintenant 12 centres, ce qui repr\u00e9sente environ 90\u00a0% de tous les lits p\u00e9diatriques de soins tertiaires au Canada., 231401=L\u0092influenza est devenue une cible de surveillance en 2004 lors du lancement d\u0092une \u00e9tude pilote sur l\u0092influenza. La surveillance de l\u0092IMPACT s\u0092\u00e9tait alors donn\u00e9 les objectifs suivants\u00a0:, 155167=M\u00eame si elles n\u0092y sont pas oblig\u00e9es, les provinces/territoires en mesure de remplir le Formulaire de d\u00e9claration des cas de grippe pand\u00e9mique (H1N1) de 2009 (Appendice C.3) sont incit\u00e9es \u00e0 le faire pour les cas d\u0092hospitalisation caus\u00e9e par la pand\u00e9mie. Par ailleurs, si elles fournissent ces donn\u00e9es, celles-ci devraient \u00e9galement figurer dans la base de donn\u00e9es hebdomadaire. b. D\u00e9c\u00e8s dus \u00e0 la pand\u00e9mie (HINI) de 2009 (signalement fond\u00e9 sur les cas)\u00a0, 174110=Le CIMRI pr\u00e9vient le centre des rapports sur la sant\u00e9 internationale de l\u0092OMS et de l\u0092OPS pour le Canada d\u0092\u00e9v\u00e9nements grippaux inhabituels (cas de r\u00e9sistance aux antiviraux du virus de la grippe pand\u00e9mique [H1N1] de 2009, grappe de maladies respiratoires graves, souches nouvelles du virus de la grippe, etc.) conform\u00e9ment aux exigences des rapports sur la sant\u00e9 internationale., 180043=\u00c9closions d\u0092influenza et de grippe pand\u00e9mique (H1N1) de 2009 dans des \u00e9tablissements de soins de sant\u00e9 et \u00e9tablissements r\u00e9sidentiels (h\u00f4pitaux, \u00e9tablissements de soins de longue dur\u00e9e, \u00e9tablissements correctionnels, \u00e9tablissements de soutien), 145825=Produire de l\u0092information agr\u00e9g\u00e9e sur les hospitalisations li\u00e9es \u00e0 la grippe confirm\u00e9e en laboratoire (selon le groupe d\u0092\u00e2ge, le type de grippe, la date d\u0092admission) et les d\u00e9c\u00e8s chez les enfants de moins de 16 ans. \u00c0 compter de l\u0092automne 2009, ils doivent fournir des rapports de cas d\u00e9taill\u00e9s aux deux semaines, 180562=\u00c9closion d\u0092influenza et de grippe pand\u00e9mique (H1N1) de 2009 dans les \u00e9coles13 Absent\u00e9isme qui d\u00e9passe 10 % OU absent\u00e9isme plus \u00e9lev\u00e9 que les niveaux de r\u00e9f\u00e9rence \u00e9tablis par les \u00e9coles ou la r\u00e9gion de surveillance qui est probablement attribuable au syndrome grippal., 177529=Cas de grippe pand\u00e9mique (H1N1) de 2009 confirm\u00e9e en laboratoire, 165329=Le programme IMPACT doit soumettre aux deux semaines des rapports de cas d\u00e9taill\u00e9s sur les patients hospitalis\u00e9s avec la grippe pand\u00e9mique (H1N1) de 2009 confirm\u00e9e en laboratoire. Ces rapports fournissent de l\u0092information clinique d\u00e9taill\u00e9e sur le patient, comme la pr\u00e9sence de probl\u00e8mes m\u00e9dicaux sous-jacents, l\u0092existence d\u0092infections bact\u00e9riennes secondaires, de l\u0092information sur les ant\u00e9c\u00e9dents vaccinaux et le traitement aux antiviraux. L\u0092Appendice E contient plus d\u0092information sur le programme IMPACT., 208286=Le nombre d\u0092h\u00f4pitaux dans le r\u00e9seau d\u0092influenza du PCSIN s\u0092est accru, passant de 15 \u00e0 40 sur un total de 52 \u00e9tablissements faisant partie du r\u00e9seau. La p\u00e9riode de surveillance s\u0092\u00e9tend du 1er juin 2009 au 31 mai 2010. \u00c0 toutes fins utiles, la collecte des donn\u00e9es a d\u00e9but\u00e9 le 1er juillet 2009. Tous les h\u00f4pitaux du PCSIN auront le choix d\u0092effectuer une surveillance\u00a0: 1) de cas de grippe confirm\u00e9e en laboratoire; 2) des cas d'hospitalisation diagnostiqu\u00e9s d'une affection potentiellement associ\u00e9e \u00e0 la grippe, ou 3) les deux., 166105=Ce sera la premi\u00e8re fois au cours de la saison de la grippe de 2009-2010 que le PCSIN participera \u00e0 la surveillance habituelle de la grippe assur\u00e9e par le programme Surveillance de l\u0092influenza. Ce programme doit fournir de l\u0092information sur la population adulte hospitalis\u00e9e. Le PCSIN pr\u00e9sente par courriel, une fois par semaine, un d\u00e9nombrement des admissions caus\u00e9es par la grippe (voir la liste des probl\u00e8mes au protocole de l\u0092Appendice D) et de l\u0092ensemble des hospitalisations et des d\u00e9c\u00e8s caus\u00e9s par la grippe confirm\u00e9e en laboratoire. Une fois par mois, ces intervenants doivent soumettre des rapports de cas d\u00e9taill\u00e9s sur les patients hospitalis\u00e9s \u00e0 cause d\u0092une grippe confirm\u00e9e en laboratoire., 181530=Autres \u00e9closions communautaires d\u0092influenza et de grippe pand\u00e9mique (H1N1) de 2009 (petites localit\u00e9s, milieu de travail, etc14., 175309=Il faudrait essayer de recueillir de l\u0092information sur l\u0092ob\u00e9sit\u00e9 de tous les patients hospitalis\u00e9s et d\u00e9c\u00e9d\u00e9s \u00e0 cause de la grippe pand\u00e9mique (H1N1) de 2009. Si le dossier du patient mentionne le poids en kilogrammes et la taille en centim\u00e8tres, on peut les indiquer sur le formulaire de d\u00e9claration de cas ou dans la base de donn\u00e9es. L\u0092ASPC convertira ces renseignements et calculera l\u0092indice de masse corporelle (IMC). Si on ne dispose que du poids, pri\u00e8re de l\u0092indiquer. Lorsque l\u0092on inscrit la mention \u00ab ob\u00e9sit\u00e9 \u00bb dans le dossier, pri\u00e8re de l\u0092indiquer, sans \u00e9gard \u00e0 la gravit\u00e9 de celle-ci (qu\u0092il s\u0092agisse d\u0092ob\u00e9sit\u00e9, d\u0092ob\u00e9sit\u00e9 morbide ou grave)., 153971=A.2.1.ii Surveillance de la grippe pand\u00e9mique (H1N1) de 2009, 236792=Par suite de la pand\u00e9mie \u00e9mergente au Canada, il a \u00e9t\u00e9 d\u00e9cid\u00e9 de continuer \u00e0 d\u00e9clarer par voie \u00e9lectronique les donn\u00e9es globales sur une base hebdomadaire. Toutefois, comme il a d\u00e9j\u00e0 \u00e9t\u00e9 mentionn\u00e9, depuis la semaine 17 (26 avril \u0096 2 mai 2009), le nombre et la proportion d\u0092hospitalisations et de d\u00e9c\u00e8s d\u0092enfants atteints d\u0092influenza confirm\u00e9e en laboratoire attribuables au virus pand\u00e9mique (H1N1) de 2009 sont affich\u00e9s sur Surveillance de l\u0092influenza sur une base hebdomadaire. Pour ce qui est de la d\u00e9claration des cas, le formulaire de d\u00e9claration des cas ax\u00e9e sur IMPACT a \u00e9t\u00e9 mis au point. \u00a0, 10112=Date de la version la plus r\u00e9cente : f\u00e9vrier 2010, 179704=D\u00e9c\u00e8s caus\u00e9s par la grippe pand\u00e9mique (H1N1) de 2009 D\u00e9c\u00e8s de toute personne qui a la grippe pand\u00e9mique (H1N1) confirm\u00e9e en laboratoire chez laquelle il n\u0092y a pas eu de p\u00e9riode de r\u00e9tablissement complet entre la maladie et la mort., 142621=Toute collecte, utilisation et divulgation d\u0092information identifiable par l\u0092ASPC se d\u00e9roulera conform\u00e9ment \u00e0 la Politique sur la collecte, l\u0092utilisation et la diffusion de donn\u00e9es sur la sant\u00e9 publique de l\u0092Agence dat\u00e9e de juin 2009., 135948=Le questionnaire suivant a \u00e9t\u00e9 \u00e9labor\u00e9 par le BC Centre for Disease Control (BCCDC) pour \u00eatre utilis\u00e9 au cours de l\u0092\u00e9closion d\u0092influenza aviaire H7N3 en 2004 en Colombie-Britannique, gr\u00e2ce \u00e0 la contribution des scientifiques qui avaient d\u00e9j\u00e0 particip\u00e9 \u00e0 l\u0092intervention lors d\u0092une \u00e9closion d\u0092influenza aviaire H7N7 aux Pays-Bas en 2003.}", "lastModified": "", "textBeforeTable": "3. P\u00e9riode interpand\u00e9mique \u00a0 Haut de la page Remarque : Dans la description des phases, le terme \u00a0\u00ab animal\u00a0\u00bb utilis\u00e9 englobe tant les oiseaux que les mammif\u00e8res. Les tableaux qui suivent d\u00e9crivent les objectifs de la surveillance, les r\u00f4les et responsabilit\u00e9s des intervenants en sant\u00e9 publique \u00e0 chaque niveau (FPT et local). Ils sont pr\u00e9sent\u00e9s pour chaque phase\u00a0successive d'une pand\u00e9mie d'apr\u00e8s les phases pand\u00e9miques au Canada, qui rendent compte tant de la situation mondiale (phases 1.0, 2.0, 3.0, etc.) que du niveau le plus \u00e9lev\u00e9 d'activit\u00e9 du nouveau virus au Canada (sous-phases 3.1, 4.1, 5.1, etc.). Voir la section sur le contexte du Plan canadien de lutte contre la pand\u00e9mie d\u0092influenza pour obtenir d\u0092autres pr\u00e9cisions. Effectuer une surveillance de la sant\u00e9 animale (d\u00e9tection pr\u00e9coce des \u00e9closions chez les animaux ou de la transmission de l'animal \u00e0 l'humain durant les p\u00e9riodes d'alerte pand\u00e9mique et interpand\u00e9mique). Tirer profit des syst\u00e8mes de surveillance am\u00e9lior\u00e9s qui existent pour recueillir des donn\u00e9es de surveillance suppl\u00e9mentaires et/ou proc\u00e9der en temps utile \u00e0 l\u0092analyse des variables importantes permettant de comprendre la pand\u00e9mie; Plusieurs autres activit\u00e9s de surveillance de la pand\u00e9mie d'influenza sont recommand\u00e9es tant pour la d\u00e9tection am\u00e9lior\u00e9e des premiers signaux avertisseurs que pour la surveillance durant une pand\u00e9mie, notamment : \u00c9change continu de l'information par des r\u00e9seaux \u00e9tablis de communication (p. ex., le CCSIE [Centre canadien de surveillance int\u00e9gr\u00e9e", "textAfterTable": "Donn\u00e9es nationales de surveillance Surveillance des maladies (a) Niveau d\u0092activit\u00e9 grippale par r\u00e9gion PT (d\u0092apr\u00e8s les d\u00e9finitions du programme Surveillance de l\u0092influenza); (b) \u00a0Taux de consultations pour SG (nombre de consultations de m\u00e9decins sentinelles pour SG par 1\u00a0000\u00a0consultations); (c) Nombre d\u0092\u00e9closions confirm\u00e9es en laboratoire dans les \u00e9tablissements de soins de longue dur\u00e9e; (d) Nombre d\u0092hospitalisations et de d\u00e9c\u00e8s associ\u00e9s \u00e0 l\u0092influenza chez les enfants \u00e2g\u00e9s de 0 \u00e0 18\u00a0ans obtenu par l\u0092interm\u00e9diaire des h\u00f4pitaux p\u00e9diatriques sentinelles (IMPACT). Surveillance des laboratoires e) Pourcentage de tests positifs d\u0092influenza (nombre total de tests d\u0092influenza effectu\u00e9s en laboratoire et nombre de r\u00e9sultats positifs, selon le type de virus A ou B); (f) Caract\u00e9risation des souches, nombre identifi\u00e9 pour chaque souche et sous-type et pourcentage de l\u0092ensemble en ce qui concerne environ 10\u00a0% des isolats provenant du syst\u00e8me de d\u00e9tection des virus respiratoires dans les laboratoires sentinelles; (g) Caract\u00e9risation accrue des souches cibl\u00e9es en fonction de l\u0092\u00e9valuation du risque dans les zones o\u00f9 circulent des souches animales; (h) \u00c9tude de la r\u00e9sistance aux antiviraux des isolats du virus grippal. \u00c9valuation des risques (i) Sommaire des zones, au Canada et \u00e0 l\u0092\u00e9tranger, o\u00f9 l\u0092activit\u00e9 du virus chez les animaux a \u00e9t\u00e9 confirm\u00e9e; (j) Sommaire de l\u0092activit\u00e9 du virus \u00e0 l\u0092\u00e9chelle internationale chez les humains. Phase\u00a0pand\u00e9mique au Canada 3.1 Chez les humains, des cas isol\u00e9s d\u0092infection caus\u00e9e par un nouveau", "hasKeyColumn": true, "keyColumnIndex": 2, "headerRowIndex": 0}