{"pageTitle": "Swiss Committee on Dams - Verzeichnis der Schweizer Talsperren", "title": "", "url": "http://www.swissdams.ch/Dams/damList/default_d.asp", "hasHeader": true, "headerPosition": "FIRST_ROW", "tableType": "RELATION", "tableNum": 4, "s3Link": "", "recordEndOffset": 0, "recordOffset": 0, "tableOrientation": "HORIZONTAL", "lastModified": "", "textBeforeTable": "Verzeichnis der Schweizer Talsperren (1/1) Kontakte Links News Talsperren der Schweiz Nationalkomitee Schweizerische Talsperrenkomitee Verzeichnis der Schweizer Talsperren", "textAfterTable": "Karte der Talsperren in der Schweiz Talsperren, die n?tzlichen Pyramiden grande dixence, dixence, mauvoisin, luzzone, contra, ?mosson, emosson, zeuzier, g?scheneralp, goscheneralp, curnera, zervreila, moiry, gigerwald, limmern, valle di lei, lei, punt dal gall, punt, gall, sambuco, nalps, hongrin, gebidem, mattmark, santa maria, albigna, spitallamm, cavagnoli, schr?h, schraeh, schrah, oberaar, R?terichsboden Raeterichsboden, Raterichsboden, malvaglia, marmorera, cleuson, les toules, toules, rossens, naret, barberine, mapragg, ch?telot, chatelot, z'mutt, lucendro, ova spin, palagnedra, vasasca, robiei, ferden, solis, gries, montsalvens, panix, salanfe, schiffenen, garichte \u00a0", "hasKeyColumn": true, "keyColumnIndex": 0, "headerRowIndex": 0}