{"pageTitle": "World's busiest airports by passenger traffic - Wikipedia, the free encyclopedia", "title": "", "url": "http://en.wikipedia.org/wiki/World%27s_busiest_airports_by_passenger_traffic", "hasHeader": true, "headerPosition": "FIRST_ROW", "tableType": "LAYOUT", "tableNum": 0, "s3Link": "", "recordEndOffset": 0, "recordOffset": 0, "tableOrientation": "HORIZONTAL", "TableContextTimeStampBeforeTable": "{21559=The world's busiest airports by passenger traffic are measured by number of total passengers (data provided by Airports Council International). One passenger is described as someone who arrives in, departs from, or transfers through the airport on a given day. Hartsfield-Jackson International Airport in Atlanta has been the world's busiest airport every year since 2000, although with all airports combined London has the world's busiest city airport system in terms of passenger traffic.}", "lastModified": "", "textBeforeTable": "Airports Council International's final full year figures are as follows [17] [18] [edit] 2009 statistics 6.2% Germany MUC/EDDM 34,721,605 Bavaria, Munich, Munich Airport 3.5% 30. 2 United States MCO/KMCO 34,877,899 Florida, Orlando, Orlando International Airport 5.4% 29. 3 United States MIA/KMIA 35,698,025 Florida, Miami-Dade County, Miami International Airport 7.6% 28. 1 Australia SYD/YSSY 35,991,917 New South Wales, Sydney, Sydney Airport 7.4% 27. Italy FCO/LIRF 36,227,778 Rome, Fiumicino, Leonardo da Vinci Airport", "textAfterTable": "[edit] 2008 statistics Airports Council International's final full year figures are as follows. [19] [20] Rank Airport Location Code (IATA/ICAO) Total passengers Rank Change % Change 1. Hartsfield-Jackson Atlanta International Airport Atlanta, Georgia, United States ATL/KATL 90,039,280 0.7% 2. O'Hare International Airport Chicago, Illinois, United States ORD/KORD 69,353,876 9.0% 3. London Heathrow Airport Hillingdon, Greater London, United Kingdom LHR/EGLL 67,056,379 1.5% 4. Tokyo International Airport ?ta, Tokyo, Japan HND/RJTT 66,754,829 0.2% 5.", "hasKeyColumn": true, "keyColumnIndex": 1, "headerRowIndex": 0}