{"pageTitle": "Crain's Petrophysical Handbook - MINI WORLD ATLAS -- POPULATION and AREA 2008", "title": "", "url": "http://www.spec2000.net/03-population.htm", "hasHeader": true, "headerPosition": "FIRST_ROW", "tableType": "RELATION", "tableNum": 2, "s3Link": "", "recordEndOffset": 0, "recordOffset": 0, "tableOrientation": "HORIZONTAL", "TableContextTimeStampBeforeTable": "{5122=CRAIN'S MINI WORLD ATLAS -- POPULATION and AREA 2008}", "lastModified": "", "textBeforeTable": "\u00a0POPULATION and AREA STATISTICS Data from CIA Factbook, listed in alphabetical order. Use Edit >> Find to locate a country of your choice. Links are live to CIA Factbook, for country facts, culture, and economy. \u00a0 \u00a0 Moons/Rings Planets Religion Population Oil Stats South Pacific", "textAfterTable": "\u00a0 Copyright ? E. R. (Ross) Crain, P.Eng.\u00a0 email Read the Fine Print", "hasKeyColumn": true, "keyColumnIndex": 0, "headerRowIndex": 0}