{"pageTitle": "IDF Travel Information: Hotel, IDF Venue, and Airport Information", "title": "", "url": "http://www.pentium.de/idf/travel-info/", "hasHeader": true, "headerPosition": "FIRST_ROW", "tableType": "RELATION", "tableNum": 0, "s3Link": "", "recordEndOffset": 0, "recordOffset": 0, "tableOrientation": "HORIZONTAL", "TableContextTimeStampBeforeTable": "{9155=IDF 2012 Intel Developer Forum, 1347=IDF takes place in the heart of San Francisco. Below is a list of the hotels that are in close proximity to Moscone West. Due to overwhelming demand, hotels may sell out quickly. Please note that the deadline for booking a hotel room at the special IDF rate is Thursday, August 25, 2011. Register for IDF today and reserve your accommodations.}", "lastModified": "", "textBeforeTable": "IDF Event Host Hotels More hotel information (PDF 198KB) First-time IDF attendee guide\u00a0\u00a0(PDF 176KB) Safety and travel tips\u00a0\u00a0(PDF 294KB) View registration information IDF takes place in the heart of San Francisco. Below is a list of the hotels that are in close proximity to Moscone West. Due to overwhelming demand, hotels may sell out quickly. Please note that the deadline for booking a hotel room at the special IDF rate is Thursday, August 25, 2011. Register for IDF today and reserve your accommodations. Intel Developer Forum Travel Information --> swfobject.embedSWF(\"/idf/swf/IDF_Marquee_3.1.swf\", \"flash-marquee\", \"780\", \"192\", \"9\",false, flashvars, params, attributes); }; id:'flash-marquee' var attributes = { }; bgcolor:\"#ffffff\" wmode:\"transparent\", allowFullScreen:true, allowScriptAccess:\"always\", var params = { }; tracking: \"wa_eCustom22=idf_sf09:travel-info:marquee:register_now_link%26wa_events=se_register%26wa_iid=idf_sf09:travel-info:marquee:register_now_link\" destUrl: \"/idf/registration/\", swfPath: \"/idf/swf/\", imgPath: \"/idf/pix/marquee/\", var flashvars = {", "textAfterTable": "IDF Venue The Moscone Center is the largest convention and exhibition complex in San Francisco. IDF will take place in Moscone West on 4th Street. Visit IDF Venue web site San Francisco International Airport Arrive at IDF ready to go. Find flight info, schedules, driving directions, and ground transportation information. Visit San Francisco International Airport web site San Francisco Tourism See what this great city has to offer. That is, of course, when you're not immersed in IDF. Visit San Francisco tourism web site San Francisco Weather View San Francisco weather ?Intel Corporation Site Map RSS Jobs Investor Relations Newsroom Contact Us Terms of Use *Trademarks Privacy", "hasKeyColumn": true, "keyColumnIndex": 1, "headerRowIndex": 0}