{"pageTitle": "BrandZ - Wikipedia, the free encyclopedia", "title": "Brand Value (M$) in year 2006", "url": "http://en.wikipedia.org/wiki/BrandZ", "hasHeader": true, "headerPosition": "FIRST_ROW", "tableType": "RELATION", "tableNum": 6, "s3Link": "", "recordEndOffset": 0, "recordOffset": 0, "tableOrientation": "HORIZONTAL", "TableContextTimeStampBeforeTable": "{2752=BrandZ is a brand equity database. It holds data from over 650,000 consumers and professionals across 31 countries, comparing over 23,000 brands.[1][2] The database is used to estimate brand valuations, and each year since 2006, has been used to generate a list of the top 100 global brands.[3][1]}", "TableContextTimeStampAfterTable": "{31988=Google was the most valuable brand, worth $114 billion, followed by IBM and Apple Inc.[11] In the 2010 the Indian bank ICICI was the first Indian company to feature in the list.[11] In the 2010 list Financial institutions increased in value the most.[12] The Korean technology company Samsung increased its value by 80% - which was more than any other company in the list.[13], 61273=The 2009 list was headed by Google followed by Microsoft, Coca-Cola, IBM and McDonald's.[4], 2706=In the 2011 twelve of the companies are from China, including China Mobile at number nine, in 2010 there were seven Chinese companies in the list.[8] Nineteen of the brands are from the BRICS emerging economies making up nearly a fifth of the companies in the list.[9] The most valuable luxury brand was Louis Vuitton who featured 26th in the overall list.[7] Amazon also overtook Walmart to become the most valuable retailer brand.[10]}", "lastModified": "", "textBeforeTable": "In the 2011 twelve of the companies are from China, including China Mobile at number nine, in 2010 there were seven Chinese companies in the list.[8] Nineteen of the brands are from the BRICS emerging economies making up nearly a fifth of the companies in the list.[9] The most valuable luxury brand was Louis Vuitton who featured 26th in the overall list.[7] Amazon also overtook Walmart to become the most valuable retailer brand.[10] Apple Inc. became the world's most valuable brand increasing their brand value by 84% in a year and reaching a total of $153 billion.[6][7] Apple ended Google's four year term at the top of the list.[8] The top of the list has a large number of technology companies - six of the top ten companies in the list were technology companies.[6] [edit] 2011 List 9 External links 8 References 7 See also 6 2006 List 5 2007 List 4 2008 List 3 2009 List 2", "textAfterTable": "F&D&T stands for Food&Drink&Tobacco [edit] 2010 List Google was the most valuable brand, worth $114 billion, followed by IBM and Apple Inc.[11] In the 2010 the Indian bank ICICI was the first Indian company to feature in the list.[11] In the 2010 list Financial institutions increased in value the most.[12] The Korean technology company Samsung increased its value by 80% - which was more than any other company in the list.[13] Brand Value (M$) in year 2010 Rank Brand Value Industry 1 Google 114260 Software 2 IBM 86383 Software 3 Apple 83153 Technology 4 Microsoft 76344 Software 5 Coca Cola 67983 F&D&T 6 McDonald's 66005 F&D&T 7 Marlboro 57047 F&D&T 8 China Mobile 52616 Telecom 9 GE 45054 Technology 10", "hasKeyColumn": true, "keyColumnIndex": 1, "headerRowIndex": 0}