{"pageTitle": "100 Movies to See Before You Die", "title": "", "url": "http://getgoodmovie.com/content/100-movies-see-you-die.html", "hasHeader": true, "headerPosition": "FIRST_ROW", "tableType": "RELATION", "tableNum": 0, "s3Link": "", "recordEndOffset": 0, "recordOffset": 0, "tableOrientation": "HORIZONTAL", "lastModified": "", "textBeforeTable": "These movies are also chosen according to the historical and social impact that they had on people. The movies are also chosen according to their genres where you will have the funniest movie or the most dramatic or scariest movie on the top a hundred lists. You will be surprised to find that there are some movies that you have never heard of but there are those ones that you will have already watched. If you have not watched them you should ensure that you look for them and watch them and you can be guaranteed that you will not be disappointed. There are millions of movies that have been produced since movie production began decades ago. Some of the movies have been successful while others have just flopped. There are some movies that however stand out to be the greatest of all time. These are movies that you should see before you die. Some of the factors that make them good movies are the production qualities of the movies. These are good movies that are well produced and are interesting to watch. They are chosen by a panel of professionals who carry lengthy debates to come up with the list. //--> google_ad_height = 280; google_ad_width = 336; google_ad_slot = \"3859175383\"; /* 336x280 */ google_ad_client = \"pub-6057533349324594\";", "textAfterTable": "Add new comment Harry Potter SUCKS!!!!! Submitted by Anonymous on Thu, 07/07/2011 - 20:47. I dont want to sit around watching someone aim a wand at someone and say a spell, thats retarded. I wanna watch something with fist fighting and guns, not some idiot with a scar on his head shooting lightning out of a stick. reply Ok for the person that said Submitted by Anonymous on Mon, 03/28/2011 - 00:14. Ok for the person that said Harry Potter wont be remembered in 10 years. You are SO BEYOND wrong. I'm not saying it as an HP fan, but even if I didn't like it, I'd admit that HP will ALWAYS be remembered because it was a movie that LASTED for 10 years! So trust and believe it will be remembered even longer than anyone", "hasKeyColumn": true, "keyColumnIndex": 1, "headerRowIndex": 0}