{"pageTitle": "The Coffee Coaster: All Movie Reviews", "title": "", "url": "http://www.brianrwright.com/Coffee_Coaster/02_Movie_Reviews/All_Movies.htm", "hasHeader": true, "headerPosition": "FIRST_ROW", "tableType": "RELATION", "tableNum": 3, "s3Link": "", "recordEndOffset": 0, "recordOffset": 0, "tableOrientation": "HORIZONTAL", "lastModified": "", "textBeforeTable": "\u00a0\u00a0\u00a0\u00a0\u00a0\u00a0\u00a0\u00a0\u00a0\u00a0\u00a0\u00a0 Movies Sorted by Director ____________________[sorted by review date] \u00a0 \u00a0 \u00a0 \u00a0 \u00a0 20110921 Ephron, Nora 1998 You've Got Mail \u00a0 20120202 McCarthy, Thomas 2011 Win Win \u00a0 20070309 Becker, Walt 2007 Wild Hogs \u00a0 20061125 Paine, Chris 2005 Who Killed the Electric Car? \u00a0 20111026 Haneke, MIchael 2009 The White Ribbon \u00a0 20100421 Kohan, Jenji 2005 Weeds \u00a0 20110608 Weir, Peter 2010 The Way Back \u00a0 20081030 Seftel, Joshua 2008 War, Inc.", "textAfterTable": "\u00a0 \u00a0\u00a0\u00a0\u00a0\u00a0\u00a0\u00a0\u00a0\u00a0\u00a0\u00a0\u00a0\u00a0\u00a0\u00a0\u00a0\u00a0\u00a0\u00a0\u00a0\u00a0\u00a0\u00a0\u00a0\u00a0\u00a0\u00a0\u00a0\u00a0Main | Columns | Movie Reviews | Book Reviews | Articles | Guest \u00a0 \u00a0 \u00a0 \u00a0 \u00a0 \u00a0", "hasKeyColumn": true, "keyColumnIndex": 1, "headerRowIndex": 0}