{"pageTitle": "List of countries by population - Wikipedia, the free encyclopedia", "title": "", "url": "http://www.indicethos.org/Demographics%20and%20Geopolitics/List%20of%20countries%20by%20population%20-%20Wikipedia%20the%20free%20encyclopedia.htm", "hasHeader": true, "headerPosition": "FIRST_ROW", "tableType": "RELATION", "tableNum": 9, "s3Link": "", "recordEndOffset": 0, "recordOffset": 0, "tableOrientation": "HORIZONTAL", "TableContextTimeStampAfterTable": "{17288=This is a list of sovereign states and other territories by population, with population figures estimated for 1 July 2005 (rounded to the nearest 1,000). The list includes all sovereign states and dependent territories recognized by the United Nations plus the territory under the effective control of the Republic of China (Taiwan). For a graphical version of this list, see List of countries by population (graphical). The figures are from the U.N. World Population Prospects (2004 revision) using the medium fertility variant.}", "lastModified": "", "textBeforeTable": "This is a list of sovereign states and other territories by population, with population figures estimated for 1 July 2005 (rounded to the nearest 1,000). The list includes all sovereign states and dependent territories recognized by the United Nations plus the territory under the effective control of the Republic of China (Taiwan). For a graphical version of this list, see List of countries by population (graphical). The figures are from the U.N. World Population Prospects (2004 revision) using the medium fertility variant. Map of countries by population search navigation, Jump to: From Wikipedia, the free encyclopedia List of countries by population continued donations keep Wikipedia running!\u00a0\u00a0\u00a0\u00a0 Your \u00a0 \u00a0 \u00a0 \u00a0 \u00a0", "textAfterTable": "[ edit] Notes 1. ^\u00a0 Includes the islands of Taiwan, Pescadores, Quemoy and Matsu, which are under the effective control of the Republic of China, and are claimed by the People's Republic of China. Population figure is from the CIA World Factbook (as of 2005-07-01). 2. ^\u00a0 Includes Christmas Island (1,508), Cocos (Keeling) Islands (628), and Norfolk Island (1,828) 3. ^\u00a0 Includes ?#133;land Islands 4. ^\u00a0 Includes Svalbard (2,701) and Jan Mayen Island 5. ^\u00a0 Includes Agalega, Rodrigues and St. Brandon 6. ^\u00a0 Includes the island of Mayotte 7. ^\u00a0 Consists of the islands of Guernsey and Jersey 8. ^\u00a0 Includes Ascension and Tristan da Cunha [ edit] See also List of countries List of countries", "hasKeyColumn": true, "keyColumnIndex": 1, "headerRowIndex": 0}