{"pageTitle": "Forbes: Global 2000 Companies", "title": "", "url": "http://www.webanalyticsworld.net/2008/04/forbes-global-2000-companies.html", "hasHeader": true, "headerPosition": "FIRST_ROW", "tableType": "RELATION", "tableNum": 1, "s3Link": "", "recordEndOffset": 0, "recordOffset": 0, "tableOrientation": "HORIZONTAL", "TableContextTimeStampBeforeTable": "{2064=Forbes recently published its list of the top 2000 global companies in the World (which now spans 60 different countries).}", "lastModified": "", "textBeforeTable": "//--> google_ad_height = 60; google_ad_width = 234; google_ad_slot = \"3970420948\"; /* 234x60, created 25/07/11 */ google_ad_client = \"pub-7253786978834844\"; //--> google_ad_height = 60; google_ad_width = 234; google_ad_slot = \"3970420948\"; /* 234x60, created 25/07/11 */ google_ad_client = \"pub-7253786978834844\"; //--> google_ad_height = 15; google_ad_width = 468; google_ad_slot = \"3888249440\"; /* 468x15, created 4/19/11 */ google_ad_client =", "textAfterTable": "Related Posts: iPhone Finally Coming to Canada Forbes: Top 25 Web Celebrities Search Engine Market Share, Visits from comScore and Compete iPhone Not Happening in China 8 Reasons Why Google Finance is better than Yahoo Finance RSS StumbleUpon Digg Subscribe by Email Filed Under: Uncategorized Speak Your Mind Cancel reply", "hasKeyColumn": true, "keyColumnIndex": 0, "headerRowIndex": 0}