{"pageTitle": "DELE - Prices 2012", "title": "", "url": "http://www.dele.org/?page\\u003dprices", "hasHeader": true, "headerPosition": "FIRST_ROW", "tableType": "MATRIX", "tableNum": 1, "s3Link": "", "recordEndOffset": 0, "recordOffset": 0, "tableOrientation": "MIXED", "TableContextTimeStampAfterTable": "{7331=Instituto Cervantes published the new examination dates for 2011, 47331=\u00a9 2006 Maintenance and property corresponds to Internet Education Services S.L. \u00a0 Valid XHTML | CSS \u00a0\u00a0\u00a0\u00a0\u00a0\u00a0 Home, 5985=Cervantes Institute has just announced the 2012 DELE Exam dates.}", "lastModified": "", "textBeforeTable": "PRICES These are the examination registration prices by country, currency and exam (*): With a banker\u00b4s order - To the bank account indicated by the registering centre. The candidate choosing this option must provide the supporting evident of payment for the exam at the time of registering. By cash or with a cheque - At the registering centre. \u00a0 The payment of the fixed prices for any of the three diplomas, can be done in one of the following ways: Prices 2012 More] [ Instituto Cervantes published the new examination dates for 2011 --> Posted by: dele.org Posted by: dele.org Posted by: dele.org", "textAfterTable": "\u00a9 2006 Maintenance and property corresponds to Internet Education Services S.L. \u00a0 Valid XHTML | CSS \u00a0\u00a0\u00a0\u00a0\u00a0\u00a0 Home", "hasKeyColumn": true, "keyColumnIndex": 0, "headerRowIndex": 0}