{"pageTitle": "Largest Lakes in the United States | Newsburglar", "title": "", "url": "http://newsburglar.com/2009/01/03/largest-lakes-in-the-united-states/", "hasHeader": true, "headerPosition": "FIRST_ROW", "tableType": "RELATION", "tableNum": 0, "s3Link": "", "recordEndOffset": 0, "recordOffset": 0, "tableOrientation": "HORIZONTAL", "lastModified": "", "textBeforeTable": "What and where are the largest lakes in the United States? Posted Largest Lakes in the United States //--> google_ad_height = 60; google_ad_width = 468; google_ad_slot = \"4095812733\"; /* PostpageTopHalfbanner */ google_ad_client = \"ca-pub-0192157537857478\";", "textAfterTable": "Related Reading: We Didn\u0092t Start the Fire, the Extended Version Is Barack Obama Really Luke Skywalker? Do You Pay More Taxes Than the Average Americans? Chicago?s World?s Fair: In Pictures Are Kids Today Dumber Than Their Parents? What You Really Need to Know About Global Warming Popularity: 37% [?] Leave a Comment Cancel reply Your email address will not be published. Required fields are marked * Name * Email * Website Comment You may", "hasKeyColumn": true, "keyColumnIndex": 0, "headerRowIndex": 0}