{"pageTitle": "Nurses Uniforms Ireland | Hospitals and Locations covered in Ireland for Nursing Uniforms", "title": "", "url": "http://nursinguniforms.ie/acatalog/hospitals_list.html", "hasHeader": false, "headerPosition": "NONE", "tableType": "RELATION", "tableNum": 14, "s3Link": "", "recordEndOffset": 0, "recordOffset": 0, "tableOrientation": "HORIZONTAL", "lastModified": "", "textBeforeTable": "\u00a0 HOME| CATALOGUE| VIEW CART| CHECKOUT| COLOUR CHART| CONTACT US Terms & Conditions | Privacy Policy | Returns Policy | Find Us | About Us | News Login // --> saveReferrer();", "textAfterTable": "St. Edmundsbury Hospital Lucan St. Ita's Psychiatric Hospital Portrane St. James's Hospital Rialto St. John of God Hospital Stillorgan St. Joseph's Hospital Dublin St. Loman's Hospital Palmerstown St. Mary's Hospital (Baldoyle) Baldoyle St. Mary's Hospital (Phoenix Park) Phoenix Park St. Michael's Hospital Dun Laoghaire St. Patrick's Hospital Dublin 8 St. Paul's Hospital Dublin St. Vincent's Psychiatric Hospital Fairview St. Vincent's Private Hospital Merrion Road St. Vincent's University Hospital Elm Park Tallaght Hospital Tallaght UPMC Beacon Hospital Sandyford County Galway Bon Secours Hospital Galway Galway Clinic Galway Merlin Park Regional Hospital Galway Portiuncula Hospital Ballinasloe University College Hospital Galway Galway County Kerry Bon Secours Hospital Tralee", "hasKeyColumn": true, "keyColumnIndex": 1, "headerRowIndex": -1}