{"pageTitle": "Xikui Wang: Ancestors in mathematics and statistics", "title": "", "url": "http://home.cc.umanitoba.ca/~wangx1/ancestor.html", "hasHeader": true, "headerPosition": "FIRST_ROW", "tableType": "RELATION", "tableNum": 1, "s3Link": "", "recordEndOffset": 0, "recordOffset": 0, "tableOrientation": "HORIZONTAL", "lastModified": "", "textBeforeTable": "My Ph.D. (Statistics) supervisor is Professor Mikelis G. Bickis - thanks to The Mathematics Genealogy Project (from North Dakota State University) Ancestors for my M.Sc. in Mathematics] Ancestors for my Ph.D. in Statistics] [ [ --> [Hotlinks] [Personal] [Seminar] [Teaching] [Research]", "textAfterTable": "1962 Hebrew University Harry Kesten On Amenable Semigroups with a Finite Dimensional Set of Invariant Mean Harry Kesten 1958 Cornell University Mark Kac Symmetric Random Walks on Groups Mark Kac 1937 University of Lw?w Hugo Steinhaus unknown Hugo Steinhaus 1911 Georg-August-Universit?t G?ttingen David Hilbert Neue Anwendungen des Dirichlet'schen Prinzips David Hilbert 1885 Universit?t K?nigsberg C. L. Ferdinand Lindemann ?ber invariante Eigenschaften specieller bin?rer Formen, insbesondere der Kugelfunctionen C. L. Ferdinand Lindemann 1873 Friedrich-Alexander-Universit?t Erlangen-N?rnberg C. Felix Klein ?ber unendlich kleine Bewegungen und ?ber Kraftsysteme bei allgemeiner projektivischer Ma?bestimmung C. Felix Klein 1868 Rheinische Friedrich-Wilhelms-Universit?t Bonn Julius Pl?cker and Rudolf Lipschitz ?ber die Transformation der allgemeinen Gleichung des zweiten Grades zwischen Linien-Koordinaten auf eine kanonische Form Julius Pl?cker 1823 Philipps - Universit?t Marburg Christian Gerling Generalem analyeseos applicationem ad ea quae geometriae altioris et mechanicae basis et fundamenta sunt e serie Tayloria deducit Christian Ludwig Gerling", "hasKeyColumn": true, "keyColumnIndex": 0, "headerRowIndex": 0}