{"pageTitle": "Cheap Xbox 360 - Gamer News : Gamefly Charts: Iron Man on Top?", "title": "", "url": "http://360-deals.com/blogs/cheap-xbox-360-gamer-news/archive/2008/05/13/gamefly_charts_for_81308.aspx", "hasHeader": true, "headerPosition": "FIRST_ROW", "tableType": "RELATION", "tableNum": 12, "s3Link": "", "recordEndOffset": 0, "recordOffset": 0, "tableOrientation": "HORIZONTAL", "TableContextTimeStampAfterTable": "{151296=Gamers Finding where to Buy Cheap Xbox 360 Video Games, Xbox 360 Bargains, Xbox 360 Coupons & Sales and Cheap Discount Xbox 360 Premium & Core Video Game Console (Consoles) System (Systems) & Xbox 360 Video Game Prices on the Net! This web site is not affiliated with or endorsed by Microsoft Corp. All content/trademarks are owned by their respective owners. Copyright 2006-2011 All Rights Reserved CouponClix LLC. Please submit all inquiries to info1 [noSp@m] Gamerdeals dot net.}", "lastModified": "", "textBeforeTable": "Most Popular Games Cross-Platform: Queue up\u00a0the complete Gamefly\u00a0Top 10 most requested list: Iron Man knocks Grand Theft Auto IV\u00a0off the\u00a0top spot on the Gamefly Top Ten 'Most Queued' list.\u00a0Not surprisingly, Mario Kart Wii continues it's reign\u00a0at the top of the Nintendo Wii list, while PlayStation 3 gamers also have\u00a0Grand Theft Auto IV queued up at the top.\u00a0 Gamefly Top Queued! Gamefly Charts: Iron Man on Top? .DoNotDisplay { display: none; }", "textAfterTable": "Iron Man PlayStation 3 Action Adventure Sega 10 LEGO Indiana Jones Xbox 360 Action Adventure LucasArts \u00a0 Xbox 360 Most Popular Games:", "hasKeyColumn": true, "keyColumnIndex": 1, "headerRowIndex": 0}