{"pageTitle": "List of Nobel laureates in Chemistry - Wikipedia, the free encyclopedia", "title": "", "url": "http://en.wikipedia.org/wiki/List_of_Nobel_laureates_in_Chemistry", "hasHeader": true, "headerPosition": "FIRST_ROW", "tableType": "LAYOUT", "tableNum": 0, "s3Link": "", "recordEndOffset": 0, "recordOffset": 0, "tableOrientation": "HORIZONTAL", "TableContextTimeStampBeforeTable": "{2002=At least 25 laureates have received the Nobel Prize for contributions in the field of organic chemistry, more than any other field of chemistry.[6] Two winners of the Nobel Prize in Chemistry, Germans Richard Kuhn (1938) and Adolf Butenandt (1939), were not allowed by their government to accept the prize. They would later receive a medal and diploma, but not the money. Frederick Sanger is the only laureate to win the prize twice, in 1958 and 1980. Two others also won Nobel Prizes in other subjects: Marie Curie (physics in 1903, chemistry in 1911) and Linus Carl Pauling (chemistry in 1954, peace in 1962).[7] Four women have won the prize: Marie Curie, Ir?ne Joliot-Curie (1935), Dorothy Hodgkin (1964), and Ada E. Yonath (2009).[8] As of 2011, the prize has been awarded to 160 individuals. There have been eight years in which the Nobel Prize in Chemistry was not awarded., 5011=The Nobel Prize in chemistry (Swedish: Nobelpriset i kemi) is awarded annually by the Royal Swedish Academy of Sciences to scientists in the various fields of chemistry. It is one of the five Nobel Prizes established by the 1895 will of Alfred Nobel, who died in 1896. These prizes are awarded for outstanding contributions in chemistry, physics, literature, peace, and physiology or medicine.[1] As dictated by Nobel's will, the award is administered by the Nobel Foundation and awarded by a committee that consists of five members elected by the Royal Swedish Academy of Sciences.[2] The first Nobel Prize in Chemistry was awarded in 1901 to Jacobus Henricus van 't Hoff, of the Netherlands. Each recipient receives a medal, a diploma and a monetary award prize that has varied throughout the years.[3] In 1901, van 't Hoff received 150,782 SEK, which is equal to 7,731,004 SEK in December 2007. In 2008, the prize was awarded to Osamu Shimomura, Martin Chalfie and Roger Y. Tsien, who shared the prize amount of 10,000,000 SEK (slightly more than ?1\u00a0million, or US$1.4\u00a0million).[4] The award is presented in Stockholm at an annual ceremony on December 10, the anniversary of Nobel's death.[5]}", "lastModified": "", "textBeforeTable": "[edit] Laureates At least 25 laureates have received the Nobel Prize for contributions in the field of organic chemistry, more than any other field of chemistry.[6] Two winners of the Nobel Prize in Chemistry, Germans Richard Kuhn (1938) and Adolf Butenandt (1939), were not allowed by their government to accept the prize. They would later receive a medal and diploma, but not the money. Frederick Sanger is the only laureate to win the prize twice, in 1958 and 1980. Two others also won Nobel Prizes in other subjects: Marie Curie (physics in 1903, chemistry in 1911) and Linus Carl Pauling (chemistry in 1954, peace in 1962).[7] Four women have won the prize: Marie Curie, Ir?ne Joliot-Curie (1935), Dorothy Hodgkin (1964), and Ada E. Yonath (2009).[8] As of 2011, the prize has been awarded to 160 individuals. There have been eight years in which the Nobel Prize in Chemistry was not awarded. The Nobel Prize in chemistry (Swedish: Nobelpriset i kemi) is awarded annually by the Royal Swedish Academy of Sciences to scientists in the various fields of chemistry. It is one of the five", "textAfterTable": "[edit] References and notes General \"All Nobel Laureates in Chemistry\". Nobelprize.org. http://nobelprize.org/nobel_prizes/chemistry/laureates/. Retrieved 2008-10-06.\u00a0 \"Nobel Prize winners by category (chemistry)\". Encyclop?dia Britannica. http://www.britannica.com/nobelprize/browse?browseId=255938. Retrieved 2008-10-06.\u00a0 Specific ^ \"Alfred Nobel ? The Man Behind the Nobel Prize\". Nobelprize.org. http://nobelprize.org/alfred_nobel/. Retrieved 2008-10-07.\u00a0 ^ \"The Nobel Prize Awarders\". Nobelprize.org. http://nobelprize.org/prize_awarders/. Retrieved 2008-10-07.\u00a0 ^ \"The Nobel Prize\". Nobelprize.org. http://nobelprize.org/nobel_prizes/. Retrieved 2008-10-07.\u00a0 ^ \"The Nobel Prize Amounts\". Nobelprize.org. Archived from the original on 2008-07-31. http://web.archive.org/web/20080731233358/http://nobelprize.org/nobel_prizes/amounts.html. Retrieved 2008-10-07.\u00a0 ^ \"The Nobel Prize Award Ceremonies\". Nobelprize.org. Archived from the original on 2008-08-22.", "hasKeyColumn": true, "keyColumnIndex": 2, "headerRowIndex": 0}