{"pageTitle": "49ers.com | On the Radio", "title": "", "url": "http://www.49ers.com/media-gallery/on-the-radio.html", "hasHeader": true, "headerPosition": "FIRST_ROW", "tableType": "RELATION", "tableNum": 0, "s3Link": "", "recordEndOffset": 0, "recordOffset": 0, "tableOrientation": "HORIZONTAL", "TableContextTimeStampBeforeTable": "{4464=In addition to full game day coverage that includes a comprehensive live three-hour pre-game show each week and full post game coverage following each game broadcast, KNBR 680, KNBR 1050 and KSAN 107.7 The Bone will air unprecedented week-long coverage of the 49ers from training camp through the NFL playoffs to provide the most extensive up-to-the-minute coverage in the area., 4793=The 49ers flagship stations include KNBR 680/1050 and KSAN 107.7 The Bone. KNBR 680 and 1050 are the undisputed sports leaders in Northern California. With its dominant 50,000-watt non-directional signal, KNBR 680 reaches all of Northern California during the day and eleven western states at night., 4056=The 49ers have also signed a multi-year agreement with Marcos Gutierrez Productions (MGP) to broadcast 49ers games in Spanish in the San Francisco Bay Area and in Sacramento. The 49ers will broadcast games on two Spanish language stations KIQI Radio 1010 in San Francisco and KATD 990 in Sacramento. Broadcast duties will be held by Spanish sports announcers Fernando Arias and Ambrosio Rico. Arias will be calling play by plays with Rico adding color commentary.}", "TableContextTimeStampAfterTable": "{6070=The game can also be heard on 49ers Hispanic Radio Network Affiliates, KIQI (1010-AM) and KATD (990-AM), through a partnership with Marcos Gutierrez Productions. Handling broadcast duties will be Spanish sports announcers from the Bay Area, Melvin Moran, Mathias Godinez and Marcos Gutierrez., 8453=\u00a9 2011 San Francisco Forty Niners, Ltd.}", "lastModified": "", "textBeforeTable": "49ers Radio Affiliate Network \u00a0 A familiar voice in Bay Area radio, Rod Brooks joined the 49ers radio broadcast team as the sideline reporter in 2006. Brooks is in his eleventh year with KNBR and currently co-hosts KNBR 680's Midday Show: Fitz and Brooks. Brooks mixes knowledge of sports with a hip, down-to-earth perspective of a true sports fan. His style is serious, aggressive, slightly sarcastic and is characterized by his conversationalist approach and constant interactivity with listeners. Rod graduated from LSU with a degree in Broadcast Journalism. Rod Brooks \u00a0 Davis\u00a0is the new color analyst for the U.S. Bank 49ers Radio Network. The former 49ers Pro Bowler will team with accomplished play-by-play man Ted Robinson to call the action for all 49ers games. The 13-year NFL veteran (six years with the 49ers) served the past three seasons as the\u00a0 color analyst for 49ers preseason television broadcasts and co-hosted 49ers Preview, a weekly 49ers program, both on CBS-5 in the Bay Area. For the past two seasons, Davis also served as an analyst for Comcast SportsNet Bay Area?s weekly magazine program, 49ers Central, and a co-host of CSNBA?s 49ers Post Game Live, the ?official? Post Game Show of the 49ers. Eric Davis \u00a0 In 2009, Ted Robinson became the fifth play-by-play voice in the 63-year history of the organization. Robinson joins a prestigious group of", "textAfterTable": "\u00a0 Spanish Radio The game can also be heard on 49ers Hispanic Radio Network Affiliates, KIQI (1010-AM) and KATD (990-AM), through a partnership with Marcos Gutierrez Productions. Handling broadcast duties will be Spanish sports announcers from the Bay Area, Melvin Moran, Mathias Godinez and Marcos Gutierrez. Melvin Moran (Play-by-play) Dynamic well known radio personality, 20 years experience calling soccer games professionally now contributes his ample talents to the 49er Spanish Broadcast. Matias Godinez (Color commentary) Many years of following the 49ers has made Mathias an expert on the subject. He is also well versed in all the teams and each team's individual players. Marcos Gutierrez (Sideline) Marcos's has 30 years of experience in television and radio brodcasting and is an expert on the 49ers team. \u00a0 \u00a9 2011 San Francisco Forty Niners, Ltd. 49ers Site: Team News & Events Buy Tickets Media Gallery Fans Only Community", "hasKeyColumn": true, "keyColumnIndex": 0, "headerRowIndex": 0}