{"pageTitle": "Playstation 3 Games", "title": "", "url": "http://www.ps3style.com/games.php", "hasHeader": true, "headerPosition": "FIRST_ROW", "tableType": "RELATION", "tableNum": 6, "s3Link": "", "recordEndOffset": 0, "recordOffset": 0, "tableOrientation": "HORIZONTAL", "lastModified": "", "textBeforeTable": "img {border:none} div#spacer{width:95%;height:25px;} a#reviewed_by{color:#000000;} div#imvideos{float: left; width:83px; height:24px; background:url(../xboxexclusive/spatula/images/videosoff.gif)} div#imimages{float: left; width:77px; height:24px; background:url(../xboxexclusive/spatula/images/imagesoff.gif)} div#imreview{float: left; width:86px; height:24px; background:url(../xboxexclusive/spatula/images/reviewsoff.gif)} div#impreview{float: left; width:95px; height:24px; background:url(../xboxexclusive/spatula/images/previewsoff.gif)} div#imsummary{float: left; width:96px; height:24px; background:url(../xboxexclusive/spatula/images/summaryoff.gif)} div#imnews{float: left; width:67px; height:24px; background:url(../xboxexclusive/spatula/images/newsoff.gif) no-repeat} a#imvideos:hover{display:block; float: left; width:83px; height:24px; background:url(../xboxexclusive/spatula/images/videosoff.gif)} a#imimages:hover{display:block; float: left; width:77px; height:24px; background:url(../xboxexclusive/spatula/images/imagesoff.gif)} a#imreview:hover{display:block; float: left; width:86px; height:24px; background:url(../xboxexclusive/spatula/images/reviewsoff.gif)} a#impreview:hover{display:block; float: left; width:95px; height:24px; background:url(../xboxexclusive/spatula/images/previewsoff.gif)} a#imsummary:hover{display:block; float: left; width:96px; height:24px; background:url(../xboxexclusive/spatula/images/summaryoff.gif)} a#imnews:hover{display:block; float: left; width:67px; height:24px; background:url(../xboxexclusive/spatula/images/newsoff.gif) no-repeat} a#imvideos{display:block; float: left; width:83px; height:24px; background:url(../xboxexclusive/spatula/images/videoson.gif)} a#imimages{display:block; float: left; width:77px; height:24px; background:url(../xboxexclusive/spatula/images/imageson.gif)} a#imreview{display:block; float: left; width:86px; height:24px; background:url(../xboxexclusive/spatula/images/reviewson.gif)} a#impreview{display:block; float: left; width:95px; height:24px; background:url(../xboxexclusive/spatula/images/previewson.gif)} a#imsummary{display:block; float: left; width:96px; height:24px; background:url(../xboxexclusive/spatula/images/summaryon.gif)} a#imnews{display:block; float: left; width:67px; height:24px; background:url(../xboxexclusive/spatula/images/newson.gif) no-repeat}", "textAfterTable": "REVIEWS Blur: Fast and Furious! Heavy Rain: The rain tells many stories. God of War III: Kratos is back to settle the score. Army of Two: The 40th Day: Two guns are better than one. PREVIEWS Resistance: Fall of Man: This game is awesome Game Blur Heavy", "hasKeyColumn": true, "keyColumnIndex": 0, "headerRowIndex": 0}