{"pageTitle": "GameTab - The Game Reviews & News Compilation Site.", "title": "", "url": "http://www.gametab.com/plat/ds/rating/", "hasHeader": true, "headerPosition": "FIRST_ROW", "tableType": "LAYOUT", "tableNum": 19, "s3Link": "", "recordEndOffset": 0, "recordOffset": 0, "tableOrientation": "HORIZONTAL", "lastModified": "", "textBeforeTable": "Complete Nintendo DS Games List [85%] Metroid Prime: Hunters [86%] Super Mario 64 DS [86%] Animal Crossing: Wild World [88%] New Super Mario Bros. [88%] Meteos [89%] Mario & Luigi: Partners in Time [89%] Kirby: Canvas Curse [92%] Advance Wars: Dual Strike [92%] Castlevania: Dawn of Sorrow [93%] Mario Kart DS Top Rated Nintendo DS Games [10/07] Legend of Kage 2, The (75%) [10/07] Spectrobes: Beyond the Portals (85%) [10/14] Naruto: Path of the Ninja 2 (65%) [04/13] Dark Spire, The (76%) [04/28] Super Robot Taisen OG Saga: Endless Frontier (78%) [06/07] Mario vs. Donkey Kong: Minis March Again! (83%) [06/15] Flower, Sun, and", "textAfterTable": "\u00a0 Top News | Reviews | Forums | PriceTabber | Frugal Gamer | Box Art | Link to Us Copyright \u00a9 2009 UGO Entertainment 0.714312 1UP: Contact Us | Jobs | Contests | Game Blogs | Cover Stories | Podcasts | Help | Site Map | Newsletters The 1UP Network: Game Reviews | Video Game News | Video Game Trailers | Video Game Cheats UGO Entertainment: Advertise | Terms & Conditions | Privacy Statement", "hasKeyColumn": true, "keyColumnIndex": 0, "headerRowIndex": 0}