{"pageTitle": "", "title": "", "url": "http://www.cecer.army.mil/techreports/hil_wood/HIL_WOOD-04.htm", "hasHeader": true, "headerPosition": "FIRST_ROW", "tableType": "RELATION", "tableNum": 0, "s3Link": "", "recordEndOffset": 0, "recordOffset": 0, "tableOrientation": "HORIZONTAL", "TableContextTimeStampAfterTable": "{259320=Defense Tech Info Center 22304, 4945=DeSante, D.F., and K.M. Burton, 1994 M.A.P.S. Manual (The Institute for Bird Populations, Point Reyes Station, CA, n.d.)., 11608=Park, H., ed., Schoolcraft in the Ozarks, Reprint of Journal of a Tour into the Interior of Missouri and Arkansas in 1818 and 1819 by Henry R. Schoolcraft (Press-Argus Printers, Van Buren, AR, 1955)., 5483=Ecological Services Center, Integrated Natural Resources Management Plan, 1993-1997, Fort Leonard Wood, Missouri (Natural Resources and Enforcement Division, Directorate of Environmental Quality, Fort Sill, OK, n.d)., 17462=U.S. General Land Office Survey, Field Notes for Missouri, 654 volumes (1815-1850s)., 5124=DeSante, D.F., B.L. Walker, and K M. Burton, The 1993 Annual Report of the Monitoring Avian Productivity and Survivorship (Maps) Program on Three Military Installationsin the Midwest: Ft. Leavenworth, Ft. Riley, and Ft. Leonard Wood (The Institute for Bird Populations, Point Reyes Station, CA, 1994).}", "lastModified": "", "textBeforeTable": "Appendix: Common and Scientific Names for Flora and Fauna Referred to in This Report Yatskievych, G., and J. Turner, Catalogue of the Flora of Missouri, Monographs in Systematic Botany, Vol 37 (Missouri Botanical Garden, St. Louis, MO (1990). Wolf, D.W., Soil Survey of Pulaski County, Missouri (U.S. Department of Agriculture, 1989). Williams, J.D., M.L. Warren, K.S. Cummings, J.L. Harris, and R.J. Neves, \"Conservation Status of Freshwater Mussels of the United States and Canada,\" Fisheries 18:6-22 (1993). Widman, O., A Preliminary Catalog of the Birds of Missouri (Trans. Acad. Sci. of St. Louis, 1907). Warren, R.E., \"Prehistoric Mussel Faunas from the Northern Ozark Highland of Missouri: Cultural and Geological Implications,\" Missouri Archaeologist (1995b). Warren, R.E., Variation and Change in Freshwater Mussel Faunas from Two Caves in the Northern Ozark Highland, Missouri, Technical Report 95-954-9 (Quaternary Studies Program, 1995a). Warren, R.E., Freshwater Mussels from Cave and Rockshelters at Fort Leonard Wood, Pulaski County, Missouri, Technical Report 93-000-13 (Quaternary Studies Program, Illinois State Museum, Springfield, 1993). U.S. General Land Office Survey, Field Notes for Missouri, 654 volumes (1815-1850s). U.S. Fish and Wildlife Service, American Burying Beetle Recovery Plan (Technical/Agency Draft, Newton Corner, MA, 1991). USFS, Eastern Region, Ecological Land Classification Terrestrial Subsystem, Mark Twain National Forest, Missouri (Rolla-Houston Unit, 1981b). USFS, Eastern Region, Ecological Land Classification Terrestrial Subsystem, Mark Twain National Forest, Missouri, A Basic Inventory", "textAfterTable": "Scientific Name (Plants) Common Name Category Acalypha gracilens A. Gray \u00a0 Plant Acer negundo Box-elder Plant Acer rubrum L. \u00a0 Plant Acer saccharum Sugar maple Plant Acer spp. Maple Plant Achillea millefolium L. var. lanulosa (Nutt.) Piper ex Piper & Beattie Plant Aeschulus glabra Buckeye Plant Agalinis purpurea Purple false foxglove Plant Agalinis skinneriana A false foxglove Plant Agalinis tenuifolia (M.Vahl) Raf. \u00a0", "hasKeyColumn": true, "keyColumnIndex": 0, "headerRowIndex": 0}