{"pageTitle": "Meine Games", "title": "", "url": "http://mygames.championde.com/", "hasHeader": true, "headerPosition": "FIRST_ROW", "tableType": "RELATION", "tableNum": 0, "s3Link": "", "recordEndOffset": 0, "recordOffset": 0, "tableOrientation": "HORIZONTAL", "lastModified": "", "textBeforeTable": "- System filtern - XBox 360 Playstation 3 XBox Playstation 2 Playstation Portable PC \u00a0\u00a0 - Genre filtern - ActionAction / ShooterAction AdventureAdventureAdventure / RPGHorrorJump'n'RunKinectMusikRacerRacingRPGS/F-RPGShooterSport\u00a0\u00a0 Nur Neue\u00a0\u00a0\u00a0\u00a0\u00a0 Nur Verliehene\u00a0\u00a0\u00a0\u00a0\u00a0 FSK 18\u00a0\u00a0\u00a0\u00a0\u00a0 ALLE\u00a0\u00a0\u00a0\u00a0\u00a0 Filter:\u00a0\u00a0 RSS \u00a0\u00a0\u00a0\u00a0\u00a0 Tools: Meine Games", "textAfterTable": "Games: 117", "hasKeyColumn": true, "keyColumnIndex": 2, "headerRowIndex": 0}