{"pageTitle": "AM Radio Stations", "title": "", "url": "http://www.laalmanac.com/media/me09.htm", "hasHeader": true, "headerPosition": "FIRST_ROW", "tableType": "RELATION", "tableNum": 6, "s3Link": "", "recordEndOffset": 0, "recordOffset": 0, "tableOrientation": "HORIZONTAL", "TableContextTimeStampAfterTable": "{26005=AM 1600, 39504=(323) 569-1070, 30961=(818) 559-2252, 42540=AM 1020, 26835=AM 1300, 49152=AM 1230, 50459=The John and Ken Show on KFI AM 640 is the most listened to local radio talk show in the nation.\u00a0 In the peak hour of their daily broadcasts, they draw an audience of one million listeners. John Kobylt and Ken Chiampou began broadcasting in Los Angeles in 1992, coming from New Jersey and New York., 36769=AM 1390, 37512=AM 1540, 29648=AM 1240, 47690=AM 1190, 50030=About 83 percent of persons surveyed in 2001 in the Greater Los Angeles Area listened to a radio on any particular day whereas about half read a newspaper.\u00a0 The average radio listener in Los Angeles, age 18+, spends 3.5 hours each day listening to radio (Source: Center for Media Research, Media Audit, and Arbitron Lifestyles Survey)., 22631=1480 - KVNR 1510 - KSPA 1540 - KMPC 1580 - KBLA 1600 - KAHZ 1650 - KFOX, 28658=3183-D Airway Ave, Costa Mesa 92626, 31786=AM 1280, 48442=AM 1150, 44027=AM 1460, 21859=1110 - KDIS 1130 - KSDO 1150 - KTLK 1190 - KXMX 1230 - KYPA 1240 - KEZY 1260 - KGIL 1280 - KFRN, 40097=701 N Brand, #550, Glendale 91203, 38950=AM 1070, 25859=(661) 942-1121, 29352=500 S Buena Vista St, MC 6107, Burbank 91505, 22244=1300 - KAZN 1330 - KWKW 1340 - KTPI* 1380 - KOSS* 1390 - KLTX 1430 - KMRB 1460 - KTYM 1470 - KUTY, 48103=701 N Brand Blvd, Glendale 91203, 28945=AM 1110, 27398=(626) 568-1300, 45471=AM 1480, 46904=AM 1330, 31107=AM 1650, 27544=AM 1580, 33187=AM 540/1260, 42653=KTNQ (1020 Radio AM), 46236=AM 1380, 24999=12145 Woodruff Ave, Downey 90242, 30794=3400 W Olive Ave, #550, Burbank 91505, 49265=KYPA (AM 1230 JBC), 21479=790 - KABC 830 - KLAA 870 - KRLA 900 - KALI AM 930 - KHJ 980 - KFWB 1020 - KTNQ 1070 - KNX, 58734=Copyright ? 1998-2011 by Given Place Media, All Rights Reserved. All text, photos, and graphics in the Los Angeles Almanac web site are copyrighted and may not be published, broadcast, rewritten or redistributed without permission. Get permission to use content contained within this website. \u00a0, 50897=First licensed on March 10, 1922, as KJS, the 1330\u00a0kHz\u00a0frequency (AM) is one of the oldest radio stations in the nation. It is also the one of the oldest Spanish-language radio stations in the nation.}", "lastModified": "", "textBeforeTable": "*Antelope Valley Directory (in order of call letters) 1480 - KVNR 1510 - KSPA 1540 - KMPC 1580 - KBLA 1600 - KAHZ 1650 - KFOX 1300 - KAZN 1330 - KWKW 1340 - KTPI* 1380 - KOSS* 1390 - KLTX 1430 - KMRB 1460 - KTYM 1470 - KUTY 1110 - KDIS 1130 - KSDO 1150 - KTLK 1190 - KXMX 1230 - KYPA 1240 - KEZY 1260 - KGIL 1280 - KFRN 790 - KABC 830 - KLAA 870 - KRLA 900 - KALI AM 930 - KHJ 980 - KFWB 1020 - KTNQ 1070 - KNX 530 - LAX Radio 540 - KGIL 570 - KLAC 610 - KAVL* 640 - KFI 670 - KIRN 710 - KSPN 740", "textAfterTable": "Also visit LA Radio \u00a0 About 83 percent of persons surveyed in 2001 in the Greater Los Angeles Area listened to a radio on any particular day whereas about half read a newspaper.\u00a0 The average radio listener in Los Angeles, age 18+, spends 3.5 hours each day listening to radio (Source: Center for Media Research, Media Audit, and Arbitron Lifestyles Survey). The John and Ken Show on KFI AM 640 is the most listened to local radio talk show in the nation.\u00a0 In the peak hour of their daily broadcasts, they draw an audience of one million listeners. John Kobylt and Ken Chiampou began broadcasting in Los Angeles in 1992, coming from New Jersey and New York. First licensed on March 10, 1922, as KJS, the 1330\u00a0kHz", "hasKeyColumn": true, "keyColumnIndex": 1, "headerRowIndex": 0}