{"pageTitle": "Ranking: Deutsche Museen bei Twitter und Facebook (Mai 2010) \u0097 PR-Kloster", "title": "", "url": "http://www.pr-kloster.de/906/ranking-deutsche-museen-bei-twitter-und-facebook-mai-2010/", "hasHeader": true, "headerPosition": "FIRST_ROW", "tableType": "RELATION", "tableNum": 2, "s3Link": "", "recordEndOffset": 0, "recordOffset": 0, "tableOrientation": "HORIZONTAL", "TableContextTimeStampBeforeTable": "{3459=Seit April 2010 hat sich wieder einiges getan: Eine Reihe von Kommentaren nach der Ver?ffentlichung f?hrte dazu, dass beim Ranking der Facebook-Seiten das Ramones Museum in Berlin, das Haus der Kunst in M?nchen und das Museum f?r Moderne Kunst in Frankfurt am Main neu aufgenommen wurden. Die Hamburger Kunsthalle, die takt artist residency in Berlin und das Neanderthal Museum in Mettmann ? haben es mit 635 (Rang 21), 504 \u0093Fans\u0094 (Rang 22) und 471 (Rang 23) diesmal knapp nicht in die Top 20 geschafft. Ebenso wie das Museum Ludwig in K?ln, dass mit 464 \u0093Fans\u0094 und damit Platz 24 auch vorbeigeschrammt ist. Das Mercedes Benz Museum machte im Mai bis dato den gr??ten Sprung und verdoppelte sich von 1192 auf unglaubliche 2556 \u0093Liker\u0094.}", "TableContextTimeStampAfterTable": "{8044=2389, 30346=1102, 11315=1765, 7045=2530, 29415=1240, 27559=1335, 4890=2567, 65325=21904, 15623=1153, 57345=31851, 26496=1655, 66327=21235, 3869=2989, 5964=2556, 13460=1452, 17670=1034, 10185=2163, 14497=1204, 28503=1494, 12312=1750, 50930=62866, 9089=2195, 58344=32353, 16599=1042}", "lastModified": "", "textBeforeTable": "FACEBOOK-SEITEN-RANKING (Stand 01.06.2010) < ! st1\\:*{behavior:url(#ieooui) } --> Zum aktuellen Ranking: Ansonsten freuen wir uns, dass der WDR k?rzlich das Ranking in einem Beitrag ?ber das NRW-Forum erw?hnt hat. F?r Verwirrung sorgte k?rzlich das Wuppertaler von der Heydt-Museum, das sich am 23.Mai von seiner Twitter-Followerschaft verabschiedete ? mit der Begr?ndung, dass den Verantwortlichen die dienstliche Nutzung des Kurznachrichtendienstes nicht mehr erlaubt sei. Diese Nachricht kam so unerwartet, dass die Twitter-Gemeinde dies mit Bedauern, Unverst?ndnis und Emp?rung strafte. Sp?ter revidierte die Stadt Wuppertal diese Nachricht als Missverst?ndnis ? also doch kein ?Twitter-Verbot?. Der internationale #MuseumMonday auf Twitter (Jeden Montag werden Museen empfohlen) ?ndert offensichtlich auch nichts am langsameren Wachstum. Wobei die Beteiligung an dieser Aktion in Deutschland ? etwa im Vergleich zu den Niederlanden ? noch sehr verhalten ist. Die restlichen Museen und Ausstellungshallen haben sich konstant ohne gro?artige Ausrei?er bei Facebook-Seiten und Twitter gesteigert. Vergleicht man die letzten Monate, scheint es fast so, als w?rde sich das Wachstum sogar etwas verlangsamen. Auch der Wechsel von ?Fan werden? zu ?Gef?llt mir?, um seine Begeisterung f?r eine Facebook-Seite auszudr?cken, hat an diesem", "textAfterTable": "TWITTER-RANKING (Stand 01.06.2010) RANG Museum Stadt Follower 1 M?ritzeum Waren 8329 2 Mercedes Benz Museum Stuttgart 4548 3", "hasKeyColumn": true, "keyColumnIndex": 1, "headerRowIndex": 0}