{"pageTitle": "Comparison of Economies, 1998", "title": "", "url": "http://www.foundalis.com/geo/world98.htm", "hasHeader": true, "headerPosition": "FIRST_ROW", "tableType": "RELATION", "tableNum": 0, "s3Link": "", "recordEndOffset": 0, "recordOffset": 0, "tableOrientation": "HORIZONTAL", "TableContextTimeStampAfterTable": "{517=There is a very interesting correlation between GDP per capita and Infant Mortality (which is given as the average number of deaths per 1000 births). Look at the graph here, and draw your own conclusions about the wealth of some nations., 56857=Back to 1999 data}", "lastModified": "", "textBeforeTable": "There is a very interesting correlation between GDP per capita and Infant Mortality (which is given as the average number of deaths per 1000 births). Look at the graph here, and draw your own conclusions about the wealth of some nations. EITHER have a GDP per capita of over $3,500, OR be located in Europe Have a population of over 500,000 people, AND Be an independent nation AND The following were the conditions set to construct the table for 1998: Please note: the data for 1999 can be obtained in this page. Comparison of Economies, 1998", "textAfterTable": "Notes: Germany still shows a very unbalanced situation in almost all indices between what used to be its East and West parts in the past. Shown here, of course, is the whole nation's average. This explains the discrepancy between Germany's position in this table and what most people would expect it to be. For Cyprus, only the Greek sector's indices are shown. F.Y.R.O.M. = Former Yugoslav Republic of Macedonia. Last update: 08/29/00 Back to 1999 data", "hasKeyColumn": true, "keyColumnIndex": 1, "headerRowIndex": 0}