{"pageTitle": "World's Most Admired Companies 2010: Champions - FORTUNE on CNNMoney.com", "title": "", "url": "http://money.cnn.com/magazines/fortune/mostadmired/2010/champions/", "hasHeader": true, "headerPosition": "FIRST_ROW", "tableType": "RELATION", "tableNum": 2, "s3Link": "", "recordEndOffset": 0, "recordOffset": 0, "tableOrientation": "HORIZONTAL", "lastModified": "", "textBeforeTable": "These companies are the most admired in their sector, according to their peers. Industry champions Industry champions All industries All industries Global competitiveness Global competitiveness Product quality Product quality Long-term investment Long-term investment Financial soundness Financial soundness Mgmt. quality Mgmt. quality Social responsibility Social responsibility Use of assets Use of assets People mgmt. People mgmt. Innovation Innovation Industry champions } document.write(''); } else { document.write(''); if (location.pathname.match('/magazines/fortune/mostadmired/2010/champions/')) { } document.write(''); } else { document.write(''); if (location.pathname.match('/magazines/fortune/mostadmired/2010/industries/')) { } document.write(''); } else { document.write(''); (location.pathname.match('/magazines/fortune/mostadmired/2010/best_worst/worst9.html')) ){ if ( (location.pathname.match('/magazines/fortune/mostadmired/2010/best_worst/best9.html')) || } document.write(''); } else { document.write(''); (location.pathname.match('/magazines/fortune/mostadmired/2010/best_worst/worst8.html')) ) { if ( (location.pathname.match('/magazines/fortune/mostadmired/2010/best_worst/best8.html')) || } document.write(''); } else { document.write(''); (location.pathname.match('/magazines/fortune/mostadmired/2010/best_worst/worst7.html')) ) { if ( (location.pathname.match('/magazines/fortune/mostadmired/2010/best_worst/best7.html')) || } document.write(''); } else { document.write(''); (location.pathname.match('/magazines/fortune/mostadmired/2010/best_worst/worst6.html')) ) { if ( (location.pathname.match('/magazines/fortune/mostadmired/2010/best_worst/best6.html')) || } document.write(''); } else { document.write(''); (location.pathname.match('/magazines/fortune/mostadmired/2010/best_worst/worst5.html')) ) { if ( (location.pathname.match('/magazines/fortune/mostadmired/2010/best_worst/best5.html')) || } document.write(''); } else { document.write(''); (location.pathname.match('/magazines/fortune/mostadmired/2010/best_worst/worst4.html')) ) { if ( (location.pathname.match('/magazines/fortune/mostadmired/2010/best_worst/best4.html')) || } document.write(''); } else { document.write(''); (location.pathname.match('/magazines/fortune/mostadmired/2010/best_worst/worst3.html')) ) { if ( (location.pathname.match('/magazines/fortune/mostadmired/2010/best_worst/best3.html')) || } document.write(''); } else { document.write(''); (location.pathname.match('/magazines/fortune/mostadmired/2010/best_worst/worst2.html')) ) { if ( (location.pathname.match('/magazines/fortune/mostadmired/2010/best_worst/best2.html')) || } document.write(''); } else { document.write(''); (location.pathname.match('/magazines/fortune/mostadmired/2010/best_worst/worst1.html')) ) { if ( (location.pathname.match('/magazines/fortune/mostadmired/2010/best_worst/best1.html')) || }", "textAfterTable": "From the March 22, 2010 issue Top 50 Headquarters Show: Top 50 | All Most Admired: The Americas | Europe | Asia/Australia Quick Vote Which company do you most admire? Apple Google or View results", "hasKeyColumn": true, "keyColumnIndex": 0, "headerRowIndex": 0}