{"pageTitle": "Bryan's Movie Blog", "title": "", "url": "http://bryan.frommfamily.com/movieblog/", "hasHeader": true, "headerPosition": "FIRST_ROW", "tableType": "RELATION", "tableNum": 0, "s3Link": "", "recordEndOffset": 0, "recordOffset": 0, "tableOrientation": "HORIZONTAL", "lastModified": "", "textBeforeTable": "2006 2007 2008 2009 2010 2011 Best of: Worst of All Favorites All Movies Scale 0.00 to 10.00. Must be first viewing to be eligible for rating. Movie Blog by Bryan", "textAfterTable": "", "hasKeyColumn": true, "keyColumnIndex": 1, "headerRowIndex": 0}