{"pageTitle": "Declared catchment areas (Department of Environment and Resource Management)", "title": "", "url": "http://www.derm.qld.gov.au/water/declaredareas/declaredcatchment.html", "hasHeader": true, "headerPosition": "FIRST_ROW", "tableType": "RELATION", "tableNum": 0, "s3Link": "", "recordEndOffset": 0, "recordOffset": 0, "tableOrientation": "HORIZONTAL", "TableContextTimeStampAfterTable": "{6828=Last reviewed 8 November 2010 Last updated 11 October 2010, 2001=Parts of Queensland that immediately surround particular storages have been declared as \u0091catchment areas\u0092 under the Water Act 2000. So that it won\u0092t have a negative impact on water quality, some types of development within these areas must be approved by both local government and the Department of Environment and Resource Management. Click on the link to\u00a0view the\u00a0Policy and Code for preserving water quality in declared catchment areas (PDF, 192K)*., 21408=\u00a9 The State of Queensland (Department of Environment and Resource Management) 2012.}", "lastModified": "", "textBeforeTable": "Parts of Queensland that immediately surround particular storages have been declared as \u0091catchment areas\u0092 under the Water Act 2000. So that it won\u0092t have a negative impact on water quality, some types of development within these areas must be approved by both local government and the Department of Environment and Resource Management. Click on the link to\u00a0view the\u00a0Policy and Code for preserving water quality in declared catchment areas (PDF, 192K)*. Declared catchment areas Be involved Right to information About us Resource centre Topics Home Help Contact us Search for", "textAfterTable": "If you have problems downloading any of these documents, or would like a copy mailed to you, please contact your local\u00a0departmental business centre. * Requires Adobe Reader Last reviewed 8 November 2010 Last updated 11 October 2010 Home Topics Water Accessing and using water Development in water areas Development in water areas Declared areas and watercourse limits Development assessment and approvals Quarrying in a watercourse or lake Overland flow Water bores Wild rivers Riverine protection permits Moratorium notices Topics in this site Property, titles and valuations", "hasKeyColumn": true, "keyColumnIndex": 0, "headerRowIndex": 0}