{"pageTitle": "", "title": "", "url": "http://www.aptpupil.org/Lists/movies%20listed_files/sheet011.htm", "hasHeader": true, "headerPosition": "FIRST_ROW", "tableType": "RELATION", "tableNum": 0, "s3Link": "", "recordEndOffset": 0, "recordOffset": 0, "tableOrientation": "HORIZONTAL", "lastModified": "", "textBeforeTable": "False False False 2 3 2 2 2 //--> fnUpdateTabs(); else window.location.replace(\"../movies%20listed.htm\"); if (window.name!=\"frSheet\") } } window.setTimeout(\"fnUpdateTabs();\",150); else parent.fnSetActiveSheet(10); && parent.frames['frTabs'].document.readyState==\"complete\") if (parent.document.readyState==\"complete\" if (parent.window.g_iIEVer>=4) { { function fnUpdateTabs() --> mso-footer-margin:.5in;} mso-header-margin:.5in; {margin:1.0in .75in 1.0in .75in; @page mso-displayed-thousand-separator:\"\\,\";} {mso-displayed-decimal-separator:\"\\.\";", "textAfterTable": "", "hasKeyColumn": true, "keyColumnIndex": 3, "headerRowIndex": 0}