{"pageTitle": "The Tallest Buildings in the World", "title": "", "url": "http://hem2.passagen.se/alphaz2/towers.htm", "hasHeader": true, "headerPosition": "FIRST_ROW", "tableType": "RELATION", "tableNum": 2, "s3Link": "", "recordEndOffset": 0, "recordOffset": 0, "tableOrientation": "HORIZONTAL", "TableContextTimeStampAfterTable": "{3901=December 13th.\u00a0 \u00a0 The dictator of Iraq has been captured! In a farm in Adwar, about 15 kilometers (nine miles) from Tikrit. Read more at your local news agency or a short story here., 3066=December 20th.\u00a0 \u00a0 Finally it has been set! The new building at the site of WTC will rise up 1 776 feet (541 m) - a nod to the year the United States declared its independence. Full coverage will follow from now on. It will be the world's tallest building in 2008. First step will be taken the september 11th 2004., 4705=September 11th. 2002\u00a0 \u00a0 One year has passed now since it happened. This day will forever be remebered for that. But we will move on, even stronger than before!, 5643=July 24th.\u00a0 \u00a0 Another of those dangerous fires was visiting the Eifel Tower in Paris this week. Nobody was injured but the tower was closed for some days. More in here., 4284=September 11th. 2003\u00a0 \u00a0 Two year has passed now since it happened. This day will for me and the Swedish people also be knowned as the day day when our Foreign Minister Anna Lindh died after being stabbed! OMG! Not again, a political murder here!, 2529=January 7th.\u00a0 \u00a0 Political murder solved! The murder of the Swedish Foreign minister Anna Lindh has been solved. The now 25-year old Mijailo Mijailovic has confessed to his athorney. Read the new at CNN. Picture of the murderer here., 5040=January 9th.\u00a0 \u00a0 A little late Happy New Year to all of you! Sorry for not been putting on some more news on this holliday season. But I've been adding pictures and some building during this time. Furthermore, I shall be soon going over to ASP and using database for this site. Even more structure types are planned, like Stadiums, Bridges and more. More design is promised too. I have big plans for this! Stay tuned for more..., 3586=December 20th.\u00a0 \u00a0 I am making the new design for this site now. Next year we will move to a new domain. Hopeing it will become appreciated.}", "lastModified": "", "textBeforeTable": "[news archive] Welcome to my page! Hopefully, this is the site where you can find the information you need about those wonderful tall buildings all around our planet. From the fantastic skyscrapers, to the communication towers out there. I am currently updating this page so it far from complete. This page is here to stay! Peace! :-) The new format will be so that the types of the buildings will be representated by colours. Television and Communication Tower will have a different colour from lets say Skyscraper or Office buildings. In the link of the bottom of this page, I will place those projects that are under construction and those that just are planned. More information on Firms and Architecs expected. More links will be added continuesly. Check it out. Pictures are copyrighted. Hold the mouse over any picture to see this information. If you want to have a picture you must ask for permission. Either to me or the person mensioned to the picture. January 7th.\u00a0 \u00a0 Political murder solved! The murder of the Swedish Foreign minister Anna Lindh has been solved. The now 25-year old Mijailo Mijailovic has", "textAfterTable": "Total buildings in list: 207 Total pictures in list: 154 For a little compare image, check this one. AlpHaz For Legend, Links and more info, Click here! Guestbook The Next Step What would you like to see on this site? More pictures More graphics Better design Interactive Multimedia More links Frames Building Projects Split table - towers/buildings Text to the pictures Other... send email ! Current Results", "hasKeyColumn": true, "keyColumnIndex": 0, "headerRowIndex": 0}