{"pageTitle": "MeteoNews: Weather for lakes and beaches in Switzerland", "title": "", "url": "http://meteonews.ch/en/Article/Lakes/CH/en", "hasHeader": true, "headerPosition": "FIRST_ROW", "tableType": "RELATION", "tableNum": 0, "s3Link": "", "recordEndOffset": 0, "recordOffset": 0, "tableOrientation": "HORIZONTAL", "TableContextTimeStampAfterTable": "{11390=? 2012 MeteoNews JCS | About | Location | Legal Notices}", "lastModified": "", "textBeforeTable": "For more information, select a lake from the list: Weather for lakes and beaches in Switzerland contact@meteonews.net MeteoNews SA Contact island weather travel weather Swiss mountain passes Swiss mountains air pollution observations Swiss Lakes Precipitation radar Alerts Switzerland Observations Switzerland All about Switzerland Welcome to our new website! \u00a0 //]]> }); favos = new Favorites('/en/Favorites/');favos.load(''); $($('div.ModuleFavorites')).ready(function() {", "textAfterTable": "water temperature: MeteoNews Previsions water gauge?: www.bwg.admin.ch ? 2012 MeteoNews JCS | About | Location | Legal Notices MeteoNews on the web: Other products: meteonews.tv In other countries: Argentina | ?sterreich | Belgique | Colombia | Deutschland | Espa?a | France | Liechtenstein | Nederland | T?rkiye", "hasKeyColumn": true, "keyColumnIndex": 0, "headerRowIndex": 0}