{"pageTitle": "The Global 2000 - Forbes.com", "title": "", "url": "http://www.forbes.com/lists/2010/18/global-2000-10_The-Global-2000_Rank.html", "hasHeader": true, "headerPosition": "FIRST_ROW", "tableType": "RELATION", "tableNum": 0, "s3Link": "", "recordEndOffset": 0, "recordOffset": 0, "tableOrientation": "HORIZONTAL", "lastModified": "", "textBeforeTable": "div#storyCo11 { width: 600px !important; } div#mainStoryCont { width: 970px !important; } #attacheContain, .fifthN {display:none !important;}", "textAfterTable": "All figures are in U.S. dollars and are latest available. Market value is as of Mar. 1, 2010. Combined market value for BHP Billiton Ltd and BHP Billiton Plc (a dual listed company in Australia and the U.K.). Combined market value for Carnival Corp and Carnival Plc (a dual listed company in Panama and the U.K.). Combined market value for Investec Plc and Investec Ltd (a dual listed company with headquarters in South Africa and the U.K.). Combined market value for Mondi Ltd and Mondi Plc (a dual listed company in South Africa and the U.K.). Combined market value for Reed Elsevier Plc and Reed Elsevier NV (a dual listed company in the Netherlands and the U.K.). Combined market value for Rio Tinto Plc and Rio Tinto Ltd (a dual listed company in Australia and the U.K.). Combined market value for Unilever NV and Unilever Plc (a dual listed company the Netherlands and the U.K.). E: Estimate. NA: Not available. Sources: Capital IQ, a Standard & Poor's business; Interactive Data, LionShares, Thomson Reuters Fundamentals and Worldscope via FactSet Research Systems; Bloomberg; Forbes.", "hasKeyColumn": true, "keyColumnIndex": 1, "headerRowIndex": 0}