{"pageTitle": "Game Database, Best Selling Video Games, Game Sales, Million Sellers, Top Selling - VGChartz", "title": "", "url": "http://www.vgchartz.com/gamedb/", "hasHeader": true, "headerPosition": "FIRST_ROW", "tableType": "RELATION", "tableNum": 2, "s3Link": "", "recordEndOffset": 0, "recordOffset": 0, "tableOrientation": "HORIZONTAL", "TableContextTimeStampAfterTable": "{40202=About Us | Management Team | Terms of Use | Privacy Policy | RSS Feeds | Advertise | Contact | US \u00a9 2006-2012 VGChartz Ltd, a Brett Walton Production. All rights reserved. Design and graphics by DesignCure. 2,101 Users online (110 members).}", "lastModified": "", "textBeforeTable": "\u00a0<<\u00a0\u00a01\u00a0\u00a02\u00a0\u00a03\u00a0\u00a04\u00a0\u00a05\u00a0\u00a06\u00a0\u00a0>>\u00a0 Numbers 1-50 of 57,209 Reset Search Results per page: 25501002005001000 Minimum Sales: 010,000250,000500,0001,000,0002,000,0005,000,00010,000,000 Genre: -ActionAdventureFightingMiscPlatformPuzzleRacingRole-PlayingShooterSimulationSportsStrategyUnknown Console: -26003DO3DS52007800AJANDARCBRWC64DCDSGBGBAGCGENGGGIZiOSLynxMOBMSN64NESNGNGagePCPCFXPSPS2PS3PSPPSVSATSCDSNESTG16VBWiiWiiUWSX360XB Publisher: -10TACLE Studios1337 Game Design13cm14 Degrees East1C Company20th Century Fox Video Games21st Century Entertainment2D Boy2K Games2K Play2K Sports2XL Games3 O'Clock3000AD3A Studios3D Magic Kft.3D Realms3DO49Games4Pockets.com505 Games5pb7G//AMES7th Level989 Sports989 StudiosA1 GamesAAAAbandon Interactive EntertainmentAbelAbsolute EntertainmentAbstraction GamesAbylightAccess GamesAccess SoftwareAcclaim EntertainmentAccoladeAcerAcquireActiveActive EnterprisesActivisionAcute EntertainmentAdeline SoftwareADEPT GamesADKAdult SwimAdventure SoftAeria Games & EntertainmentAerosoftAffectAgatsuma EntertainmentageAgendaAGENIUS InteractiveAgetecAIAAicomAilAkabee", "textAfterTable": "Numbers 1-50 of 57,209 \u00a0<<\u00a0\u00a01\u00a0\u00a02\u00a0\u00a03\u00a0\u00a04\u00a0\u00a05\u00a0\u00a06\u00a0\u00a0>>\u00a0 Methodology Charts Articles News Games Reviews Previews E3 RSS Facebook Twitter Friends: GameZone Vandal Video Game Music MMORPG RPG Wallpapers Mod DB Game News T Shirts About Us | Management Team | Terms of Use | Privacy Policy | RSS Feeds | Advertise | Contact | US \u00a9 2006-2012 VGChartz Ltd, a Brett Walton Production. All rights reserved. Design and graphics by DesignCure. 2,101 Users online (110 members).", "hasKeyColumn": true, "keyColumnIndex": 1, "headerRowIndex": 0}