{"pageTitle": "Flugtickets | WebCheckIn & Gep?ck", "title": "", "url": "http://www.overtherainbow.de/-flugtickets/flugtickets--webcheckin--gepaeck.php", "hasHeader": true, "headerPosition": "FIRST_ROW", "tableType": "LAYOUT", "tableNum": 0, "s3Link": "", "recordEndOffset": 0, "recordOffset": 0, "tableOrientation": "HORIZONTAL", "TableContextTimeStampBeforeTable": "{7213=Aeromar}", "lastModified": "", "textBeforeTable": "Suchen Sie sich in der Liste Ihre Airline und checken Sie online \u00fcber den angegebenen Link ein. Sie ben\u00f6tigen Ihren Buchungscode (eine 6-stelligen Zahlen- und Buchstabenkombination) oder die Ticketnummer. Beide finden Sie im Anhang Ihrer E-Ticketbest\u00e4tigung von overtherainbow. Online Check-In ab 23 Stunden vor Abflug }) }) return false; $($(this).attr(\"href\")).show(); $(\"#w2dptabs8661669fa10e8b108 .w2dptab\").hide() $(this).blur().addClass(\"w2dptabsel\");; $(\"#w2dptabs8661669fa10e8b108 .w2dptablinks a.w2dptabsel\").removeClass(\"w2dptabsel\"); $(\"#w2dptabs8661669fa10e8b108 .w2dptablinks a\").click(function(){ $(\"#w2dptabs8661669fa10e8b108 .w2dptablinks a:eq(0)\").addClass(\"w2dptabsel\"); $(\"#w2dptabs8661669fa10e8b108 .w2dptab:gt(0)\").hide(); $(document).ready(function() {", "textAfterTable": "Seitenanfang Zugang zu den pers\u00f6nlichen Flugdaten Hier erhalten Sie alle Details Ihres Fluges. Klicken Sie bitte auf den Button und geben Sie die von overtherainbow erhaltenen Buchungscode (AMADEUS-Reservierungsnummer) sowie Ihren Nachnamen ein. Here you get all the details of your flight. Please click on the button and enter the reservation number/ filekey indicated on your flight voucher and your last name. deutsch \u00a0 english \u00a0 \u00a0 \u00a0 g\u00fcnstig buchen - mit Beratung! Seitenanfang Willkommen am Flughafen!", "hasKeyColumn": true, "keyColumnIndex": 1, "headerRowIndex": 0}