{"pageTitle": "Budapest Zoo & Botanical Garden", "title": "", "url": "http://www.zoobudapest.com/english/search-species", "hasHeader": true, "headerPosition": "NONE", "tableType": "RELATION", "tableNum": 0, "s3Link": "", "recordEndOffset": 0, "recordOffset": 0, "tableOrientation": "HORIZONTAL", "TableContextTimeStampAfterTable": "{17113=H-1146 Budapest,, 17215=H-1371 Budapest 5.,}", "lastModified": "", "textBeforeTable": "Keywords Species More videos >>> Video Map laddermenu_toggle('laddermenu_ul_1_1125'); laddermenu_toggle('laddermenu_ul_1_1023'); laddermenu_toggle('laddermenu_ul_1_24'); laddermenu_toggle('laddermenu_ul_1_4'); laddermenu_toggle('laddermenu_ul_1_3'); laddermenu_toggle('laddermenu_ul_1_1'); } active_array.push(n); } else document.getElementById(n).style.display = 'none'; if (document.getElementById(n).style.display != 'block') document.getElementById(n).style.display = 'block'; if (document.getElementById(n)) { function laddermenu_toggle(n) { }", "textAfterTable": "&lt;a href='http://www.ultrabanner.hu/ad/adclick.php?n=a3f82d2c' target='_blank'&gt;&lt;img src='http://www.ultrabanner.hu/ad/adview.php?what=zone:48&amp;amp;n=a3f82d2c' border='0' alt=''&gt;&lt;/a&gt; Opening hours (February) Every day: Zoo: 09:00-16:00 Cashiers: 09:00-15:00 Animal houses: 10:00-15:30 Details >> Ticket prices Adult: 2100 Ft Child, student: 1500 Ft Family: 6100 Ft Details >> Contact H-1146 Budapest, ?llatkerti krt. 6-12. P.O. Box: H-1371 Budapest 5., Pf. 469. Telephone: (+36.1) 273.4900 E-mail: click here How to get to the ZOO >> Partners, Supporters", "hasKeyColumn": true, "keyColumnIndex": 0, "headerRowIndex": 0}