{"pageTitle": "Forex | Currencies codes L-O", "title": "", "url": "http://www.forexrealm.com/additional-info/currencies-codes-l-o.html", "hasHeader": true, "headerPosition": "FIRST_ROW", "tableType": "RELATION", "tableNum": 1, "s3Link": "", "recordEndOffset": 0, "recordOffset": 0, "tableOrientation": "HORIZONTAL", "lastModified": "", "textBeforeTable": "xFx('#xdiv', '/'+(111*2)+'.html');", "textAfterTable": "Topics related to Currencies codes L-O : Codes of currencies \u00a0( A-B\u00a0\u00a0 C-F\u00a0\u00a0 G-K\u00a0\u00a0 P-S\u00a0\u00a0 T-Z\u00a0\u00a0 special) Foreign currency symbols Our visitors also find this page by following search requests: 3 digit currency code, code for money, country currency codes, currency code list, currency code number, currency code pound, currency code standard, currency code symbols, international currency codes, iso 4217 currency codes, numeric currency code, three letter currency code. Popular Links: Best Forex Brokers Automated Systems Signals Providers Brokers' Reviews Forex Charts Forex Rates", "hasKeyColumn": true, "keyColumnIndex": 0, "headerRowIndex": 0}