{"pageTitle": "1Up Travel - Read about Geography and Geographic info of all the M - Category Countries of the world. Geography and Facts", "title": "", "url": "http://www.1uptravel.com/geography/m.html", "hasHeader": true, "headerPosition": "FIRST_ROW", "tableType": "LAYOUT", "tableNum": 8, "s3Link": "", "recordEndOffset": 0, "recordOffset": 0, "tableOrientation": "HORIZONTAL", "TableContextTimeStampAfterTable": "{17221=Geography of Myanmar (Burma), 16895=Myanmar (Burma)}", "lastModified": "", "textBeforeTable": "//--> google_color_url = \"008000\"; google_color_text = \"000000\"; google_color_link = \"ff0000\"; google_color_bg = \"FFFFFF\"; google_color_border = \"FFFFFF\"; google_ad_channel = \"6214417794\"; //2007-05-17: 1uptravel-336x280 google_ad_type = \"text_image\"; google_ad_format = \"336x280_as\"; google_ad_height = 280; google_ad_width = 336; google_ad_client = \"pub-4512080808881307\"; //--> google_color_url = \"0000FF\"; google_color_text = \"000000\"; google_color_link = \"ff0000\"; google_color_bg = \"FFFFFF\"; google_color_border = \"FFFFFF\"; google_ad_channel = \"0902062747\"; //2007-05-17: travel-text-links google_ad_format = \"200x90_0ads_al\"; google_ad_height = 90; google_ad_width = 200; google_ad_client = \"pub-4512080808881307\";", "textAfterTable": "", "hasKeyColumn": true, "keyColumnIndex": 0, "headerRowIndex": 0}