{"pageTitle": "The Group : Resources : Blog directory", "title": "", "url": "http://www.the-group.net/230-resources-:-blog-directory", "hasHeader": true, "headerPosition": "FIRST_ROW", "tableType": "RELATION", "tableNum": 0, "s3Link": "", "recordEndOffset": 0, "recordOffset": 0, "tableOrientation": "HORIZONTAL", "TableContextTimeStampAfterTable": "{90016=T: +44 (0)20 7012 1310 enquiries@the-group.net, 89491=\u00a9 The Group 2012}", "lastModified": "", "textBeforeTable": "Main blogging platform covering general issues from across the business Visit our blog for a rundown of flagship blogs we like Blog portals Careers CR Exec blogs Flagship blogs Insight blogs Company blogs Insight blogs are independent blogs by individuals or organisations that focus on what companies are doing and provide analysis, advice and recommendations Company blogs provide us with information about various aspects of a company, from the point of view of that company Our directory of corporate blogs divides the corporate blogosphere in two distinct yet deeply connected halves: Corporate blogging directory Add a blog If you know a blog we should include here (it might even be your own), it\u0092s easy to add it to our directory. Add a blog Frank Harkin 18 July 2011 FTSE100 companies increasingly \u0091like\u0092 social media Frank Harkin 22 July 2011 Why can't FTSE100 companies be bothered to blog? corporate blogging trends An ever-growing directory of the corporate blogosphere Blog directory", "textAfterTable": "search Connect & share \u00a0 See our Tweets Visit us on Facebook See our YouTube channel See our Flickr photostream See our pressos on Slideshare", "hasKeyColumn": true, "keyColumnIndex": 0, "headerRowIndex": 0}