{"pageTitle": "NASDAQ100 | Best Trading System for Stocks and ETF", "title": "", "url": "http://mytradingsystem.net/nasdaq-market-index.html", "hasHeader": true, "headerPosition": "FIRST_ROW", "tableType": "RELATION", "tableNum": 3, "s3Link": "", "recordEndOffset": 0, "recordOffset": 0, "tableOrientation": "HORIZONTAL", "TableContextTimeStampAfterTable": "{36890=Copyright 2006-2010 MyTradingSystem.net.}", "lastModified": "", "textBeforeTable": "The components of Nadaq 100 Index: google_ad_height = 90; google_ad_width = 728; google_ad_slot = \"1697866367\"; google_ad_client = \"pub-5931509909177323\";", "textAfterTable": "\u00a0 Home? |???FAQ? |???Web Store? |???Trading News? |???Disclaimer? |???Privacy policy? | \u00a0\u00a0\u00a0\u00a0\u00a0 \u00a0 Copyright 2006-2010 MyTradingSystem.net.", "hasKeyColumn": true, "keyColumnIndex": 0, "headerRowIndex": 0}