{"pageTitle": "Twitter \u0097 PR-Kloster", "title": "", "url": "http://www.pr-kloster.de/category/twitter/page/2/", "hasHeader": true, "headerPosition": "FIRST_ROW", "tableType": "RELATION", "tableNum": 11, "s3Link": "", "recordEndOffset": 0, "recordOffset": 0, "tableOrientation": "HORIZONTAL", "TableContextTimeStampBeforeTable": "{489=Bemerkenswert auch das MMK Museum f?r Moderne Kunst, das sich um vier Pl?tze verbessern konnte und sich damit nun auf Platz 11 befindet. Dagegen ist das St?del Museum um drei Pl?tze auf Platz 13 gefallen. Erneut in den Top 20 k?nnen wir im November das DDR-Museum begr??en, das mit 1.262 Fans das Schlusslicht im Ranking ist., 1801=Ein Blick auf das aktuelle Facebook-Ranking f?r November 2010 zeigt, dass auch diesmal wieder die \u0093Top 3? das gesamte Feld sehr dominant beherrschen. Dabei belegt nach wie vor die Galerie c/o Berlin den ersten Platz mit nun 13.345 Fans, gefolgt vom NRW-Forum mit inzwischen 11.188 Fans. Bei beiden war das Wachstum gegen?ber dem Vormonat eher moderat, w?hrend das Mercedes Benz Museum einen go?en Schritt nach vorne gemacht hat. Es konnte im vergangenen Monat 1.530 neue Fans gewinnen? und hat nun insgesamt 9.883 Anh?nger. Damit wird das Stuttgarter Automuseum zum Jahresende h?chstwahrscheinlich ebenfalls die 10.000-Fan-H?rde ?berspringen.}", "TableContextTimeStampAfterTable": "{176747=1073, 220780=51298, 183651=1922, 210065=142369, 245822=1647, 172618=1718, 238290=2845, 241561=2275, 202763=Platz zwei belegt im September das Mercedes Benz Museum mit 6.938 ?Fans? und Platz drei das KW Institute for Contemporary Art mit 6.538 ?Fans? \u0096 dabei hat das Mercedes Benz Museum mit 1.858 neuen Fans den gr??ten Sprung gemacht, gefolgt vom NRW-Forum mit 1.760 neuen \u0093Gef?llt mir\u0094. Auch die SCHIRN Kunsthalle in Franfurt (Platz 5) hat diesmal deutlich aktiver als die letzten Monate neue Kontakte (3.836) gekn?pft., 174813=1463, 188279=1034, 244759=2043, 242558=2152, 236220=2972, 258794=1470, 182577=2269, 27460=Beim aktuellen Twitter-Ranking sind dagegen nur marginale Ver?nderungen festzustellen. Alle Museen konnten einen leichten Anstieg verzeichnen. Weiterhin auf Platz 1 ist das NRW-Forum mit 12.814 Followern, dicht gefolgt vom M?ritzeum mit 11.092 \u0093Verfolgern\u0094. Auch im Twitter-Ranking belegt das Mercedes-Benz-Museum den dritten Platz mit 7.360 Followern. Ob auch hier noch 2010 die 10.000-Fan-H?rde genommen wird, bleibt mit Spannung abzuwarten., 222896=41260, 186427=1370, 226833=Schaut man sich den internationalen Vergleich an, schafft auch diesmal das New Yorker Museum of Modern Arts (MoMa) den gr??ten Sprung mit 38.108 neuen Anh?ngern. Damit liegt es weiter auf Platz 1 mit 542.187 \u0093Fans\u0094. Das zweitplatzierte Metropolitan Museum of Art demgegen?ber mit 301.109 \u0093Fans\u0094 weit abgeschlagen, trotz eines Zuwachses von 31.189 \u0093Like it\u0094 im September konnte der Abstand zum MoMa nur marginal verkleinert werden., 246874=1584, 281893=132162, 82820=Dezember 3, 2010 \u00a0 2 Comments, 166171=2987, 250022=1007, 300290=September 2, 2010 \u00a0 Kommentare deaktiviert, 206929=301109, 272323=Bei einigen Museen entwickelten sich auch im vergangenen Monat die Zahlen weiter deutlich nach oben \u0096 wie etwa beim Mercedes Benz Museum, das die Zahl seiner Follower bei Twitter von 3689 (Juli 2010) auf 5080 (August 2010) erh?hen konnte. Den gr??ten Sprung schaffte allerdings das NRW-Forum, das in diesem Monat gleich zweimal das Siegertreppchen besetzt: bei Facebook mit aktuell 7.978 Fans und Twitter mit 10.091 Followern. So wurde nicht nur das M?ritzeum ?berholt, sondern auch erstmals von einem deutschen Museum die 10.000 Grenze ?berschritten. Das M?ritzeum ist jedoch auch diesmal sehr aktiv gewesen und konnte 846 neue Follower gewinnen und rangiert damit auf dem zweiten Platz. Auch dieses Museum wird vermutlich schon bald die Schallmauer von 10.000 Followern durchbrechen., 300974=August 4, 2010 \u00a0 Kommentare deaktiviert, 201965=Private Galerien sind jedoch in unserem Ranking der ?Museen und Ausstellungsh?user? von Anfang an nicht ber?cksichtigt, deshalb bleibt das NRW-Forum D?sseldorf mit 9.738 ?Fans? weiterhin Spitzenreiter im Facebook-Ranking f?r September. Eine weniger sch?ne Seite des Erfolgs: Seitdem c/o Berlin vor drei Wochen bei den \u0093Fans\u0094 die 10.000er-Marke durchbrochen hat, ist die Facebook-Seite der Galerie gesperrt und die Verantwortlichen k?nnen sie nicht mehr administrieren und z.B. den Spam entfernen. Ursache ist vermutlich eine Verlosung von 10 Jahresabos unter den neuen ?Fans?, was nach den Gewinnspiel-Regeln von Facebook verboten ist. Dieses Beispiel zeigt einmal mehr das hohe Risiko f?r Kultureinrichtungen, wenn sie ihre Social-Media-Strategie alleine auf Facebook ausrichten., 259715=1468, 170501=2266, 205963=542187, 289207=51793, 175776=1145, 189211=1020, 256796=2045, 229868=Ein Beispiel f?r die ge?nderten Kommunikationsm?glichkeiten f?r Museen zeigte die internationale Aktion \u0093Ask a Curator\u0094, die am 1. September ?ber Twitter stattfand. Auch wenn sich verh?ltnism?ssig wenig deutsche Museen daran beteiligten und es einen massiven Spammer-Angriff gab, kann insgesamt doch eine positive Bilanz gezogen werden., 260646=1314, 173767=1538, 237219=2864, 243740=2150, 257870=1789, 171564=2157, 185493=1536, 261568=1095, 155446=Nat?rlich sagt die Zahl der Kontakte auf Facebook oder Twitter noch nichts ?ber die Qualit?t der dort ver?ffentlichten Beitr?ge und die tats?chliche Resonanz bei der Zielgruppe aus. Aber sie macht zumindest sichtbar, ob ein Museum aktiv den Dialog vorantreibt oder eher passiv auf ein Echo wartet. Doch hier erst einmal das aktuelle Ranking f?r den September 2010:, 179793=12476, 248000=1394, 83486=Winterm?digkeit l?sst gr??en! Kommunikation ist immer wechselseitig. Doch einige Museen scheinen diesen Ansatz, den bereits Karl B?hler in seinem Werk ?Die Krise der Psychologie? von 1927 manifestierte, nicht wirklich umsetzen zu wollen. Dabei unterliegen jegliche Formen des sozialen Kontaktes folglich einer asymmetrischen Steuerungssituation, innerhalb derer einer den Part des F?hrenden und der Andere den des Gef?hrten bzw. des ?Sich-gef?gig-Gebenden? ?bernimmt. Social Media ist demnach nicht nur ein ?Nice-to-have? Instrument, sondern sollte so eingesetzt werden, dass ein realer Dialog stattfinden kann., 228123=Oktober 4, 2010 \u00a0 Kommentare deaktiviert, 167301=2470, 169482=2433, 187349=1141, 184563=1621, 240431=2620, 168298=2457, 153347=November 3, 2010 \u00a0 2 Comments, 239335=2917, 248976=1388}", "lastModified": "", "textBeforeTable": "FACEBOOK-FANSEITEN-RANKING (Stand 02.12.2010) Bemerkenswert auch das MMK Museum f?r Moderne Kunst, das sich um vier Pl?tze verbessern konnte und sich damit nun auf Platz 11 befindet. Dagegen ist das St?del Museum um drei Pl?tze auf Platz 13 gefallen. Erneut in den Top 20 k?nnen wir im November das DDR-Museum begr??en, das mit 1.262 Fans das Schlusslicht im Ranking ist. Seit einigen Tagen legt auch das NRW-Forum im Verh?ltnis recht stark zu, nachdem es eine Coupon-Aktion f?r neue Fans gestartet hat. Wer \u0093Gef?llt mir\u0094 anklickt, bekommt im n?chsten Jahr einen kostenlosen Ausstellungsbesuch geschenkt. Wir d?rfen gespannt sein, wie sich diese Weihnachtspromotion auswirkt und werden bei der Ver?ffentlichung des n?chsten Ranking dar?ber berichten. Ein Blick auf das aktuelle Facebook-Ranking f?r November 2010 zeigt, dass auch diesmal wieder die \u0093Top 3? das gesamte Feld sehr dominant beherrschen. Dabei belegt nach wie vor die Galerie c/o Berlin den ersten Platz mit nun 13.345 Fans, gefolgt vom NRW-Forum mit inzwischen 11.188 Fans. Bei beiden war das Wachstum gegen?ber dem Vormonat eher moderat, w?hrend das Mercedes Benz Museum einen go?en Schritt nach vorne gemacht hat. Es konnte im vergangenen Monat 1.530 neue Fans gewinnen? und hat nun insgesamt 9.883 Anh?nger. Damit wird das Stuttgarter Automuseum zum Jahresende h?chstwahrscheinlich ebenfalls die 10.000-Fan-H?rde ?berspringen. by Maria Ranking: Museen bei Twitter und Facebook (November2010) Category", "textAfterTable": "18 Pergamonmuseum Berlin 1.557 - 19 Museum Kunst Palast D?sseldorf 1.430 - 20 DDR Museum Berlin", "hasKeyColumn": true, "keyColumnIndex": 1, "headerRowIndex": 0}