{"pageTitle": "thrombInclude", "title": "", "url": "http://www.dcn.ed.ac.uk/ist3/web_reports/ist3_patient_count.asp", "hasHeader": true, "headerPosition": "FIRST_ROW", "tableType": "RELATION", "tableNum": 1, "s3Link": "", "recordEndOffset": 0, "recordOffset": 0, "tableOrientation": "HORIZONTAL", "TableContextTimeStampAfterTable": "{526=Total recruitment: 3035 on 17/05/2012 00:20:20 (UK time)}", "lastModified": "", "textBeforeTable": "Total recruitment: 3035 on 17/05/2012 00:20:20 (UK time) ( ** no longer recruiting ) IST-3 Centre Recruitment Centre Recruitment \u00a0", "textAfterTable": "", "hasKeyColumn": true, "keyColumnIndex": 0, "headerRowIndex": 0}