{"pageTitle": "?T?C?N???q?b?g?@MLB Score", "title": "", "url": "http://home.att.ne.jp/air/mlb/awards/cyclehit.html", "hasHeader": true, "headerPosition": "FIRST_ROW", "tableType": "RELATION", "tableNum": 1, "s3Link": "", "recordEndOffset": 0, "recordOffset": 0, "tableOrientation": "HORIZONTAL", "lastModified": "", "textBeforeTable": "Cycle Hit ?`?T?C?N???q?b?g", "textAfterTable": "?z?[?????? Copyright (C) MLB Score All Rights Reserved.", "hasKeyColumn": true, "keyColumnIndex": 0, "headerRowIndex": 0}