{"pageTitle": "List of controversial video games - Wikipedia, the free encyclopedia", "title": "", "url": "http://en.wikipedia.org/wiki/List_of_controversial_games", "hasHeader": true, "headerPosition": "FIRST_ROW", "tableType": "RELATION", "tableNum": 0, "s3Link": "", "recordEndOffset": 0, "recordOffset": 0, "tableOrientation": "HORIZONTAL", "TableContextTimeStampAfterTable": "{125464=Family Entertainment Protection Act\u00a0? Truth in Video Game Rating Act\u00a0? Video Game Decency Act\u00a0? Video Recordings Act 1984\u00a0? California Assembly Bills 1792 & 1793\u00a0? Law 3037/2002}", "lastModified": "", "textBeforeTable": "This video game-related list is incomplete; you can help by expanding it. [edit] Table of controversial games This is a list of video games described explicitly as \"controversial\" in secondary sources. Some of the video games on this list have been banned or censored. search navigation, Jump to: List of controversial games) ??(Redirected from From Wikipedia, the free encyclopedia List of controversial video games", "textAfterTable": "[edit] Notes ^ Gotcha at the Killer List of Videogames ^ a b c d e f David Craddock, \"The Rogues Gallery: Controversial Video Games,\" Shacknews (Sep 29, 2005). ^ DeMaria, Rusel; Wilson, Johnny L. (2003). High Score!: The Illustrated History of Electronic Games. McGraw-Hill Professional. pp.\u00a027,28. ISBN\u00a00072231726. http://books.google.com/?id=HJNvZLvpCEQC.\u00a0 ^ a b c d e\u00a0; Fecal Jesus, \"The Seven Most Controversial Games and why most of them are complete crap,\" GamerHelp (02/14/08). ^ a b c d Kearney, Paul; Pivec, Maja (May 2007). \"Sex, lies and video games\". British Journal of Educational Technology 38 (3): 489?501. doi:10.1111/j.1467-8535.2007.00712.x. http://www.ingentaconnect.com/content/bpl/bjet/2007/00000038/00000003/art00010. Retrieved 2008-07-23.\u00a0 ^ Retro Japanese Computers: Gaming's Final Frontier, Hardcore Gaming 101, reprinted from Retro Gamer, Issue 67, 2009 ^ Video Games and Computer Entertainment. July 1991. Pg. 44 ^ a", "hasKeyColumn": true, "keyColumnIndex": 1, "headerRowIndex": 0}