{"pageTitle": "Safe Search for 226 Countries", "title": "", "url": "http://www.squirrelnet.com/WorldSearch.php", "hasHeader": true, "headerPosition": "FIRST_ROW", "tableType": "RELATION", "tableNum": 0, "s3Link": "", "recordEndOffset": 0, "recordOffset": 0, "tableOrientation": "HORIZONTAL", "lastModified": "", "textBeforeTable": "Back to Safe Search Home. Uses SafeSearch filter from Google. Safe Search for 226 Countries | Share SquirrelNet Home \u00a0>\u00a0 Best Search Engines \u00a0>\u00a0 Safe Search by Country", "textAfterTable": "", "hasKeyColumn": true, "keyColumnIndex": 1, "headerRowIndex": 0}