{"pageTitle": "The Novel 100: The 100 Greatest Novels of All Time", "title": "", "url": "http://www.adherents.com/people/100_novel.html.bak", "hasHeader": true, "headerPosition": "FIRST_ROW", "tableType": "RELATION", "tableNum": 1, "s3Link": "", "recordEndOffset": 0, "recordOffset": 0, "tableOrientation": "HORIZONTAL", "TableContextTimeStampAfterTable": "{39831=...The parameters: English language novels published anywhere in the world since 1923, the year that TIME Magazine began, which, before you ask, means that Ulysses (1922) doesn't make the cut... This [list] is chosen by me, Richard Lacayo, and my colleague Lev Grossman... Grossman and I each began by drawing up inventories of our nominees. Once we traded notes, it turned out that more than 80 of our separately chosen titles matched. (Even some of the less well-known ones, like At-Swim Two Birds.) We decided then that we would more or less divide the remaining slots between us. That would allow each of us to include books that the other might not have chosen. Or might not even have read... And that would extend the list into places where mere agreement wouldn't take it., 3209=Burt holds a Ph.D from New York University with a specialty in Victorian fiction and was for nine years a dean at Wesleyan University, where he has also taught literature courses since 1989. He is also the author of The Novel 100: A Ranking of the Greatest Novels of All Time., 24701=Source: Lev Grossman and Richard Lacayo, \"TIME's Critics pick the 100 Best Novels, 1923 to present\", published in Time Magazine, 2005 (http://www.time.com/time/2005/100books/the_complete_list.html; viewed 31 October 2005):, 41208=This project, which got underway in January, was not just a reading effort. It was a re-reading effort. It meant revisiting a lot of novels both of us had not looked into for some time. A few titles that seemed indispensable some years ago turned out on a second tasting to be, well, dispensable... Lists like this one have two purposes. One is to instruct. The other of course is to enrage. We're bracing ourselves for the e-mails that start out: \"You moron! You pathetic bourgeoise insect! How could you have left off...(insert title here).\", 24957=TIME Critics Lev Grossman and Richard Lacayo pick the 100 best English-language novels from 1923 to the present., 39646=Excerpts from: Richard Lacayo, \"How We Picked the List\" (http://www.time.com/time/2005/100books/0,24459,our_choices,00.html; viewed 31 October 2005):}", "lastModified": "", "textBeforeTable": "What makes a listing of the greatest novels even more problematic is the lack of any consensus about which works rightfully constitute the genre... the novel is such a hybrid and adaptive genre, assimilating other prose and verse forms... A standard definition of the novel--an extended prose narrative--is so broad that it fails to limit the field usefully... I have been influenced in this regard, like many, by literary critic Ian Watt's groundbreaking 1957 study, The Rise of the Novel, which contends that the novel as a distinctive genre emerged in 18th-century England through the shifting of the emphasis of previous prose romances and their generalized and idealized characters, settings, and situations to a particularity of individual experience. In other words, the novel replaced the romance's interest in the general and the ideal with a concern for the particular. The here and now substituted for the romance's interest in the long ago and far away. As 18th-century novelist Clara Reece observed, \"The Novel is a picture of real life and manners, and of the times in which it was written. The Romance, in lofty and elevated language, describes what has never happened nor is likely to.\" Novelists began to represent the actual world accurately, governed by the laws of probability. ...It would be far too reductive and misleading, however, to define the novel only by its realism or accurate representation of ordinary life... It would be far more accurate to say that the novel as", "textAfterTable": "All-Time 100 Best Novels List 100 Best Novels, 1923 to present Source: Lev Grossman and Richard Lacayo, \"TIME's Critics pick the 100 Best Novels, 1923 to present\", published in Time Magazine, 2005 (http://www.time.com/time/2005/100books/the_complete_list.html; viewed 31 October 2005): TIME Critics Lev Grossman and Richard Lacayo pick the 100 best English-language novels from 1923 to the present. Listed alphabetically by title. Title Author Religious Affiliation The Adventures of Augie March Saul Bellow Orthodox Jew (lapsed); Anthroposophist All the King's Men Robert Penn Warren \u00a0 American Pastoral Philip Roth Jewish An American Tragedy Theodore Dreiser Catholic; Congregationalist; Chrisitan Science Animal Farm George Orwell Anglican Appointment in Samarra John O'Hara \u00a0 Are You There God? It's Me, Margaret Judy Blume Jewish The Assistant Bernard Malamud Jewish At Swim-Two-Birds Flann O'Brien \u00a0 Atonement Ian McEwan atheist Beloved Toni Morrison \u00a0 The Berlin Stories Christopher Isherwood Hindu (Vedanta Society) The Big Sleep Raymond Chandler \u00a0 The Blind Assassin Margaret Atwood", "hasKeyColumn": true, "keyColumnIndex": 1, "headerRowIndex": 0}