{"pageTitle": "KryssTal : Countries of the World", "title": "", "url": "http://www.krysstal.com/countries.html", "hasHeader": true, "headerPosition": "FIRST_ROW", "tableType": "RELATION", "tableNum": 2, "s3Link": "", "recordEndOffset": 0, "recordOffset": 0, "tableOrientation": "HORIZONTAL", "lastModified": "", "textBeforeTable": "Islands in the Mediterranean Sea. Islands in the North Atlantic and Arctic Oceans; West of the Caspian Sea; West of the Ural Mountains in the Eurasian continent; 59 countries and territories Europe and the Mediterranean \" /> Support this web site by making a donation google_color_text = \"000000\"; google_color_url = \"008000\"; google_color_link = \"0000FF\"; google_color_bg = \"D3D3D3\"; google_color_border = \"000000\"; google_ad_channel =\"\"; google_ad_type = \"text\"; google_ad_format = \"160x600_as\"; google_ad_height = 600; google_ad_width = 160; google_ad_client = \"pub-3099042624744828\"; Countries of the World A complete table of the 249 countries and territories of the world by continent. [Home Page] [Other Page] [Inventions]", "textAfterTable": "Romania 1878 Wallachia Moldavia Bucharest Republic Romanian Hungarian Russia 862 Soviet Union Moscow Federal Republic Russian many others San Marino 301 \u00a0 San Marino Republic Italian Serbia 2006 Serbia and Montenegro Yugoslavia Ottoman Empire Belgrade Republic Serbian Slovakia 1993 Czechoslovakia Austia-Hungary Bratislava Republic Slovak Hungarian Slovenia 1990 Yugoslavia Austria-Hungary Ljubljana Republic Slovene Spain 1492 Castille Aragon Navarre Madrid Constitutional Monarchy Spanish Catalan Basque Galician Svalbard \u00a0 \u00a0 Longyearbyen Dependency (Norway) \u00a0 Sweden c1050 \u00a0 Stockholm Constitutional Monarchy Swedish Switzerland 1291 \u00a0 Bern Federal Republic German French Italian Romansh Turkey 1923 Ottoman Empire Byzantine Empire Ankara Republic Turkish Kurdish Arabic Ukraine 1991 Soviet Union Kiev Republic Ukrainian Russian United Kingdom 1801 England Scotland Wales London Constitutional Monarchy English Welsh Gaelic Vatican City c330 1927 Papal States Vatican City Theocracy Italian Asia and the Indian Ocean 45 countries and territories East of the Ural Mountains of the Eurasian continent; Islands off the east and south coast ; Islands in the central regions of the Indian Ocean. Name Date Previous Names Capital Government Languages", "hasKeyColumn": true, "keyColumnIndex": 0, "headerRowIndex": 0}