{"pageTitle": "KryssTal : Countries of the World", "title": "", "url": "http://www.krysstal.com/countries.html", "hasHeader": true, "headerPosition": "FIRST_ROW", "tableType": "RELATION", "tableNum": 3, "s3Link": "", "recordEndOffset": 0, "recordOffset": 0, "tableOrientation": "HORIZONTAL", "lastModified": "", "textBeforeTable": "Islands in the Mediterranean Sea. Islands in the North Atlantic and Arctic Oceans; West of the Caspian Sea; West of the Ural Mountains in the Eurasian continent; 59 countries and territories Europe and the Mediterranean \" /> Support this web site by making a donation google_color_text = \"000000\"; google_color_url = \"008000\"; google_color_link = \"0000FF\"; google_color_bg = \"D3D3D3\"; google_color_border = \"000000\"; google_ad_channel =\"\"; google_ad_type = \"text\"; google_ad_format = \"160x600_as\"; google_ad_height = 600; google_ad_width = 160; google_ad_client = \"pub-3099042624744828\"; Countries of the World A complete table of the 249 countries and territories of the world by continent. [Home Page] [Other Page] [Inventions]", "textAfterTable": "Turkey 1923 Ottoman Empire Byzantine Empire Ankara Republic Turkish Kurdish Arabic Ukraine 1991 Soviet Union Kiev Republic Ukrainian Russian United Kingdom 1801 England Scotland Wales London Constitutional Monarchy English Welsh Gaelic Vatican City c330 1927 Papal States Vatican City Theocracy Italian Asia and the Indian Ocean 45 countries and territories East of the Ural Mountains of the Eurasian continent; Islands off the east and south coast ; Islands in the central regions of the Indian Ocean. Name Date Previous Names Capital Government Languages Afghanistan 1747 \u00a0 Kabul No effective government Farsi Pashto Uzbek Bahrain 1971 \u00a0 Manama Absolute Monarchy Arabic Bangladesh 1971 East Pakistan Dhaka Republic Bengali Urdu Bhutan \u00a0 \u00a0 Thimphu Theocratic Monarchy Jonkha British Indian Ocean Territory \u00a0 \u00a0 Diego Garcia Colony (UK) \u00a0 Brunei c650 \u00a0 Bandar Seri Begawan Absolute Monarchy Malay Burma (Myanmar) 1948 \u00a0 Rangoon Military Dictatorship Burmese Karen Shan Cambodia c800 Kampuchea Phnom Penh Republic Khmer French Vietnamese China c1500BC Carthay Beijing One Party State Mandarin Cantonese Fukien Wu Tibetan Uigur East Timor 2002 \u00a0 Dili Republic Portuguese", "hasKeyColumn": true, "keyColumnIndex": 0, "headerRowIndex": 0}