{"pageTitle": "KryssTal : Countries of the World", "title": "", "url": "http://www.krysstal.com/countries.html", "hasHeader": true, "headerPosition": "FIRST_ROW", "tableType": "RELATION", "tableNum": 6, "s3Link": "", "recordEndOffset": 0, "recordOffset": 0, "tableOrientation": "HORIZONTAL", "lastModified": "", "textBeforeTable": "Islands in the Mediterranean Sea. Islands in the North Atlantic and Arctic Oceans; West of the Caspian Sea; West of the Ural Mountains in the Eurasian continent; 59 countries and territories Europe and the Mediterranean \" /> Support this web site by making a donation google_color_text = \"000000\"; google_color_url = \"008000\"; google_color_link = \"0000FF\"; google_color_bg = \"D3D3D3\"; google_color_border = \"000000\"; google_ad_channel =\"\"; google_ad_type = \"text\"; google_ad_format = \"160x600_as\"; google_ad_height = 600; google_ad_width = 160; google_ad_client = \"pub-3099042624744828\"; Countries of the World A complete table of the 249 countries and territories of the world by continent. [Home Page] [Other Page] [Inventions]", "textAfterTable": "Finland 1917 \u00a0 Helsinki Republic Finnish Swedish France 486 Frankish Kingdom West Frankish Kingdom Paris Republic French Provencial Breton Basque German Georgia c500BC \u00a0 Tbilisi Republic Georgian Germany 1871 Frankish Kingdom East Frankish Kingdom Holy Roman Empire Berlin Federal Republic German Sorbian Danish Gibraltar 1713 \u00a0 Gibraltar Colony (UK) English Spanish Greece c1000BC 1830 \u00a0 Athens Republic Greek Turkish Greenland \u00a0 \u00a0 Nuuk Dependency (Denmark) \u00a0 Guernsey \u00a0 \u00a0 St Peter Port Dependency (UK) \u00a0 Hungary c1000 Austria-Hungary Budapest Republic Hungarian Iceland 930 \u00a0 Reykjavik Republic Icelandic Ireland 1921 \u00a0 Dublin Republic English Gaelic Isle of Man \u00a0 \u00a0 Douglas Dependency (UK) \u00a0 Italy 1861 \u00a0 Rome Republic Italian Sardinian Jan Mayen \u00a0 \u00a0 \u00a0 Colony (Norway) \u00a0 Jersey \u00a0 \u00a0 St Helier Dependency (UK) \u00a0 Kosova 2008 Serbia and Montenegro Yugoslavia Pristina Republic Albanian Serbian Latvia 1920 \u00a0 Riga Republic Latvian Lichtenstein \u00a0 \u00a0 Vaduz Principality German Lithuania 1009 1918 Prussia Vilnius Republic Lithuanian Luxembourg 1815 \u00a0 Luxembourg City Dutchy German Macedonia \u00a0 Yugoslavia Ottoman Empire Skopje Republic Macedonian Malta 1964 \u00a0 Valletta Republic Maltese English Moldova 1991 Moldavia Bessarabia Chisinau Republic", "hasKeyColumn": true, "keyColumnIndex": 0, "headerRowIndex": 0}