{"pageTitle": "ttwff travel the world for free rtw backpacking hitchhiking sea air surface camping trecking.", "title": "", "url": "http://www.poms.co.uk/ttwff/mountain.html", "hasHeader": true, "headerPosition": "FIRST_ROW", "tableType": "RELATION", "tableNum": 1, "s3Link": "", "recordEndOffset": 0, "recordOffset": 0, "tableOrientation": "HORIZONTAL", "lastModified": "", "textBeforeTable": "\u00a0 document.write(''); var uri = 'http://impgb.tradedoubler.com/imp?type(js)g(16321446)a(1032542)' + new String (Math.random()).substring (2, 11); \u00a0", "textAfterTable": "National Express - Lonely Planet Publications - Sherpa Expeditions - OutdoorGear UK", "hasKeyColumn": true, "keyColumnIndex": 0, "headerRowIndex": 0}