{"pageTitle": "World Population", "title": "", "url": "http://www.tungekar.com/worldpopulation.html", "hasHeader": true, "headerPosition": "FIRST_ROW", "tableType": "RELATION", "tableNum": 3, "s3Link": "", "recordEndOffset": 0, "recordOffset": 0, "tableOrientation": "HORIZONTAL", "TableContextTimeStampAfterTable": "{96715=This page was last updated on 9 August, 2005}", "lastModified": "", "textBeforeTable": "World Population (Sent by Siraj Kazi)", "textAfterTable": "This page was last updated on 9 August, 2005", "hasKeyColumn": true, "keyColumnIndex": 1, "headerRowIndex": 0}