{"pageTitle": "Phi Phenomenon -- Top Films According to Fans (#201-300)", "title": "", "url": "http://www.phi-phenomenon.org/amateur/rank3.htm", "hasHeader": true, "headerPosition": "FIRST_ROW", "tableType": "RELATION", "tableNum": 0, "s3Link": "", "recordEndOffset": 0, "recordOffset": 0, "tableOrientation": "HORIZONTAL", "lastModified": "", "textBeforeTable": "Top Film According to Regular Film Fans (#201-300)", "textAfterTable": "This page was last modified on March 29, 2011", "hasKeyColumn": true, "keyColumnIndex": 1, "headerRowIndex": 0}