{"pageTitle": "MeteoNews: Weather for lakes and beaches in Switzerland", "title": "", "url": "http://meteonews.ch/de/Artikel/Lakes/CH/en", "hasHeader": true, "headerPosition": "FIRST_ROW", "tableType": "RELATION", "tableNum": 0, "s3Link": "", "recordEndOffset": 0, "recordOffset": 0, "tableOrientation": "HORIZONTAL", "TableContextTimeStampAfterTable": "{13718=? 2012 MeteoNews AG | Impressum und Quellen | Standort | Rechtliches}", "lastModified": "", "textBeforeTable": "For more information, select a lake from the list: Weather for lakes and beaches in Switzerland mehr Videos auf meteonews.TV Medienmitteilungen Dienstag, 15. Mai 2012, 7 Uhr Erneut kalter Morgen mit gebietsweise Bodenfrost Medienmitteilungen FAQ WetterApps f?r Smartphone Wettertelefon Inselwetter Reisewetter Wetter International S?danfl?ge Z?rich P?sse-Wetter Schweiz Bergwetter Schweiz Schweizer Seen Luftschadstoff-Messungen Schweiz Biowetter Strassenwetter Wintersportwetter Wetterwarnungen Wetter-Messwerte Schweiz Landes?bersicht Wetter Schweiz", "textAfterTable": "water temperature: MeteoNews Previsions water gauge?: www.bwg.admin.ch ? 2012 MeteoNews AG | Impressum und Quellen | Standort | Rechtliches MeteoNews im Web: Andere Produkte: meteonews.tv In anderen L?ndern: Argentina | ?sterreich | Belgique | Schweiz | Colombia | Deutschland | Espa?a | France | Liechtenstein | Nederland | T?rkiye", "hasKeyColumn": true, "keyColumnIndex": 0, "headerRowIndex": 0}