{"pageTitle": "Top 20 Free Attractions in England | DayTripFinder", "title": "", "url": "http://www.daytripfinder.co.uk/blog/top-20-free-attractions-in-england", "hasHeader": true, "headerPosition": "FIRST_ROW", "tableType": "RELATION", "tableNum": 0, "s3Link": "", "recordEndOffset": 0, "recordOffset": 0, "tableOrientation": "HORIZONTAL", "TableContextTimeStampBeforeTable": "{505=Each year Visit England publish their annual attractions report?recording visitor numbers and the top attractions. We\u0092ve taken their list of the top 20 free attractions and put them in the table below with links to their DayTripFinder listings. Free attractions experienced a 6% visitor increase in 2010 from 2009. Just click the table headings to sort.}", "TableContextTimeStampAfterTable": "{27483=? 2011 DayTripFinder}", "lastModified": "", "textBeforeTable": "Each year Visit England publish their annual attractions report?recording visitor numbers and the top attractions. We\u0092ve taken their list of the top 20 free attractions and put them in the table below with links to their DayTripFinder listings. Free attractions experienced a 6% visitor increase in 2010 from 2009. Just click the table headings to sort. DayTripFinder in August 19, 2011 on Dominic By Top 20 Free Attractions in England Subscribe to RSS Contact About Home DayTripFinder blog", "textAfterTable": "About Dominic Dominic is passionate about travel and all things web. He launched DayTripFinder in 2011 and also runs Dot Tourism, a digital marketing agency. View all posts by Dominic ? Subscribe Subscribe to our e-mail newsletter to receive updates. Related Posts: No related posts found ? Uppark House (Sussex): the house that was put back together again Top 20 Paid Attractions in England ? http://www.daytripfinder.co.uk/blog/top-20-paid-attractions-in-england Top 20 Paid Attractions in England | DayTripFinder [...] we published the top 20 free attractions in England \u0096 today it\u0092s the top paid ones. Perhaps mirroring the uncertain economic situation paid [...]", "hasKeyColumn": true, "keyColumnIndex": 0, "headerRowIndex": 0}