{"pageTitle": "mekosh.org \u00bb Movies", "title": "", "url": "http://mekosh.org/media/movies/", "hasHeader": true, "headerPosition": "FIRST_ROW", "tableType": "RELATION", "tableNum": 0, "s3Link": "", "recordEndOffset": 0, "recordOffset": 0, "tableOrientation": "HORIZONTAL", "TableContextTimeStampBeforeTable": "{1084=Copyright 2003-2012 by Stephen Mekosh. Powered by WordPress and caffeine. Entries (RSS) | Comments (RSS)}", "lastModified": "", "textBeforeTable": "Displaying 356 movies I've watched and rated. Movies Photos Media Links Archives About mekosh.org", "textAfterTable": "Copyright 2003-2012 by Stephen Mekosh. Powered by WordPress and caffeine. Entries (RSS) | Comments (RSS)", "hasKeyColumn": true, "keyColumnIndex": 0, "headerRowIndex": 0}