{"pageTitle": "Find Latitude and Longitude", "title": "", "url": "http://www.mapsofworld.com/utilities/world-latitude-longitude.htm", "hasHeader": true, "headerPosition": "FIRST_ROW", "tableType": "RELATION", "tableNum": 4, "s3Link": "", "recordEndOffset": 0, "recordOffset": 0, "tableOrientation": "HORIZONTAL", "lastModified": "", "textBeforeTable": "\u00a0 Countries with their Capitals , Latitude and Longitude \u00a0 distance longitude maps, latitude and longitude longitude map Longitude finding Lookup longitude gps latitude latitude mapfind longitude latitude and //--> finder maps, rail network maps of all countries, etc. are a few of the maps at Mapsofworld.com. maps, country and city maps, road maps of cities, Mapsofworld.com has in store several maps related to a plethora of themes and city/ country locations. USA . This table is thus extremely useful and helpful for users who wish to know about the geographical location of different places on the world map. of a city location is extremely simple with this table. One can just note down the latitudinal and longitudinal degree from the table and try to locate the place on the of a city from this table. and longitudinal degrees of different countries of the world. One can use this table in case one is unsure about the exact longitudinal and latitudinal position of a place. . The table given on this page provides the", "textAfterTable": "Sponsored Links \u00a0 Hotels in USA Christmas Gifts World Atlas\u00a0|\u00a0 World Cities\u00a0|\u00a0 World Travel\u00a0|\u00a0 World Hotels\u00a0|\u00a0 Top Ten Countries\u00a0|\u00a0 World Latitude & Longitude\u00a0|\u00a0 Continents of the World\u00a0|\u00a0 USA States Map\u00a0|\u00a0 United Kingdom Map\u00a0|\u00a0 Australia Map\u00a0|\u00a0 Canada Map\u00a0|\u00a0 India Map\u00a0|\u00a0 Italy Map\u00a0|\u00a0 China Map\u00a0|\u00a0 Custom Maps\u00a0|\u00a0 Free Maps\u00a0|\u00a0 Map Store\u00a0|\u00a0 Referrals\u00a0|\u00a0 International Airports\u00a0|\u00a0 Book Flights\u00a0|\u00a0 About Us\u00a0|\u00a0", "hasKeyColumn": true, "keyColumnIndex": 0, "headerRowIndex": 0}