{"pageTitle": "City Mayors: Largest cities and their mayors in 2011 (a-d)", "title": "", "url": "http://www.citymayors.com/statistics/largest-cities-mayors-ad.html", "hasHeader": true, "headerPosition": "FIRST_ROW", "tableType": "RELATION", "tableNum": 1, "s3Link": "", "recordEndOffset": 0, "recordOffset": 0, "tableOrientation": "HORIZONTAL", "lastModified": "", "textBeforeTable": "The largest cities in the world and their mayors Cities listed in alphabetical order A to D The tables list cities in alphabetical order. They provide city and metro population date. The column \u0091mayor\u0092 names the men and women who are carry out political and executive functions. They include elected and appointed mayors, city governors and executive city council leaders. Capital letters denote national capital cities. The research was carried out in 2010 and 2011. For the population data City Mayors consulted numerous national and international sources and in cases of large statistical inconsistencies elected to publish cautious averages. Readers and scholars are invited to inform of any discrepancies and/or provide missing facts and figures. The data is updated monthly. Please insert \u0091Largest cities 2011\u0092 in the subject line of any email. Introduction TABLES: By size of cities: 1 to 150 | 151 to 300 | 301 to 450 | 451 to 600 | City by city: A to D | E to L | M to R | S to Z | Country by country: A to D | E to L | M to R |", "textAfterTable": "| Previous | Next \u00a9 Copyright: City Mayors & Tann vom Hove. All rights reserved City Mayors accepts nominations for the 2012 World Mayor Prize World Mayor 2012 Nominations sought The City Mayors Foundation now seeks nominations for the 2012 World Mayor Prize. The Prize is awarded every two years to a mayor who has made outstanding contributions to his / her community and has developed a vision for urban living and working that is relevant to towns and cities across the world. Online nominations Time table Nominations will be accepted until the middle of May 2012. A shortlist of candidates will be published in early June 2012. The winner of the 2012 World Mayor Prize and other results of the World Mayor Project will be announced in early December 2012. Online nominations Background The City Mayors Foundation, the international think tank on urban affairs, organises the World Mayor Project and awards the World Mayor Prize. The Prize, which has been given since 2004, honours mayors with the vision, passion and skills to", "hasKeyColumn": true, "keyColumnIndex": 1, "headerRowIndex": 0}