{"pageTitle": "List of Virtual Console games (North America) - Wikipedia, the free encyclopedia", "title": "", "url": "http://en.wikipedia.org/wiki/List_of_Virtual_Console_games_(North_America)", "hasHeader": true, "headerPosition": "FIRST_ROW", "tableType": "RELATION", "tableNum": 3, "s3Link": "", "recordEndOffset": 0, "recordOffset": 0, "tableOrientation": "HORIZONTAL", "TableContextTimeStampAfterTable": "{159036=There are currently 29 titles available from the Neo Geo, which was launched in 1990., 96989=There are currently 72 titles available from the Sega Genesis, which was launched in 1989., 89005=There are currently 15 titles available from the Sega Master System, which was launched in 1986., 3448=There are currently 92 titles available from the Nintendo Entertainment System, which was launched in 1985., 130119=There are currently 63 titles available from the TurboGrafx-16, which was launched in 1989., 78440=There are currently 21 titles available from the Nintendo 64, which was launched in 1996., 173420=There are currently 9 titles available from the Commodore 64, which was launched in 1982., 44842=There are currently 72 titles available from the Super Nintendo Entertainment System, which was launched in 1991.}", "lastModified": "", "textBeforeTable": "There are currently 92 titles available from the Nintendo Entertainment System, which was launched in 1985. [edit] Nintendo Entertainment System The following is a list of the 392 games available on the Virtual Console for the Wii in North America, sorted by system and in the order they were added in the Wii Shop Channel. To sort by other columns, click the corresponding icon in the header row. [edit] Available titles 4 References 3 See also 2 Future releases 1.9 Virtual Console Arcade 1.8 Commodore 64 1.7 Neo Geo 1.6 TurboGrafx-16/TurboGrafx-CD 1.5 Sega Genesis 1.4 Sega Master System 1.3 Nintendo 64 1.2 Super Nintendo Entertainment System 1.1 Nintendo Entertainment System 1 Available titles Contents searchnavigation , Jump to:", "textAfterTable": "Excitebike Nintendo Nintendo 02007-03-19 March 19, 2007 E Teenage Mutant Ninja Turtles Konami Konami 02007-04-02 April 2, 2007 E Galaga Namco Namco Bandai 02007-04-09 April 9, 2007 E Punch-Out!! Featuring Mr. Dream Nintendo Nintendo 02007-04-16 April 16, 2007 E Castlevania Konami Konami 02007-04-30 April 30, 2007 E Mighty Bomb Jack Tecmo Tecmo 02007-05-07 May 7, 2007 E Ninja Gaiden Tecmo Tecmo 02007-05-14 May 14, 2007 E Pac-Man Namco Namco Bandai 02007-05-14 May 14, 2007 E Milon's Secret Castle Hudson Soft Hudson Soft 02007-06-04 June 4, 2007 E Zelda II: The Adventure of Link Nintendo Nintendo 02007-06-04 June 4, 2007 E Lode Runner Douglas Smith", "hasKeyColumn": true, "keyColumnIndex": 0, "headerRowIndex": 0}