{"pageTitle": "Currencies of the World", "title": "", "url": "http://www.worldatlas.com/aatlas/infopage/currency.htm", "hasHeader": true, "headerPosition": "NONE", "tableType": "RELATION", "tableNum": 1, "s3Link": "", "recordEndOffset": 0, "recordOffset": 0, "tableOrientation": "HORIZONTAL", "lastModified": "", "textBeforeTable": "Currencies of the World Use this currency computer to find the relative exchange rate between most any country. Exchange rates are updated constantly here! Currency Converter \u00a0 CURRENCY CONVERTER > World Map", "textAfterTable": "Note: currencies often change value without notice Currency Converter Use this currency computer to find the relative exchange rate between most any country. Exchange rates are updated constantly here! Home \u00a0|\u00a0\u00a0 Africa \u00a0|\u00a0\u00a0 Antarctica \u00a0|\u00a0\u00a0 Arctic \u00a0|\u00a0\u00a0 Asia \u00a0|\u00a0\u00a0 Australia \u00a0|\u00a0\u00a0 Canada \u00a0|\u00a0\u00a0 Caribbean \u00a0|\u00a0\u00a0 Central America \u00a0|\u00a0\u00a0 Europe \u00a0|\u00a0\u00a0 Islands \u00a0 Middle East \u00a0|\u00a0\u00a0 North America \u00a0|\u00a0\u00a0 South America \u00a0|\u00a0\u00a0 USA \u00a0|\u00a0\u00a0 $100 Quiz \u00a0|\u00a0\u00a0 Featured", "hasKeyColumn": true, "keyColumnIndex": 0, "headerRowIndex": 0}