{"pageTitle": "Country", "title": "", "url": "http://www.locuta.com/ecapital.htm", "hasHeader": true, "headerPosition": "FIRST_ROW", "tableType": "RELATION", "tableNum": 0, "s3Link": "", "recordEndOffset": 0, "recordOffset": 0, "tableOrientation": "HORIZONTAL", "TableContextTimeStampBeforeTable": "{1=Azerbaijan}", "lastModified": "", "textBeforeTable": "\u00a0 In some cases in Italian a name of a city Capital is modified from the original spelling. Here we give a list of the World Capitals with the Italian names when necessary. google_ad_format = \"468x60_as\"; google_ad_height = 60; google_ad_width = 468; google_ad_client = \"pub-8071767969942537\";", "textAfterTable": "Back to The Italian Electronic Classroom! Index Back to our homepage Comments, suggestions, requests? We'll be happy to hear from you! E-Mail: italian@locuta.com ? 1996 - 2003 by Centro Studi Italiani TM", "hasKeyColumn": true, "keyColumnIndex": 1, "headerRowIndex": 0}