{"pageTitle": "Africa", "title": "", "url": "http://www.pheeds.com/info/guide/a/af/africa_1.html", "hasHeader": true, "headerPosition": "FIRST_ROW", "tableType": "RELATION", "tableNum": 6, "s3Link": "", "recordEndOffset": 0, "recordOffset": 0, "tableOrientation": "HORIZONTAL", "lastModified": "", "textBeforeTable": "Saint Helena, being closest to Africa, has been included. Unlike the figures in the country articles, the figures in this table are based on areas including inland water bodies (lakes, reservoirs, rivers) and may therefore be lower here.  in inhabitants/km2. List of countries/dependencies by population density Ecology of Africa African Languages Togo Sierra Leone Senegal S?o Tom? and Pr?ncipe Nigeria Niger Mali Liberia Guinea-Bissau Ghana The Gambia Gabon Equatorial Guinea C?te d'Ivoire Cape Verde Cameroon Burkina Faso Benin Western Africa Zimbabwe Zambia South Africa Swaziland R?union Namibia Mozambique", "textAfterTable": "See also Sub-Saharan Africa External link An Irish anarchist in Africa provides a readable and compelling, but biased, introduction to today's western Africa.\\n simple:Africa \u00a0 This article is from Wikipedia. All text is available under the terms of the GNU Free Documentation License. \u00a0 \u00a0 Browse articles alphabetically: 0 | 1 | 2 | 3 | 4 | 5 | 6 | 7 | 8 | 9 | _ | A |", "hasKeyColumn": true, "keyColumnIndex": 0, "headerRowIndex": 0}