{"pageTitle": "VideoBloom VIEW Index? - February 08 | VideoBloom", "title": "", "url": "http://www.videobloom.com/view-index/march-2008", "hasHeader": true, "headerPosition": "FIRST_ROW", "tableType": "RELATION", "tableNum": 0, "s3Link": "", "recordEndOffset": 0, "recordOffset": 0, "tableOrientation": "HORIZONTAL", "TableContextTimeStampAfterTable": "{2442=Key Survey Results - February 08}", "lastModified": "", "textBeforeTable": "Video Uses of Dow Jones Average Companies The 2 Dow Jones Average companies that did not offer any online video on their corporate Web sites in February 2008 were consumer finance company American Express and insurance company AIG. Video formats: 63% use Flash video, 30% use Windows Media Player, 10% use Real Player, 7% use QuickTime (some companies use two formats, this explains why the totals do not add up to 100%). 37% open video in a new browser Web page. 3% have video on autoplay (i.e. video starts as soon as the user lands on the page). 20% offer full-screen video option. 13% offer a full-fledged \"video center\" comparable to a corporate TV channel. 33% use online video in an advanced manner: contextual integration of videos , variety of video players, call-to-action tied to the video. Over two thirds of the 30 Dow Jones Average companies have placed their Web videos deep into their Web sites, 3 clicks or more away from the home page. In February 2008, the VIEW main index for the 30 Dow Jones companies was 13-93-7, which indicates that 13% of the companies had video on their home page, 93% had video on their site, and 7% didn't use any video on their Web site. Key Survey Results - February 08 Who among", "textAfterTable": "This research is offered to you free, and you can use it anywhere you want under the condition that you refer to \"VideoBloom VIEW Index\u0099\" as the source of the information.The \"VideoBloom VIEW Index\u0099\" mention must be easily readable -- a minimum of 12 pixel-font size is preferred; also feel free to link to our Web site. Thanks! For more information about the VideoBloom VIEW Index\u0099 and its methodology, please contact us at view [at] videobloom [dot] com. \u00a0 Home Products Players Customers Idea Center . Search this site:", "hasKeyColumn": true, "keyColumnIndex": 1, "headerRowIndex": 0}