{"pageTitle": "Phi Phenomenon -- Top Films According to Fans (C-F)", "title": "", "url": "http://www.phi-phenomenon.org/amateur/alpha2.htm", "hasHeader": true, "headerPosition": "FIRST_ROW", "tableType": "RELATION", "tableNum": 0, "s3Link": "", "recordEndOffset": 0, "recordOffset": 0, "tableOrientation": "HORIZONTAL", "lastModified": "", "textBeforeTable": "Top Films According to Regular Film Fans (C-F)", "textAfterTable": "This page was last modified on June 29, 2011", "hasKeyColumn": true, "keyColumnIndex": 1, "headerRowIndex": 0}