{"pageTitle": "USA", "title": "", "url": "http://aco.muhlenberg.edu/USA.htm", "hasHeader": false, "headerPosition": "NONE", "tableType": "RELATION", "tableNum": 0, "s3Link": "", "recordEndOffset": 0, "recordOffset": 0, "tableOrientation": "HORIZONTAL", "TableContextTimeStampBeforeTable": "{1=Last Updated: 27 January 2012}", "lastModified": "", "textBeforeTable": "272 Species documented to have collided with sheet glass or plastic United States of America (USA)", "textAfterTable": "\u00a0 Last Updated: 27 January 2012 Country Index \u00a0", "hasKeyColumn": true, "keyColumnIndex": 0, "headerRowIndex": -1}