{"pageTitle": "tiefster See,gr?sster See, See,Seen,Erde,Binnensee, Lexikon", "title": "", "url": "http://www.erdpunkte.de/gr%c3%b6sste-und-tiefste-seen.html", "hasHeader": true, "headerPosition": "FIRST_ROW", "tableType": "RELATION", "tableNum": 2, "s3Link": "", "recordEndOffset": 0, "recordOffset": 0, "tableOrientation": "HORIZONTAL", "TableContextTimeStampAfterTable": "{8761=Die M?glichkeiten, sehen nach der Art ihrer Entstehung zu unterscheiden, sind vielf?ltig. Irgendwann Begriffe wie Gletschersee, Vulkansee, tektonische Seen, Altwasserseen, Thermokarstseen. Die Seen der Erde sind Lebensspender nicht nur f?r den Menschen. Vor allem f?r die Tier und Pflanzenwelt, sind sie Lebensgrundlage oder ein Refugium, dass das ?berleben sichert. Die zunehmende Nutzung von S??wasserseen durch den Menschen ist f?r die Flora und Fauna weltweit ein Problem. Der Mensch hat, vor allem in den letzten Jahrzehnten, Seenlandschaften selbst in entlegenen Gebieten der Erde, f?r sich erreichbar- und nutzbar gemacht. Wassersport, Schwimmen, Wasserski, Tauchsport viele Aktivit?ten mehr finden an den Ufern und in oder auf den Gew?ssern selbst statt. Damit dringt der Mensch in unserer Zeit in jene Gebiete des Globus ein, die Jahrtausende ein R?ckzugsgebiet f?r seltene Tier und Pflanzenarten waren und bedroht deren Lebensraum. Hinzu kommt noch die Ver?nderung der Seen durch den Klimawandel, der sie, bedingt durch eine starke Verdunstung, zunehmende Trockenheit und bisher unbekannte Naturkatastrophen immer weiter schrumpfen l?sst. Von diesen Vorg?ngen besonders betroffen sind einige der gr??ten Seen der Erde, wie das kaspischen Meer, der Aralsee oder der Baikalsee, deren Oberfl?chen allj?hrlich deutlich kleiner werden. Durch diese Verdunstung ?ndert sich die Wasserqualit?t, die Landschaft und letztlich auch die Tier- und Pflanzenwelt im Einzugsbereich der Seen. Das kaspischen Meer mit den Anrainerstaaten Aserbaidschan, Russland, Kasachstan-Turkmenistan und Iran gilt als das gr??te Stillgew?sser der Erde. Der tiefste See der Erde ist der Baikalsee mit 1680 m Tiefe. Russische Forscher massen diese Tiefe bei einem neuerlichen Tauchgang mit einem U-Boot im Jahre 2008. Der am tiefsten gelegene See ist das Tote Meer in Israel/Jordanien. Es iegt 420 m unter dem Meeresspiegel.}", "lastModified": "", "textBeforeTable": "Die gr?ssten Seen der Erde //--> google_ad_height = 60; google_ad_width = 468; google_ad_slot = \"2050616930\"; /* 468x60, Erstellt 05.09.09 */ google_ad_client = \"pub-6282269215293111\";", "textAfterTable": "Die tiefsten Seen der Erde See Tiefe Fl?che Lage Wasserart Baikalsee 1.680 m 31.492 km? Russland S??Wasser Tanganjikasee 1.470 m 32.893 km? Demokratische Republik Kongo, Tansania, Sambia, Burundi S??Wasser Kaspisches Meer 995 m 393.898 km? Russland, Kasachstan Aserbaidschan, Iran, Turkmenistan Salzwasser Malawisee 706 m 23.310 km? Malawi, Tansania, Mosambik S??Wasser Wostoksee 670 m 15.690 km? Antarktis S??Wasser Yssykk?l 668 m 6.236 km? Kirgisistan S??Wasser Gro?er Sklavensee 614 m 28.438 km? Kanada S??Wasser Crater Lake 594 m 53 km? USA S??Wasser Lago General Carrera 590 m 2.200 km? Chile, Argentinien S??Wasser Hornindalsvatnet 514 m 50 km? Norwegen S??Wasser Lake Tahoe 501 m 497 km? USA S??Wasser", "hasKeyColumn": true, "keyColumnIndex": 1, "headerRowIndex": 0}