{"pageTitle": "Untalented | Learn everything there is to know about Untalented at Reference.com", "title": "Conscription by country \u0097 Examples", "url": "http://www.reference.com/browse/untalented", "hasHeader": true, "headerPosition": "FIRST_ROW", "tableType": "RELATION", "tableNum": 0, "s3Link": "", "recordEndOffset": 0, "recordOffset": 0, "tableOrientation": "HORIZONTAL", "TableContextTimeStampBeforeTable": "{20401=The Moroccan Sultan Moulay Ismail \"the Bloodthirsty\" (1672-1727) raised a corps of 150,000 black slaves, called his Black Guard, who coerced the country into submission., 24550=In the middle of the 14th century, Ottoman Sultan Murad I built his own personal slave army called the Kap?kulu. The new force was based on the sultan's right to a fifth of the war booty, which he interpreted to include captives taken in battle. The captive slaves were converted to Islam and trained in the sultan's personal service. In the dev?irme (translated \"blood tax\" or \"child collection\"), young Christian boys from the Balkans were taken away from their homes and families, converted to Islam and enlisted into special soldier classes of the Ottoman army. These soldier classes were named Janissaries, the most famous branch of the Kap?kulu. The Janissaries eventually became a decisive factor in the Ottoman invasions of Europe. Most of the military commanders of the Ottoman forces, imperial administrators and de facto rulers of the Ottoman Empire, such as Pargal? ?brahim Pasha and Sokollu Mehmet Pa?a, were recruited in this way. By 1609 the Sultan's Kap?kulu forces increased to about 100,000. Mahmud II forcibly disbanded Janissary corps in 1826., 22331=Mamluks were slave soldiers who converted to Islam and served the Muslim caliphs and the Ayyubid sultans during the Middle Ages. The first mamluks served the Abbasid caliphs in 9th century Baghdad. Over time they became a powerful military caste, and on more than one occasion they seized power for themselves, for example, ruling Egypt from 1250-1517. From 1250 Egypt had been ruled by the Bahri dynasty of Kipchak origin. Slaves from the Caucasus served in the army and formed an elite corp of troops eventually revolting in Egypt to form the Burgi dynasty. Mamluks were mainly responsible for the expulsion of the Crusaders from Palestine and preventing the Mongol Ilkhanate of Persia and Iraq from entering Egypt., 17809=In Russian Empire, the service time was 25 years at the beginning of the 19th century. In 1834 it was decreased to 20 years. The recruits should have been not younger than 17 and not older than 35. In 1874 universal conscription on the modern pattern was introduced, an innovation only made possible by the abolition of serfdom in 1861. New military law decreed that all male Russian subjects, when they reached the age of 20, were eligible to serve in the military for six years., 17140=Conscription was introduced in the Union Army during the American Civil War. The 1863 Enrollment Act permitted draftees to hire paid substitutes to fight in their place. This, and the bounty system, led to widespread dislike of conscription by the public at large; the New York Draft Riots were one symptom. In addition, draftees were viewed with disdain by volunteer soldiers and their officers. In the end, the draft provided only 6% of the Union Army's manpower. Conscription was not employed again in the U.S. until 1917., 11830=In 1981 in the United States, several men filed lawsuit in the case Rostker v. Goldberg, alleging that the Military Selective Service Act violates the Due Process Clause of the Fifth Amendment by requiring that men only and not also women register with the SSS. The Supreme Court eventually upheld the Act, stating that \"the argument for registering women was based on considerations of equity, but Congress was entitled, in the exercise of its constitutional powers, to focus on the question of military need, rather than 'equity.', 10618=On October 1, 1999 in the Taiwan Area, the Judicial Yuan of the Republic of China in its Interpretation 490 considered that the physical differences between males and females and the derived role differentiation in their respective social functions and lives would not make drafting males only violating the Constitution of the Republic of China. However, transsexual persons are exempt from the Taiwanese conscription., 5187=Toward the end of the U.S. draft, an attempt was made to make the system somewhat fairer by turning it into a lottery, with each of the year's calendar dates randomly assigned a number. Men born on lower numbered dates were called up for review. For the reasons given above, this did not make the system any fairer, and the entire system ended in 1973. Today, American men 18-25 are required to register with the government, but there has not been a callup since the Vietnam Era.}", "TableContextTimeStampAfterTable": "{29444=In Soviet-bloc Hungary, more than half of pre-1989 conscripts received a mere few weeks of rifle training and were swiftly assigned to \"working squadrons,\" which usually hand-built rail tracks \"for free\", and in very poor quality. At the same time, railway tracks in Western Europe were being built to high-quality standards by semi-automatic, rail-rolling factories operated by a professional workforce., 26616=Some groups, such as libertarians, say that the draft constitutes slavery, since it is mandatory work. Under the Thirteenth Amendment to the U.S. Constitution, slavery or other involuntary servitude is not allowed unless it is part of punishment for a crime. They therefore see the draft as unconstitutional (at least in the U.S.) and immoral. In 1918, the Supreme Court ruled that the World War I draft did not violate the United States Constitution. Arver v. United States, ). The Court detailed its conclusion that the limited powers of the federal government included conscription. Its only statement on the Thirteenth Amendment issue reads thus:}", "lastModified": "", "textBeforeTable": "See: Military service Countries with and without mandatory military service Though some conscripts feel that they benefited from their experience in the military, others feel that their time could have been spent more productively pursuing their chosen studies or career paths. Individual resentment may also be compounded by the typically low wages paid to conscripts, especially in countries such as Greece, South Korea, Finland and Singapore. In Israel, the Muslim and Christian Arab minority, as well as many ultra-Orthodox Jews are also exempt from mandatory service. This exemption, however, does not cover Druze Israeli citizens and several Bedouin Muslim villages. Permanent residents such as the Druzes of the Golan Heights are also excused. Exemption does not prevent members of the exempted groups from volunteering although such behavior is marginal. There are those who are immune to the draft. These people include anyone who works for the government (Teachers, police officers, lawmakers, etc), People who work for government", "textAfterTable": "Notes: Unless otherwise noted, information is sourced from Nationmaster.com Arguments against conscription Universal Declaration of Human Rights Many arguments opposed to conscription, or opposed to gender-discriminated conscription, arise from its violation of the principles of the Universal Declaration of Human Rights of the United Nations. In particular: Art.2: Everyone is entitled to all the rights and freedoms set forth in this Declaration, without distinction of any kind, such as (?) sex (?) Art.3: Everyone has the right to life, liberty and security of person. Art.4: No one shall be held in (?) servitude (?) Art.18: Everyone has the right to freedom of thought, conscience and religion; this right includes freedom to change his religion or belief, and freedom, either alone or in community with others and in public or private, to manifest his religion or belief in teaching, practice, worship and observance. Art.20: (?) No one may be compelled to belong to an association. Art.23: Everyone has the right (?) to free choice of employment (?) In addition, many constitutions do provide similar rights in countries where there is or has been some form of conscription after World War", "hasKeyColumn": true, "keyColumnIndex": 0, "headerRowIndex": 0}