{"pageTitle": "L'Atlas du Canada - Lacs", "title": "Nunavut - Superficie et altitude des lacs (lacs de plus de 400 kilom?tres carr?s)", "url": "http://atlas.nrcan.gc.ca/site.english/francais/learningresources/facts/lakes.html", "hasHeader": true, "headerPosition": "MIXED", "tableType": "RELATION", "tableNum": 11, "s3Link": "", "recordEndOffset": 0, "recordOffset": 0, "tableOrientation": "HORIZONTAL", "TableContextTimeStampBeforeTable": "{317=Source : Canada. Environnement Canada. 1973. Direction g\u00e9n\u00e9rale des eaux int\u00e9rieures. Inventaire des lacs d'eau douce du Canada. Ottawa.}", "lastModified": "", "textBeforeTable": "213 439 416 Faber Lake 245 455 452 Colville Lake 297 469 469 Lac des Bois 503 504 504 Trout Lake 359 505 490 Snowbird Lake 364 551 535 Artillery Lake 280 573 573 Tathlina Lake 265 612 612 Buffalo Lake 396 633 577 Lac de Gras 364 678 608 Wholdaia Lake 375 701 594 Point Lake 398 717 593 Selwyn Lake 375 737 596 Clinton-Colden Lake 354 784 698 Nonacho Lake 375 847 809 Aylmer Lake 180 918 840 Hottah Lake 431 1 061 977 MacKay Lake 336 1 341 1 317 Kasba Lake", "textAfterTable": "Date de modification\u00a0: 2009-08-12 Haut de la page Avis importants", "hasKeyColumn": true, "keyColumnIndex": 0, "headerRowIndex": 0}