{"pageTitle": "Flugtickets | An- und Abreise", "title": "", "url": "http://www.overtherainbow.de/-flugtickets/flugtickets--an--und-anreise.php", "hasHeader": true, "headerPosition": "FIRST_ROW", "tableType": "LAYOUT", "tableNum": 6, "s3Link": "", "recordEndOffset": 0, "recordOffset": 0, "tableOrientation": "HORIZONTAL", "TableContextTimeStampBeforeTable": "{6692=Aeromar}", "lastModified": "", "textBeforeTable": "Suchen Sie sich in der Liste Ihre Airline und checken Sie online \u00fcber den angegebenen Link ein. Sie ben\u00f6tigen Ihren Buchungscode (eine 6-stelligen Zahlen- und Buchstabenkombination) oder die Ticketnummer. Beide finden Sie im Anhang Ihrer E-Ticketbest\u00e4tigung von overtherainbow. Online Check-In ab 23 Stunden vor Abflug Seitenanfang g\u00fcnstig buchen - mit Beratung! \u00a0 \u00a0 \u00a0 english \u00a0 deutsch Here you get all the details of your flight. Please click on the button and enter the reservation number/ filekey indicated on your flight voucher and your last name. Hier erhalten Sie alle Details Ihres Fluges. Klicken Sie bitte auf den Button und geben Sie", "textAfterTable": "Seitenanfang Jeder ist f\u00fcr seine Emissionen verantwortlich! Deshalb bietet die Initiative atmosfair jetzt eine M\u00f6glichkeit klimasch\u00e4dliche Emissionen, die beim Fliegen entstehen, freiwillig auszugleichen. Wir sind uns alle bewusst, dass wir in einer Branche arbeiten, die die Umwelt mit einem erh\u00f6hten CO2 - Aussto\u00df belastet. Aus diesem Grund unterst\u00fctzen wir \"atmosfair\", eine gemeinn\u00fctzige GmbH mit Sitz in Bonn. Gro\u00dfe Flugh\u00f6he - gro\u00dfe Klimawirkung Gro\u00dfe Flugh\u00f6he - gro\u00dfe Klimawirkung Emissionsrechner von \"atmosfair\" Sie werden staunen! Neben Fluggesellschaften und Reiseveranstaltern steht auch jeder einzelne Fluggast in der Verantwortung. Diese zu informieren und ihnen eine positiv besetzte Handlungsm\u00f6glichkeit zu bieten, ist die Idee von atmosfair. Passagiere zahlen freiwillig f\u00fcr die von Ihnen verursachten Klimagase. F\u00fcr Menschen, denen die Folgen ihres Fliegens nicht egal sind, gibt es jetzt ein Angebot von atmosfair. Mithilfe eines Emissionsrechners l\u00e4sst sich feststellen, wie viel Klimagase Ihre Reise verursacht. Daf\u00fcr zahlt der atmosfair-Kunde so viel, dass hiermit die gleiche Menge klimasch\u00e4dlicher Gase an anderer Stelle vermieden werden kann. Das Geld wird zum Beispiel in Solar-, Wasserkraft-, Biomasse- oder Energiesparprojekte investiert, um dort eine Menge", "hasKeyColumn": true, "keyColumnIndex": 1, "headerRowIndex": 0}