{"pageTitle": "All 214 Wainwright fells from the pictorial guides - Wainwright Walks", "title": "", "url": "http://wainwright-walks.co.uk/wainwrights.html", "hasHeader": true, "headerPosition": "FIRST_ROW", "tableType": "RELATION", "tableNum": 0, "s3Link": "", "recordEndOffset": 0, "recordOffset": 0, "tableOrientation": "HORIZONTAL", "TableContextTimeStampAfterTable": "{35568=\u00a9 2012 Wainwright Walks}", "lastModified": "", "textBeforeTable": "This is a full list of all 214 fells in descending order along with the pictorial guide they appear in. To download the list, click the link on the right. The Wainwrights | Shop | Walking Gear | Lake District Interactive Map | Walking The Lakeland Fells | His Work | Alfred Wainwright | Home \u00a0 Contact Us | All 214 Wainwright fells from the pictorial guides - Wainwright Walks ?", "textAfterTable": "\u00a0 Finding a Route The Wainwrights Download The List \u00a9 2012 Wainwright Walks", "hasKeyColumn": true, "keyColumnIndex": 0, "headerRowIndex": 0}