{"pageTitle": "Niue report, Appendix 2", "title": "", "url": "http://www.hear.org/Pier/reports/niue_report_2004_appendix_1_table_5.htm", "hasHeader": true, "headerPosition": "FIRST_ROW", "tableType": "RELATION", "tableNum": 0, "s3Link": "", "recordEndOffset": 0, "recordOffset": 0, "tableOrientation": "HORIZONTAL", "TableContextTimeStampAfterTable": "{293461=This page revised 22 April 2006}", "lastModified": "", "textBeforeTable": "Table 5. Species that are invasive elsewhere in similar ecosystems but are not known to be present on Niue Appendix 1. Report on invasive plant species on Niue following Cyclone Heta Pacific Island Ecosystems at Risk (PIER)", "textAfterTable": "Need more info? Have questions? Comments? Information to contribute? Contact PIER! [Return to Niue Report] [ Return to PIER homepage ] This page revised 22 April 2006", "hasKeyColumn": true, "keyColumnIndex": 0, "headerRowIndex": 0}