{"pageTitle": "Visualizing Declining Standards for Retired Uniforms - Beyond the Box Score", "title": "", "url": "http://www.beyondtheboxscore.com/2011/4/7/2096079/retired-uniforms-II", "hasHeader": true, "headerPosition": "FIRST_ROW", "tableType": "RELATION", "tableNum": 0, "s3Link": "", "recordEndOffset": 0, "recordOffset": 0, "tableOrientation": "HORIZONTAL", "TableContextTimeStampBeforeTable": "{3987=By combining the data used in\u00a0last week's post\u00a0on retired uniforms with Rally's Wins Above Replacement (rWAR) values, I produced the chart above. Prior to 1970, it was rare that a team would retire a uniform that belonged to a player who contributed less than 80 rWAR to that particular team. By 1990, teams were regularly honoring players who produced less than 50 rWAR., 3483=In 1999, the 10-year moving average for a player's contribution in a retired jersey bottomed out at 41.1 rWAR. The cumulative mean contribution currently sits at an all time low of 53.9. In 2000, the Devil Rays retired the uniform of Wade Boggs, who produced a whopping 0.4 rWAR while wearing a Tampa Bay uniform., 6458=by J-Doug on Apr 7, 2011 10:00 AM EDT in Visuals Above Replacement}", "TableContextTimeStampAfterTable": "{150340=Copyright \u00a9 2012 Vox Media, Inc. All rights reserved., 72199=by Bill Petti on Apr 7, 2011 10:47 AM EDT reply actions \u00a0, 91903=by CajoleJuice on Apr 7, 2011 5:21 PM EDT reply actions \u00a0, 63977=Jan 2012 from Purple Row - 430 comments, 75908=by Satchel Price on Apr 7, 2011 11:39 AM EDT up reply actions \u00a0, 74118=by Justin Bopp on Apr 7, 2011 11:33 AM EDT up reply actions \u00a0, 64608=Jan 2012 from The Crawfish Boxes - 9 comments, 126822=Belmont Stakes 2012, 87952=by J-Doug on Apr 7, 2011 2:24 PM EDT up reply actions \u00a0, 64284=Jan 2012 from South Side Sox - 100 comments, 89688=by J-Doug on Apr 7, 2011 2:28 PM EDT up reply actions \u00a0, 64890=Jan 2012 from The Crawfish Boxes - 68 comments, 62827=Jan 2012 by Lewie Pollis - 15 comments, 98644=by BigStein on Apr 8, 2011 12:07 PM EDT up reply actions \u00a0, 61693=Feb 2012 by Jacob Peterson - 2 comments, 63212=Dec 2011 by Bill Petti - 21 comments, 62454=Jan 2012 by adarowski - 0 comments, 81246=by Bill Petti on Apr 7, 2011 11:53 AM EDT up reply actions \u00a0, 79606=by J-Doug on Apr 7, 2011 11:52 AM EDT up reply actions \u00a0, 62055=Jan 2012 by Lewie Pollis - 6 comments, 95388=by BigStein on Apr 8, 2011 1:18 AM EDT reply actions \u00a0, 63503=Dec 2011 by Chris St. John - 8 comments, 97126=by J-Doug on Apr 8, 2011 1:48 AM EDT up reply actions \u00a0, 65193=Jan 2012 from Halos Heaven - 29 comments, 77892=by Justin Bopp on Apr 7, 2011 11:50 AM EDT up reply actions \u00a0, 84699=by Bill Petti on Apr 7, 2011 1:15 PM EDT via mobile up reply actions \u00a0, 94026=by Solidarity on Apr 7, 2011 9:35 PM EDT reply actions \u00a0, 83105=by J-Doug on Apr 7, 2011 12:51 PM EDT up reply actions \u00a0, 86302=by garik16 on Apr 7, 2011 2:11 PM EDT reply actions \u00a0}", "lastModified": "", "textBeforeTable": "Peruse below an inclusive table of players whose uniforms have been retired and their team-specific rWAR contributions. Methodological Notes: As I implied, I only counted contributions by players for the team(s) that retired their uniform. Therefore, players like Nolan Ryan are listed multiple times for the various teams that have honored them in this way. The contributions of players such as Babe Ruth and Wade Boggs only include the Yankees and Rays, respectively. \u00a0I do not count the retirement of Jackie Robinson's #42 (beyond, of course, the Dodgers) in the rWAR values and averages, as he did not play for those other teams. For managers whose teams have retired their uniform, I counted them only if they also played for that team, e.g. Billy Martin. Finally, vigilant reader\u00a0Daniel Watkins alerted me to the fact that the Washington Nationals have recently flip-flopped on their decision to omit the\u00a0four retired Expos' uniforms\u00a0from their history. I have updated my original chart accordingly. See the new version below. This second chart uses the same data as the first, but de-emphasizes the long-run trends in favor of individual retirements. Note above the separate retirements of Hank Aaron's jersey as a Brave and as a Brewer. Note also the retirements of\u00a0Willard Hershberger\u00a0and\u00a0Jim Umbricht, two players whose careers (and lives) ended in tragedy.", "textAfterTable": "\u00a0 Retired number list courtesy of\u00a0Wikipedia. rWAR data courtesy of\u00a0Baseball-Reference.com. Poll MLB franchise standards for retiring a player's uniform are: 7% Too high (too high?!) 7 votes 65% Too low 62 votes 26% Just right 25 votes 94 votes | Poll has closed Tweet 16 comments \u00a0|\u00a0 0 recs \u00a0|\u00a0 Do you like this story? More from Beyond the Box Score An Infographic Timeline of 1,500-Strikeout\u00a0Hitters Feb 2012 by Jacob Peterson - 2 comments 2012 Hall of Fame Vote: BBWAA Should End Secret\u00a0Ballots Jan 2012 by Lewie Pollis - 6 comments Hall of Fame Announcement to Come Today: Barry Larkin Likely, but Will he be\u00a0Alone? Jan 2012 by", "hasKeyColumn": true, "keyColumnIndex": 1, "headerRowIndex": 0}