{"pageTitle": "International Country Codes", "title": "", "url": "http://www.cloford.com/resources/codes/index.htm", "hasHeader": true, "headerPosition": "FIRST_ROW", "tableType": "RELATION", "tableNum": 4, "s3Link": "", "recordEndOffset": 0, "recordOffset": 0, "tableOrientation": "HORIZONTAL", "lastModified": "", "textBeforeTable": "Country Codes The following table contains international codes used to identify different countries.\u00a0 A description of each code is given below: FIPS 10-4: American National Standard Codes for the Representation of Names of Countries, Dependencies, and Areas of Special Sovereignty for Information Interchange.\u00a0 FIPS 10-4 codes are two-character alphabetic codes used throughout the US Government, especially in activities associated with the the Department of State and national defense programmes.\u00a0 The codes are maintained by the Office of the Geographer and Global Issues (Department of State) and are published by the National Institute of Standards and Technology (Department of Commerce). They are included in the CIA World Factbook in the Data code entry under 'Government'.\u00a0 ISO 3166: International codes used to represent the names of countries.\u00a0 They are prepared by the International Organization for Standardization. ISO 3166 includes two- and three-character alphabetic codes and three-digit numeric codes that can be used to exchange data between international organizations. Except for the numeric codes, ISO 3166 codes have been adopted in the US as FIPS 104-1.\u00a0 Internet codes:\u00a0 Two character codes used to identify countries on the internet. These codes generally agree with the ISO 3166 two-character alphabetic codes. \u00a0", "textAfterTable": "\u00a0 Additional Codes Continent Region Country Capital FIPS ISO (2) ISO (3) ISO (No) Internet Note Asia East Asia Hong Kong (China) Victoria HK HK HKG 344 HK \u00a0 Asia East Asia Macau (China) Macau MC MO MAC 446 MO \u00a0 Antarctica Antarctica Antarctica \u00a0 AY AQ ATA 010 AQ 9 Atlantic Ocean South Atlantic Ocean Bouvet Island \u00a0 BV BV BVT 074 BV \u00a0 Asia South Asia British Indian Ocean Territory \u00a0 IO IO IOT 086 IO \u00a0 Asia South East Asia East Timor \u00a0 -- TP TMP 626 TP 10 Europe Western Europe France, Metropolitan \u00a0 -- FX FXX 249 FX 11 Indian Ocean Southern Indian Ocean French Southern and Antarctic Lands \u00a0 FS TF ATF 260 -- 12 Indian Ocean Southern Indian Ocean Heard Island and McDonald Islands \u00a0 HM HM HMD 334 HM \u00a0 Europe South East Europe Montenegro \u00a0 MW -- -- \u00a0 -- 5 Atlantic Ocean South Atlantic Ocean Saint Helena \u00a0 SH SH SHN 654 SH \u00a0 Atlantic Ocean South Atlantic Ocean South Georgia and the South Sandwich Islands \u00a0 SX GS SGS 239 GS \u00a0 Oceania North Pacific Ocean United States Minor", "hasKeyColumn": true, "keyColumnIndex": 2, "headerRowIndex": 0}