{"pageTitle": "Informational leaflets", "title": "", "url": "http://www.healthyaudio.com/content/info_page_hospitals", "hasHeader": true, "headerPosition": "FIRST_ROW", "tableType": "RELATION", "tableNum": 0, "s3Link": "", "recordEndOffset": 0, "recordOffset": 0, "tableOrientation": "HORIZONTAL", "TableContextTimeStampAfterTable": "{227025=\u00a92007-2010 Healthy Audio Limited \u0095 Registered in England and Wales No 05952250 Guardian Medical Centre \u0095 Guardian Street \u0095 Warrington \u0095 Cheshire \u0095 WA5 1UD \u0095 United Kingdom Self-Help Clinical Hypnotherapy and Self Hypnosis Audio Programmes available on CD or mp3 Download}", "lastModified": "", "textBeforeTable": "\u00a0 Informational leaflets are available from ourselves in PDF format, or from the hospitals listed below. Informational Leafets. Informational Leafets. Emotional Recovery after Breast Cancer \u00bb Emotional Healing \u00bb Hypnotherapy Programmes \u00bb Home \u00bb \u00bb ? Informational leaflets Checkout \u00a0 Shopping Basket\u00a0\u0095\u00a0 Contact Us \u00a0\u0095\u00a0 Home \u00a0\u0095\u00a0 \u00a0 \u00a0\u0095\u00a0", "textAfterTable": "Healthy Audio About Healthy Audio About Michael Mahoney, Warrington - Healthy Audio One-to-One Hypnotherapy Healthy Audio FAQ 90 Seconds with Michael - Healthy Audio Our Commitment - Healthy Audio En bonne sant? Audio Limit? moi aident des programmes de hypnotherapy Gesundes Audio Beschr?nkt selbst hilft Hypnotherapy-Programmen Sano de Audio Limitado m? ayudan a programas de hipnoterapia Site links Distributors & Agents - Healthy Audio NHS Site Links - Healthy Audio US Physicians & Medical Professionals - Healthy Audio What do we do - Healthy Audio Contact Us About Hypnosis Hypnosis explained The uses of hypnosis Hypnosis: FAQ Modern Hypnosis & Hypnotherapy - Healthy Audio Medical Recognition OPSIM? Hypnotherapy Programmes Self Hypnosis Downloads - Hypnotherapy CDs & MP3s - Healthy Audio Irritable Bowel Syndrome Emotional Healing Relaxation, Stress and Anxiety Treatment Alternative Pain Relief Treatment Work Related, Laid", "hasKeyColumn": true, "keyColumnIndex": 0, "headerRowIndex": 0}