{"pageTitle": "Wainwright Fells - Completed Fells", "title": "", "url": "http://www.thewainwrightfells.co.uk/fells.html", "hasHeader": true, "headerPosition": "FIRST_ROW", "tableType": "RELATION", "tableNum": 1, "s3Link": "", "recordEndOffset": 0, "recordOffset": 0, "tableOrientation": "HORIZONTAL", "lastModified": "", "textBeforeTable": "Completed Fells \u00a0 Contact Me Family Tree | Photograph Album | Walking Diary | Home Page | AC_FL_RunContent( 'codebase','http://download.macromedia.com/pub/shockwave/cabs/flash/swflash.cab#version=9,0,28,0','width','960','height','150','title','The Wainwright Fells','src','/images/flash/logo','quality','high','pluginspage','http://www.adobe.com/shockwave/download/download.cgi?P1_Prod_Version=ShockwaveFlash','movie','/images/flash/logo' ); //end AC code", "textAfterTable": "\u00a0 \u00a0 Contact me | Equipment List | Disclaimer", "hasKeyColumn": true, "keyColumnIndex": 1, "headerRowIndex": 0}