{"pageTitle": "2012 Temkin Ratings ? Temkin Customer Service Ratings", "title": "", "url": "http://www.temkinratings.com/temkin-ratings/temkin-customer-service-ratings/", "hasHeader": true, "headerPosition": "FIRST_ROW", "tableType": "RELATION", "tableNum": 0, "s3Link": "", "recordEndOffset": 0, "recordOffset": 0, "tableOrientation": "HORIZONTAL", "TableContextTimeStampAfterTable": "{38162=Copyright \u00a9 2012 Temkin Group. All rights reserved. Website Design by Metropolis Creative}", "lastModified": "", "textBeforeTable": "2011 Temkin Customer Service Ratings Contact Us About Temkin Web Experience Ratings Temkin Customer Service Ratings Temkin Trust Ratings Temkin Forgiveness Ratings Temkin Loyalty Ratings Temkin Experience Ratings Purchase Data Home", "textAfterTable": "Download Full List Calculating the Temkin Customer Service Ratings The Temkin Customer Service Ratings are based on consumer feedback of their recent interactions with companies. We asked consumers how satisfied they are with their recent customer service experiences on a 7-point scale from (1) very dissatisfied to (7) very satisfied. We take the percentage of consumers that gave a rating of 6 or 7 and subtract the percentage that gave a rating of 1, 2, or 3. This results in a ?net satisfaction? rating for each of the three elements. For more information, see the?Temkin Customer Service Ratings Overview. Temkin Experience Ratings Temkin Loyalty Ratings Temkin Forgiveness Ratings Temkin Trust Ratings Temkin Customer Service Ratings Temkin Web Experience Ratings", "hasKeyColumn": true, "keyColumnIndex": 1, "headerRowIndex": 0}