{"pageTitle": "The Official Swiss Charts and Music Community", "title": "", "url": "http://www.swisscharts.com/games_reviews.asp", "hasHeader": true, "headerPosition": "FIRST_ROW", "tableType": "RELATION", "tableNum": 0, "s3Link": "", "recordEndOffset": 0, "recordOffset": 0, "tableOrientation": "HORIZONTAL", "lastModified": "", "textBeforeTable": "GAMES - REVIEWS 50 letzte Reviews Member Filme Romandie Deutschschweiz MusicStar DSDS Die gr?ssten Schweizer Talente GP der Volksmusik Eurovision Song Contest Berichte Open Airs Konzerte Fans Statistiken Aktuelle Alben Aktuelle Songs 50 letzte Reviews Member Compilations Alben Songs Events Locations Internationale Interpreten ?sterreichische Interpreten Deutsche Interpreten Schweizer Interpreten Radio-Charts Netcharts Swiss DJ Charts Online-Charts itunes B?rsenspiel Statistiken Jahreshitparaden Newsletter Airplay Musik-DVD Compilations Alben Singles Shoutbox Letzte Themen Neues Thema ?bersicht AGB Zahlungsinfos Downloads Warenkorb Reviews Weitere Systeme Xbox 360 PSP Playstation 3 3DS DS Wii PC Kinder- und Jugendb?cher H?rb?cher Sachb?cher Taschenb?cher Belletristik Serien Reviews DVD/Blu Ray Charts Kino-Hitparade Fundgrube Shows Interviews Events", "textAfterTable": "MUSIK Schweizer Hitparade Edelmetall Weitere Charts Music Directory Reviews Events Interviews Shows Fundgrube FILM/TV Kino-Hitparade DVD/Blu Ray Charts Reviews Serien B?CHER Belletristik Taschenb?cher Sachb?cher H?rb?cher Kinder- und Jugendb?cher GAMES PC Wii DS 3DS Playstation 3 PSP Xbox 360 Weitere Systeme Reviews SHOP Warenkorb Downloads Zahlungsinfos AGB FORUM ?bersicht Neues Thema Letzte Themen", "hasKeyColumn": true, "keyColumnIndex": 1, "headerRowIndex": 0}