{"pageTitle": "Economy Characteristics - Doing Business - World Bank Group", "title": "", "url": "http://www.doingbusiness.org/data/exploreeconomies/economycharacteristics", "hasHeader": true, "headerPosition": "MIXED", "tableType": "RELATION", "tableNum": 1, "s3Link": "", "recordEndOffset": 0, "recordOffset": 0, "tableOrientation": "HORIZONTAL", "TableContextTimeStampBeforeTable": "{4453=Gross national income (GNI) per capita Doing Business 2012 reports 2010 income per capita as published in the World Bank?s World Development Indicators 2011. Income is calculated using the Atlas method (current US$). For cost indicators expressed as a percentage of income per capita, 2010 GNI in US$?is used as the denominator.?Data were not available from the World Bank for Afghanistan; Australia; The Bahamas; Bahrain; Brunei Darussalam; Canada; Cyprus; Djibouti; the Islamic Republic of Iran; Kuwait; New Zealand; Oman; Puerto Rico (territory of the United States); Qatar; Saudi Arabia; Suriname; Taiwan, China; the United Arab Emirates; West Bank and Gaza; and the Republic of Yemen. In these cases GDP or GNP per capita data and growth rates from the International Monetary Fund?s World Economic Outlook database and the Economist Intelligence Unit were used., 2954=Population Doing Business 2012 reports midyear 2010 population statistics as published in World Development Indicators 2011.}", "TableContextTimeStampAfterTable": "{59245=? 2012 The World Bank, All Rights Reserved.}", "lastModified": "", "textBeforeTable": "-- 2005.7 -- -- Sub-Saharan Africa -- 1564.6 -- -- South Asia -- 38853.9 -- -- OECD high income -- 14954.5 -- -- Middle East & North Africa -- 6909.2 -- -- Latin America & Caribbean -- 6659 -- -- Eastern Europe & Central Asia -- 7526.9 -- -- East Asia & Pacific Population GNI Income Region Name Regions Additional development data and statistics are available from the World Bank. For main Doing Business indicators by economy, click on the economy name. Population Doing Business 2012 reports midyear 2010 population statistics as published in World Development Indicators 2011. Region and income group Doing Business uses the World Bank regional and income group classifications. The World Bank does not assign regional classifications to high-income economies. For the purpose of the Doing Business report, high-income OECD economies are assigned the ?regional? classifi cation OECD high income. Figures", "textAfterTable": "Home Data Economy Characteristics The World Bank Group IBRD IDA IFC MIGA ICSID ? 2012 The World Bank, All Rights Reserved. Legal Home Contact Us", "hasKeyColumn": true, "keyColumnIndex": 0, "headerRowIndex": 0}