{"pageTitle": "Maine Department of Inland Fisheries and Wildlife - Maine Lake Survey Maps/Somerset County", "title": "", "url": "http://www.state.me.us/ifw/fishing/lakesurvey_maps/somerset/index.htm", "hasHeader": true, "headerPosition": "FIRST_ROW", "tableType": "LAYOUT", "tableNum": 3, "s3Link": "", "recordEndOffset": 0, "recordOffset": 0, "tableOrientation": "HORIZONTAL", "lastModified": "", "textBeforeTable": "Maine Lake Survey Maps - Somerset County Maine Lake Survey Maps - Somerset County Fishing > > Home Wildlife News and Events Licenses and Permits Laws and Rules Hunting and Trapping Grants License InformationRegulations and SeasonsReportsSpecies Information Fishing Employment Education All-Terrain Vehicles, Snowmobiles, and Watercraft Commissioner's OfficeBureaus & Divisions DEPARTMENT INFORMATION Search IFW: Site Map | Home | Contact Us | Online Services", "textAfterTable": "Maine.gov | IFW Home | Site Policies \u00a0 Copyright \u00a9 2010 All rights reserved. \u00a0", "hasKeyColumn": true, "keyColumnIndex": 0, "headerRowIndex": 0}