{"pageTitle": "Top Earning Companies in the World", "title": "", "url": "http://www.incomediary.com/top-earning-companies-in-the-world", "hasHeader": true, "headerPosition": "FIRST_ROW", "tableType": "RELATION", "tableNum": 0, "s3Link": "", "recordEndOffset": 0, "recordOffset": 0, "tableOrientation": "HORIZONTAL", "TableContextTimeStampBeforeTable": "{493=With that in mind, the benefits of having a traditional business over a web business are second to none. When I compare the top earning company and the top earning website, the difference is clear! Wal-Mart are on course to earn $400,000,000,000 this year with profit under $14,000,000,000 compared to Googles $21,000,000,000 in 2008 with a profit of $4,200,000,000 \u0096 making Google more than 5 times more profitable!}", "TableContextTimeStampAfterTable": "{62353=Copyright \u00a9 2009 - 2012 Income Diary. All rights reserved., 15603=Stuart Wooster April 14, 2009 9:22 AM, 34740=Jason April 15, 2009 4:16 PM, 29048=Michael Dunlop April 15, 2009 10:50 AM, 27728=Marcell April 14, 2009 8:43 PM, 31325=Rick Kats April 15, 2009 4:15 AM, 17819=Shane - Inspiring your Success April 14, 2009 10:08 AM, 22827=Haris Nadeem April 14, 2009 12:55 PM, 22111=Dan April 14, 2009 12:51 PM, 20404=Bites85 April 14, 2009 11:12 AM, 24052=Simon | Teenius April 14, 2009 2:17 PM, 26896=Michael Dunlop April 15, 2009 10:52 AM, 33406=Clint Maher April 15, 2009 6:05 AM, 40519=Alberta Tar Sands Boycott: Feel Good Nonsense | Secular News Daily August 31, 2010 6:37 PM, 16342=Michael Dunlop April 14, 2009 9:35 AM, 20961=Danny Cooper April 14, 2009 11:31 AM, 38670=Michael June 19, 2009 8:54 PM, 31919=Hillbilly April 15, 2009 5:07 AM, 21554=Andy April 14, 2009 12:22 PM, 35973=titan April 16, 2009 12:37 PM, 28332=James Cunningham April 14, 2009 8:45 PM, 32790=Michael Dunlop April 15, 2009 10:49 AM, 13033=I'm Michael, I created this site back in 2009 and since then it's received over a million visitors from all around the world. We offer tutorials and inspiration for online entrepreneurs wanting to achieve more., 17037=Daniel_M April 14, 2009 10:04 AM, 11008=To our success in 2009,, 23469=Harshad April 14, 2009 1:23 PM, 37209=Jared O'Toole April 26, 2009 3:42 AM, 29619=Coree April 14, 2009 8:51 PM, 37821=Nick Tart June 5, 2009 5:27 PM, 26250=Daniel_M April 14, 2009 8:40 PM, 19704=Simon | Teenius April 14, 2009 10:46 AM, 39476=Janet July 11, 2009 2:52 AM, 41085=sharad December 31, 2010 9:13 AM, 24766=Michael Dunlop April 14, 2009 2:19 PM, 35403=lawrence77 April 15, 2009 9:27 PM, 36556=JohnKhoo April 21, 2009 2:12 PM, 18533=Scott :: IrnMedia.net April 14, 2009 10:10 AM, 34038=Harish April 15, 2009 6:25 AM, 19139=Farrhad A | The Dollar Diary April 14, 2009 10:34 AM, 25479=Simon | Teenius April 14, 2009 3:01 PM}", "lastModified": "", "textBeforeTable": "Wal-Mart Stores Earn $12,011.64 a Second! With that in mind, the benefits of having a traditional business over a web business are second to none. When I compare the top earning company and the top earning website, the difference is clear! Wal-Mart are on course to earn $400,000,000,000 this year with profit under $14,000,000,000 compared to Googles $21,000,000,000 in 2008 with a profit of $4,200,000,000 \u0096 making Google more than 5 times more profitable! You have no one barking orders at you. The 9 \u0096 5 doesn\u0092t exist, this post was published while I was in bed! Outsource everything Can be automated You don\u0092t need customers Can work from anywhere in the world No physical location No physical products Today I wanted to take a look at the top 30 earning companies in the world. We recently showed you how much the top 30 websites are earning and when you look at the top companies,? Google\u0092s $691.27 a second doesn\u0092t sound much. Don\u0092t let all these high figures miss lead you,? running a website instead of a tradional company can be a lot better in so many ways: print email", "textAfterTable": "To our success in 2009, Michael Dunlop \u00a0 PS. Which would you prefer a top earning website or a top earning company? About Michael Dunlop I'm Michael, I created this site back in 2009 and since then it's received over a million visitors from all around the world. We offer tutorials and inspiration for online entrepreneurs wanting to achieve more. Related Posts", "hasKeyColumn": true, "keyColumnIndex": 1, "headerRowIndex": 0}