{"pageTitle": "Financial Planning-The Dow Jones Industrial", "title": "", "url": "http://www.wife.org/hodge.htm", "hasHeader": true, "headerPosition": "FIRST_ROW", "tableType": "RELATION", "tableNum": 0, "s3Link": "", "recordEndOffset": 0, "recordOffset": 0, "tableOrientation": "HORIZONTAL", "TableContextTimeStampBeforeTable": "{1460=On May 26, 1896, 103 years ago, Dow produced the first index composed entirely of industrials, companies producing products such as sugar, tobacco, leather, coal and electric. At that time the Dow Jones Industrial stocks were new and speculative, not \"blue chip\" stocks as they are considered to be today., 1131=The contemporary Dow Jones Industrial was born October 1, 1928 when the list was expanded from 20 stocks to 30. Today?s Dow still uses 30 stocks to track the market, and there has been remarkably little substitution in the ensuing 71 years., 92=As of 10/01/2008 the 30 stocks in the Dow Jones Industrial Average were:\u00a0, 2425=Way back in 1880 a newspaper reporter named Charles Dow began writing for the New York Mail and Express. Later he and Edward Jones formed the Dow Jones News Company, the predecessor to Wall Street Journal.}", "lastModified": "", "textBeforeTable": "As of 10/01/2008 the 30 stocks in the Dow Jones Industrial Average were:\u00a0 In fact, the day the Dow broke 10,000, on the New York Stock Exchange losing stocks outnumbered winners by a 4 to 3 ratio, and the Standard & Poor?s index of 500 major companies was down for the day. (Though the Standard & Poor?s 500 index generally is considered a more reliable market indicator than the Dow, the Dow is more widely reported.) The Dow Jones Industrial Average has historically been the average used by the masses to gauge how the Stock Market is doing. But the Dow is not always an accurate representation of the market as a whole. The Dow is no longer an average. Today the Dow is divided by a special divisor designed to avoid distortions when companies split their shares or when one stock is substituted for another. The contemporary Dow Jones Industrial was born October 1, 1928 when the list was expanded from 20 stocks to 30. Today?s Dow still uses 30 stocks to track the market, and there has been remarkably little substitution in the ensuing 71 years. On May 26, 1896, 103 years ago, Dow produced the first index composed entirely of industrials, companies producing products such as sugar, tobacco, leather, coal and electric. At that time the Dow Jones Industrial stocks were new and speculative, not \"blue chip\" stocks as they are considered to be today. The first Dow Jones average was made", "textAfterTable": "Remember that investing in stocks can be risky, and the Dow Jones fluctuates widely. You and your advisor must devise strategies to help limit your exposure to dramatic swings or down markets. At WIFE we welcome your comments. Please feel free to contact us. \u00a0 \u00a0 Help support WIFE.org and the Money Club All proceeds support the non-profit Money Club and WIFE web site and projects Free Gifts with Different Membership Levels \u00a0\u00a0\u00a0\u00a0\u00a0 \u00a0\u00a0 \u00a0\u00a0\u00a0 Bahr Investment Group (Carlsbad, CA) Understanding your deepest concerns and needs is critical as you approach this part of your life. Find out how Bahr Investment Group can help you achieve your", "hasKeyColumn": true, "keyColumnIndex": 0, "headerRowIndex": 0}