{"pageTitle": "Europe-Medieval", "title": "", "url": "http://www.tekeli.li/onomastikon/Europe-Medieval/Byzantium.html", "hasHeader": true, "headerPosition": "FIRST_ROW", "tableType": "RELATION", "tableNum": 4, "s3Link": "", "recordEndOffset": 0, "recordOffset": 0, "tableOrientation": "HORIZONTAL", "TableContextTimeStampAfterTable": "{28321=This collection of names was compiled by Kate Monk and is \u00a91997, Kate Monk., 1914=The Iconoclastic controversy led to conflict between the emperors and the papacy and the Greek Orthodox Church broke with Rome in 1054. The Byzantine Empire reached the height of its prosperity under the Macedonian dynasty (867-1056). The Bulgars, who had been a formidable threat, were defeated after a long struggle by Basil II ('the Bulgar-slayer') in 1018 but the Empire declined after his death due problems between internal factions. In 1071-3, the Seljuk Turks conquered most of Anatolia and in 1204, the Fourth Crusade sacked Constantinople and created a new Latin (West European) Empire under Baldwin of Flanders. The Greeks recaptured it in 1261 and restored the Byzantine Empire but it was never as strong and the Turks captured Constantinople in 1453 and founded the Ottoman Empire. The name of the city was later changed to Istanbul., 195=This city on the Bosphorus was founded as a colony by the Greek city of Megara around 660 BC, at an important strategic site at the entrance to the Black Sea. It became part of the Roman empire.}", "lastModified": "", "textBeforeTable": "Byzantine Emperors \u00a0 Veneranda Theognosia Theodosia Theodoracis Theodora Theocharista Syagria Pericleia Pateria Passara Pasara Nonna Nicasia Nereida Megethia Megaris Marozia Macedonia Leocadia Ionnina Ionnia Ionna Hesychia Herena Helena Gundesvinda Georgia Gabrielia Evantia Eusebia Euphrasia Euphemia Eugenia Eudoxia Eudocia Erchantrudis Epiphania Domentzia Didyma Destasia Damiane Cyra Comito Charito Byzantia Bore Bobila Baudegundis Basina Basilina Basilia Athanasia Arabia Appa Anzoy Antipatra Anna Alexandria Aetheria Greek and Biblical - Female \u00a0 \u00a0 Zoilus Ziper Zenobius Zeno Zemarchus Vasacius Varazes Vaanes Tzittas Tzimisas Trasaricus Trasaric Theotimus Theophylactus Theophylact Theophilus Theophilius Theopemptus Theon Theogenius Theodulus Theodorus Theodoricus Theodoretus Theodore Theodoracius Theoctistus Theocharistus Tarchaniotes Symeonius Symeon Syagrius Syagricus Strategius Stilicho Stauracius Speciosus Smaragdus Sittas Simocatta Senuthius Scholasticus Satabus Sarapammon Rogatus Potamius Plutinus Photinus Phoebammon Philoxenus Phillippus Philippicus Philaretus Philagrius Perigenes Pelagius Pastor Paschalis Parthenius Pardus Pantagathus Pancratius Pamphilus Palamas Pachymeres Origen Olympius Olybrius Nichomachus Nicetius Nicetas Nicephorus Nazares Musonius Moschus Michaelius Methodius Menas Melminius Meletius Megistus Megas Maruthus Marthanes Lecapenus Laskaris Isidorus Isaacius Isaaces Irenaeus Iosephus Iosephius Ioseph Iordanes Ionnes Ionnacius Ignatius Iacobus Hydatius Himerius Hermongenes Heraclius Helladius Hannibalianus Gregoras Godilas", "textAfterTable": "Macedonian Dynasty Basil I the Macedonian 867-86 deposed Michael III \u00a0 Leo VI 886-912 son of Basil I \u00a0 Alexander 912-3 brother of Leo VI \u00a0 Constantine VII Porphyrogenitus 913-59 son of Leo VI \u00a0 Romanus I Lecapenus 920-44 \u00a0 \u00a0 Romanus II \u00a0 \u00a0 \u00a0 Nicephorus II Phocas 963-9 \u00a0 \u00a0 John Tzimisces 969-76 \u00a0 \u00a0 Basil II Bulgaroctonus 976-1025 son of Romanus II \u00a0 Constantine VIII 976-1028 son of Romanus II \u00a0 Romanus III 1028-34 Zoe, daughter of Constantine VIII Michael IV the Paphlagonian 1034-41 \u00a0 Zoe, daughter of Constantine VIII Michael V 1041-2 nephew of Michael IV \u00a0 Theodora + Zoe 1042 \u00a0 daughters of Constantine VIII Constantine IX Monomachus 1042-55 \u00a0 Zoe, daughter of Constantine VIII Theodora 1055-6 last Macedonian daughter of Constatine VIII Michael VI the Aged 1056-7abd \u00a0 \u00a0 Comnenus Dynasty Isaac I Comnenus 1057-9 abd \u00a0 \u00a0 Constantine X Ducas 1059-67 \u00a0 Eudocia Macrembolitissa Eudocia 1067-8 wife of Constantine X \u00a0 Romanus IV Diogenes 1068-71 \u00a0 Eudocia Macrembolitissa Michael VII 1071-8 son of Constantine X \u00a0", "hasKeyColumn": true, "keyColumnIndex": 0, "headerRowIndex": 0}