{"pageTitle": "Museum Global Ranking 2009", "title": "", "url": "http://www.kunstpedia.com/museum-global-ranking-2009.html", "hasHeader": true, "headerPosition": "FIRST_ROW", "tableType": "RELATION", "tableNum": 1, "s3Link": "", "recordEndOffset": 0, "recordOffset": 0, "tableOrientation": "HORIZONTAL", "TableContextTimeStampAfterTable": "{278=This table contains the global Museum Website Ranking 2009. More than 680 museum websites have been analysed. Only museums with their own unique domain name are listed or museums with a sub domain with their own unique ranking data. Museums with a sub domain and no unique ranking data are not listed. For example the Harvard Art Museum has a sub domain at www.harvard.edu. The ranking data of the sub domain is identical to that of the Harvard University website, with the consequence that no realistic comparison can be made. Museum Website Ranking - Country Index >>}", "lastModified": "", "textBeforeTable": "This table contains the global Museum Website Ranking 2009. More than 680 museum websites have been analysed. Only museums with their own unique domain name are listed or museums with a sub domain with their own unique ranking data. Museums with a sub domain and no unique ranking data are not listed. For example the Harvard Art Museum has a sub domain at www.harvard.edu. The ranking data of the sub domain is identical to that of the Harvard University website, with the consequence that no realistic comparison can be made. Museum Website Ranking - Country Index >> Category 1, Category 2 5/23/2008 -->", "textAfterTable": "* The scores are determined by comparing ranking data such as those of Google Page Rank, Alexa Ranking and Compete Ranking. Furthermore the number on-line references in the form of incoming links and references in user generated content have been analysed. The end score was determined by the sum of each individual score, given on basis of the position within the different data source which were analysed. JQuery PowerPoint", "hasKeyColumn": true, "keyColumnIndex": 1, "headerRowIndex": 0}