{"pageTitle": "Lake retention time - Wikipedia, the free encyclopedia", "title": "", "url": "http://en.wikipedia.org/wiki/Lake_retention_time", "hasHeader": true, "headerPosition": "FIRST_ROW", "tableType": "RELATION", "tableNum": 2, "s3Link": "", "recordEndOffset": 0, "recordOffset": 0, "tableOrientation": "HORIZONTAL", "lastModified": "", "textBeforeTable": "The residence time listed is taken from the infobox in the associated article. [edit] List of residence times of lake water Field measurements alone are usually not a reliable basis for generating residence times, mainly because they necessarily represent a small subset of locations and conditions. Therefore the measurements are generally used as the input for numerical models. In theory it would be possible to integrate a system of hydrodynamic equations with variable boundary conditions over a very long period sufficient for inflowing water particles to exit the lake. One could then calculate the traveling times of the particles using a Lagrangian method. However, this approach exceeds the detail available in current hydrodynamic models and the capacity of current computer resources. Instead, residence time models developed for gas and fluid dynamics, chemical engineering, and bio-hydrodynamics can be adapted to generate residence times for sub-volumes of lakes.[1] Two approaches can be used (often in combination) to elucidate how a particular lake works: field measurements and mathematical modeling. One common technique for field measurement is to introduce a tracer into the lake and monitor its movement. This can be a solid tracer, such as a float constructed to be neutrally buoyant within a particular water layer, or sometimes a liquid. This approach is sometimes referred to as using a", "textAfterTable": "[edit] References ^ a b c Duwe, Kurt (2003-01-03). \"D24: Realistic Residence Times Studies\". EUROLAKES. http://www.hydromod.de/Eurolakes/results/D24.pdf. Retrieved 2007-12-11.\u00a0 [edit] See also Water cycle: Residence times [edit] External links EPA's Great Lakes Factsheet #1 EPA's Great Lakes Atlas Jody Richardson, Alistair McKerchar. \"Land-locked fish and lake-residence time\". http://www.niwa.co.nz/news-and-publications/publications/all/wa/14-4/native. Retrieved May 2007.\u00a0 - relationship between residence time of lakes of New Zealand and koaro, smelt and common bully populations. Retrieved from \" http://en.wikipedia.org/w/index.php?title=Lake_retention_time&oldid=469270477\" Categories: Aquatic ecology Lakes Hidden categories:", "hasKeyColumn": true, "keyColumnIndex": 0, "headerRowIndex": 0}