{"pageTitle": "v-g Hill Lists Wainwrights by height", "title": "", "url": "http://www.v-g.me.uk/Hill-Lists/Hill-Lists-WNSbyHeight.htm", "hasHeader": true, "headerPosition": "FIRST_ROW", "tableType": "RELATION", "tableNum": 2, "s3Link": "", "recordEndOffset": 0, "recordOffset": 0, "tableOrientation": "HORIZONTAL", "lastModified": "", "textBeforeTable": "Admin Downloads Disclaimer Links Contact Hill Lists Wild Camping Gear & Tech Trips & Photos Home", "textAfterTable": "C Fells 2 1 212 Black Fell 1060 323 NY340016 S Fells 1 - 213 Holme Fell 1040 317 NY315006 S Fells 1 - 214 Castle Crag 978 298 NY249159 NW Fells 1 -", "hasKeyColumn": true, "keyColumnIndex": 1, "headerRowIndex": 0}