World rank,Metro population,City population,Mayor,Country,City
40,"5,855,000","4,950,000",Abdul Aziz ibn 'Ayyaf Al Migrin,Saudi Arabia,RIYADH
54,"4,500,000","3,856,000",Adil Faqeeh,Saudi Arabia,Jeddah
177,"2,500,000","1,700,000",Osama Al-Bar,Saudi Arabia,Mecca
291,"1,300,000","1,300,000",Abdulaziz Bin Majid,Saudi Arabia,Medina
484,"2,051,000","813,000",Dhaifallah al-'Utaybi,Saudi Arabia,Ad-Dammam
485,"2,000,000","812,000",Dhaifallah al-'Utaybi,Saudi Arabia,Dammam
n/r,"784,000","286,000",n/k,Saudi Arabia,Al-Hufuf
325,,"1,200,000",n/k,Senegal,Pikine-Guediawaye
397,"2,253,000","1,031,000",Khalifa Sall,Senegal,DAKAR
395,"1,032,000","1,032,000",Herbert-George Williams,Sierra Leone,FREETOWN
39,,"4,988,000",Lee Hsien Loong,Singapore,SINGAPORE
n/r,"550,000","431,000",Milan Ftácnik,Slovak Republic,BRATISLAVA
218,"2,500,000","1,500,000",Mohamud Ahmed Tarzan,Somalia,MOGADISHU
53,"10,268,000","3,888,000",Amos Masondo,South Africa,Johannesburg
66,"7,280,000","3,497,000",Patricia de Lille,South Africa,Cape Town
209,"2,346,000","1,530,000",Gwen Ramokgopa,South Africa,TSHWANE (PRETORIA)
436,,"923,000",Amos Masondo (Johannesburg),South Africa,Soweto
471,"1,245,000","833,000",Nondumiso Maphasi,South Africa,Port Elizabeth
554,"3,468,000","670,000",Obed Mlama,South Africa,Durban
n/r,"774,000","385,000",n/k,South Africa,Vereeniging
8,"24,472,000","11,153,000",Oh Se-hoon,South Korea,SEOUL
63,"4,292,000","3,600,000",Hur Nam-sik,South Korea,Busan
96,"2,630,000","2,630,000",Song Young-gil,South Korea,Incheon
105,,"2,512,000",Kim Bum-il,South Korea,Daegu
239,,"1,443,000",Yum Hong-chul,South Korea,Daejeon
250,"1,500,000","1,415,000",Kang Un-tae,South Korea,Gwangju
356,,"1,127,000",Bak Maeng-woo,South Korea,Ulsan
375,,"1,087,000",n/k,South Korea,Suwon
378,,"1,073,000",n/k,South Korea,Goyang
379,,"1,073,000",n/k,South Korea,Seongnam
465,"850,000","850,000",n/k,South Korea,Bucheon
n/r,"1,254,000","486,000",n/k,South Korea,Changweon
73,"5,300,000","3,213,000",Alberto Ruiz-Gallardón,Spain,MADRID
182,"3,890,000","1,673,000",Jordi Hereu,Spain,Barcelona
489,"1,720,000","810,000",Rita Barberá Nolla,Spain,Valencia
537,"1,135,000","704,000",lfredo Sánchez Monteseirín,Spain,Sevilla
n/r,"879,000","351,000",Iñzki Azkuna,Spain,Bilbao
561,"2,400,000","650,000",Uvais Mohamed Imitiyas,Sri Lanka,COLOMBO
118,,"2,400,000",Al-Fatih Az-ddin,Sudan,Omdurman
129,"7,500,000","2,208,000",Abdul Rahman Alkheder,Sudan,KHARTOUM
475,"1,252,000","826,000",Sten Nordin,Sweden,STOCKHOLM
n/r,"916,000","506,000",Anneli Hulthén,Sweden,Gothenburg
n/r,"1,340,000","244,000",Ilmar Reepalu,Sweden,Malmo
n/r,"965,000","333,000",Corine Mauch,Switzerland,Zurich
120,"3,000,000","2,360,000",Ma'an Al-Shibli,Syria,Aleppo
183,"4,350,000","1,670,000",Bishr Al Sabban,Syria,DAMASCUS
476,,"823,000",Nadia Kseibi,Syria,Hims
n/r,"1,500,000","325,000",Abdul Razzaq al-Qutainy,Syria,Hama
98,"6,753,000","2,620,000",Hau Lung-pin,Taiwan,TAIPEI
208,"2,960,000","1,530,000",Chen Chu,Taiwan,Kaohsiung
384,"2,700,000","1,065,000",Jason Hu,Taiwan,Taichung
512,"785,000","769,000",Hsu Tain-tsair,Taiwan,Tainan
550,"810,000","680,000",Mahmadsaid Ubaydulloyev,Tajikistan,DUSHANBE
110,"2,700,000","2,498,000",Adam Kimbisa,Tanzania,DAR ES SALAAM
13,"11,970,000","9,100,000",Sukhumbhand Paribatra,Thailand,BANGKOK
327,"3,980,000","1,200,000",Abbès Mohsen,Tunisia,TUNIS
12,"12,600,000","9,560,000",Kadir Topbas,Turkey,Istanbul
57,"4,000,000","3,764,000",Melih Gökçek,Turkey,ANKARA
122,"3,200,000","2,330,000",Aziz Kocaoglu,Turkey,Izmir
253,"3,190,000","1,400,000",Recep Altepe,Turkey,Bursa
340,"1,556,000","1,162,000",Aytaç Durak,Turkey,Adana
434,"1,912,000","927,000",n/k,Turkey,Gaziantep
374,"2,100,000","1,089,000",n/k,UAE,Dubai
451,,"897,000",Khalifa bin Zayed Al Nahyan,UAE,ABU DHABI
247,"1,600,000","1,420,000",Nasser Sebaggala,Uganda,KAMPALA
23,"12,200,000","7,557,000",Boris Johnson,UK,LONDON
401,"2,284,000","1,017,000",Mike Whitby,UK,Birmingham
510,"1,500,000","778,000",Paul Rogerson,UK,Leeds
578,"1,200,000","581,000",n/k,UK,Glasgow
599,"640,000","535,000",Paul Scriven,UK,Sheffield
n/r,"2,240,230","464,000",Mavis Smitheman,UK,Manchester
n/r,"817,000","435,000",n/k,UK,Liverpool
n/r,"800,000","234,000",n/k,UK,Newcastle upon Tyne
84,"3,300,000","2,820,000",Alexander Popov,Ukraine,KIEV
228,"1,674,000","1,461,000",Mykhailo Dobkin,Ukraine,Kharkiv
366,"1,570,000","1,100,000",Oleksandr Lukianchenko,Ukraine,Donetsk
377,"1,200,000","1,080,000",Eduard Gurwits,Ukraine,Odessa
394,"1,480,000","1,040,000",Ivan Ivanovych Kulichenko,Ukraine,Dnipropetrovsk
508,,"782,000",Yevgeni Kartashov,Ukraine,Zaporizhzhya
524,"1,040,000","740,000",Andriy Sadovyi,Ukraine,Lviv
285,"1,723,000","1,326,000",Ana Olivera,Uruguay,MONTEVIDEO
17,"20,090,000","8,364,000",Michael Bloomberg,USA,New York City
55,"12,890,000","3,834,000",Antonio Villaraigosa,USA,Los Angeles
82,"8,770,000","2,853,000",Rahm Emanuel,USA,Chicago
126,"5,728,000","2,242,000",Annise Parker,USA,Houston
199,"4,282,000","1,568,000",Phil Gordon,USA,Phoenix
205,"5,345,000","1,540,000",Michael Nutter,USA,Philadelphia
276,"2,031,000","1,351,000",Julian Castro,USA,San Antonio
302,"6,300,000","1,280,000",Tom Leppert,USA,Dallas
305,"3,001,000","1,280,000",Jerry Sanders,USA,San Diego
409,"1,819,000","1,007,000",Chuck Reed,USA,San Jose
441,"3,903,000","912,000",Dave Bing,USA,Detroit
466,"1,616,000","850,000",Paul D Fraim,USA,Norfolk
491,"3,229,000","809,000",n/k,USA,San Francisco
493,"1,300,000","808,000",John Peyton,USA,Jacksonville
502,"1,715,000","798,000",Gregory A. Ballard,USA,Indianapolis
531,"1,540,000","714,000",Michael B Coleman,USA,Columbus
548,"1,185,000","681,000",Lee Leffingwell,USA,Austin
555,"1,281,000","670,000",AC Wharton,USA,Memphis
556,"2,670,000","667,000",Stephanie C. Rawlings-Blake,USA,Baltimore
565,"1,633,000","626,000",Karl Dean,USA,Nashville
566,"4,033,000","621,000",Thomas Menino,USA,Boston
569,"1,740,000","604,000",Tom Barrett,USA,Milwaukee
571,"5,300,000","600,000",Vincent Gray,USA,WASHINGTON DC
576,"2,746,000","583,000",John W Hickenlooper,USA,Denver
581,"3,584,000","578,000",Mike McGinn,USA,Seattle
585,"1,466,000","559,000",Anthony Foxx,USA,Charlotte
586,"1,866,000","558,000",Oscar B Goodman,USA,Las Vegas
588,"1,276,000","551,000",Mick Cornett,USA,Oklahoma City
596,"2,255,000","542,000",Sam Adams,USA,Portland
597,"720,000","542,000",Bob Walkup,USA,Tucson
598,"3,500,000","538,000",Kasim Reed,USA,Atlanta
n/r,"1,000,000","500,000",Ashley Swearengin,USA,Fresno
n/r,"1,350,000","488,000",Mitch Landrieu,USA,New Orleans
n/r,"2,050,000","480,000",Mark Funkhouser,USA,Kansas City
n/r,,"446,900",Jean Quan,USA,Oakland
n/r,"2,250,000","434,000",Frank G. Jackson,USA,Cleveland
n/r,"1,000,000","419,000",Kevin Johnson,USA,Sacramento
n/r,"813,000","399,000","Dewey F. Bartlett, Jr",USA,Tulsa
n/r,"1,691,000","393,000",Charles Meeker,USA,Raleigh
n/r,"3,503,000","392,000",R T Rybak,USA,Minneapolis
n/r,"5,413,000","386,000",Tomás Regalado,USA,Miami
n/r,"2,155,000","380,000",Mark L. Mallory,USA,Cincinnati
n/r,"2,850,000","372,000",Francis G Slay,USA,St. Louis
n/r,"2,850,000","371,000",Francis G. Slay,USA,Saint Louis
n/r,"894,000","370,000",Peter Carlisle,USA,Honolulu
n/r,"2,700,000","341,000",Pam Iorio,USA,Tampa
n/r,"2,411,000","335,000",Luke Ravenstahl,USA,Pittsburgh
n/r,"1,572,000","296,000",Byron Brown,USA,Buffalo
n/r,"1,040,000","260,000",Jerry Abramson,USA,Louisville
n/r,"710,000","256,000",Bill Knight,USA,Greensboro
n/r,"1,200,000","245,000",William A. Bell,USA,Birmingham
n/r,"2,055,000","231,000",Buddy Dyer,USA,Orlando
n/r,"1,100,000","220,000",n/k,USA,Rochester
n/r,"1,213,000","200,000",Dwight Clinton Jones,USA,Richmond
n/r,"777,000","193,000",George Heartwell,USA,Grand Rapids
n/r,"1,677,000","188,000",Ralph Becker,USA,Salt Lake City
n/r,"848,000","167,000",n/k,USA,Dayton
n/r,"1,058,000","110,000",n/k,USA,MacAllen
n/r,"1,100,000","96,000",Gerald Jennings,USA,Albany
132,"3,400,000","2,180,000",Abdukahar Tuhtayev,Uzbekistan,TASHKENT
87,"3,478,000","2,762,000",Antonio Ledezma,Venezuela,CARACAS
164,"1,868,000","1,799,000",Eveling Trejo,Venezuela,Maracaibo
214,"1,500,000","1,500,000",Amalia Saez,Venezuela,Barquisimeto
328,"1,750,000","1,200,000",Edgardo Parra,Venezuela,Valencia
431,"1,000,000","940,000",José Ramón Lopéz,Venezuela,Ciudad Guayana
n/r,"1,125,000","479,000",Humberto Prieto,Venezuela,Maracay
26,,"7,100,000",Pham Phuong Thao,Vietnam,Ho Chi Minh City
151,"1,885,000","1,885,000",Trinh Quang Su,Vietnam,Haiphong
270,"6,500,000","1,372,000",Nguyen The Thao,Vietnam,HANOI
172,"2,168,000","1,747,000",Abdulrahman al-Akwaa,Yemen,SANAA
335,"1,630,000","1,182,000",Dragan Dillas,Yugoslavia,BELGRADE
363,"3,120,000","1,110,000",Robert Chikwelete,Zambia,LUSAKA
589,"786,000","548,000",n/k,Zambia,Kitwe
194,"2,800,000","1,600,000",Muchadeyi Masunda,Zimbabwe,HARARE
553,"676,000","676,000",Thaba Moyo,Zimbabwe,Bulawayo
