Prize,Winner2,Winner3,Winner1,Year
The Nobel Prize in Physics,,,Wilhelm Conrad R?ntgen,1901
The Nobel Prize in Physics,Pieter Zeeman,,Hendrik A. Lorentz,1902
The Nobel Prize in Physics,Pierre Curie,Marie Curie,Henri Becquerel,1903
The Nobel Prize in Physics,,,Lord Rayleigh,1904
The Nobel Prize in Physics,,,Philipp Lenard,1905
The Nobel Prize in Physics,,,J.J. Thomson,1906
The Nobel Prize in Physics,,,Albert A. Michelson,1907
The Nobel Prize in Physics,,,Gabriel Lippmann,1908
The Nobel Prize in Physics,Ferdinand Braun,,Guglielmo Marconi,1909
The Nobel Prize in Physics,,,Johannes Diderik van der Waals,1910
The Nobel Prize in Physics,,,Wilhelm Wien,1911
The Nobel Prize in Physics,,,Gustaf Dal?n,1912
The Nobel Prize in Physics,,,Heike Kamerlingh Onnes,1913
The Nobel Prize in Physics,,,Max von Laue,1914
The Nobel Prize in Physics,Lawrence Bragg,,William Bragg,1915
The Nobel Prize in Physics,,,,1916
The Nobel Prize in Physics,,,Charles Glover Barkla,1917
The Nobel Prize in Physics,,,Max Planck,1918
The Nobel Prize in Physics,,,Johannes Stark,1919
The Nobel Prize in Physics,,,Charles Edouard Guillaume,1920
The Nobel Prize in Physics,,,Albert Einstein,1921
The Nobel Prize in Physics,,,Niels Bohr,1922
The Nobel Prize in Physics,,,Robert A. Millikan,1923
The Nobel Prize in Physics,,,Manne Siegbahn,1924
The Nobel Prize in Physics,Gustav Hertz,,James Franck,1925
The Nobel Prize in Physics,,,Jean Baptiste Perrin,1926
The Nobel Prize in Physics,C.T.R. Wilson,,Arthur H. Compton,1927
The Nobel Prize in Physics,,,Owen Willans Richardson,1928
The Nobel Prize in Physics,,,Louis de Broglie,1929
The Nobel Prize in Physics,,,Venkata Raman,1930
The Nobel Prize in Physics,,,,1931
The Nobel Prize in Physics,,,Werner Heisenberg,1932
The Nobel Prize in Physics,Paul A.M. Dirac,,Erwin Schr?dinger,1933
The Nobel Prize in Physics,,,,1934
The Nobel Prize in Physics,,,James Chadwick,1935
The Nobel Prize in Physics,Carl D. Anderson,,Victor F. Hess,1936
The Nobel Prize in Physics,George Paget Thomson,,Clinton Davisson,1937
The Nobel Prize in Physics,,,Enrico Fermi,1938
The Nobel Prize in Physics,,,Ernest Lawrence,1939
The Nobel Prize in Physics,,,,1940
The Nobel Prize in Physics,,,,1941
The Nobel Prize in Physics,,,,1942
The Nobel Prize in Physics,,,Otto Stern,1943
The Nobel Prize in Physics,,,Isidor Isaac Rabi,1944
The Nobel Prize in Physics,,,Wolfgang Pauli,1945
The Nobel Prize in Physics,,,Percy W. Bridgman,1946
The Nobel Prize in Physics,,,Edward V. Appleton,1947
The Nobel Prize in Physics,,,Patrick M.S. Blackett,1948
The Nobel Prize in Physics,,,Hideki Yukawa,1949
The Nobel Prize in Physics,,,Cecil Powell,1950
The Nobel Prize in Physics,Ernest T.S. Walton,,John Cockcroft,1951
The Nobel Prize in Physics,E. M. Purcell,,Felix Bloch,1952
The Nobel Prize in Physics,,,Frits Zernike,1953
The Nobel Prize in Physics,Walther Bothe,,Max Born,1954
The Nobel Prize in Physics,Polykarp Kusch,,Willis E. Lamb,1955
The Nobel Prize in Physics,John Bardeen,Walter H. Brattain,William B. Shockley,1956
The Nobel Prize in Physics,Tsung-Dao Lee,,Chen Ning Yang,1957
The Nobel Prize in Physics,Il?ja M. Frank,Igor Y. Tamm,Pavel A. Cherenkov,1958
The Nobel Prize in Physics,Owen Chamberlain,,Emilio Segr?,1959
The Nobel Prize in Physics,,,Donald A. Glaser,1960
The Nobel Prize in Physics,Rudolf M?ssbauer,,Robert Hofstadter,1961
The Nobel Prize in Physics,,,Lev Landau,1962
The Nobel Prize in Physics,Maria Goeppert-Mayer,J. Hans D. Jensen,Eugene Wigner,1963
The Nobel Prize in Physics,Nicolay G. Basov,Aleksandr M. Prokhorov,Charles H. Townes,1964
The Nobel Prize in Physics,Julian Schwinger,Richard P. Feynman,Sin-Itiro Tomonaga,1965
The Nobel Prize in Physics,,,Alfred Kastler,1966
The Nobel Prize in Physics,,,Hans Bethe,1967
The Nobel Prize in Physics,,,Luis Alvarez,1968
The Nobel Prize in Physics,,,Murray Gell-Mann,1969
The Nobel Prize in Physics,Louis N?el,,Hannes Alfv?n,1970
The Nobel Prize in Physics,,,Dennis Gabor,1971
The Nobel Prize in Physics,Leon N. Cooper,Robert Schrieffer,John Bardeen,1972
The Nobel Prize in Physics,Ivar Giaever,Brian D. Josephson,Leo Esaki,1973
The Nobel Prize in Physics,Antony Hewish,,Martin Ryle,1974
The Nobel Prize in Physics,Ben R. Mottelson,James Rainwater,Aage N. Bohr,1975
The Nobel Prize in Physics,Samuel C.C. Ting,,Burton Richter,1976
The Nobel Prize in Physics,Sir Nevill F. Mott,John H. van Vleck,Philip W. Anderson,1977
The Nobel Prize in Physics,Arno Penzias,Robert Woodrow Wilson,Pyotr Kapitsa,1978
The Nobel Prize in Physics,Abdus Salam,Steven Weinberg,Sheldon Glashow,1979
The Nobel Prize in Physics,Val Fitch,,James Cronin,1980
The Nobel Prize in Physics,Arthur L. Schawlow,Kai M. Siegbahn,Nicolaas Bloembergen,1981
The Nobel Prize in Physics,,,Kenneth G. Wilson,1982
The Nobel Prize in Physics,William A. Fowler,,Subramanyan Chandrasekhar,1983
The Nobel Prize in Physics,Simon van der Meer,,Carlo Rubbia,1984
The Nobel Prize in Physics,,,Klaus von Klitzing,1985
The Nobel Prize in Physics,Gerd Binnig,Heinrich Rohrer,Ernst Ruska,1986
The Nobel Prize in Physics,K. Alex M?ller,,J. Georg Bednorz,1987
The Nobel Prize in Physics,Melvin Schwartz,Jack Steinberger,Leon M. Lederman,1988
The Nobel Prize in Physics,Hans G. Dehmelt,Wolfgang Paul,Norman F. Ramsey,1989
The Nobel Prize in Physics,Henry W. Kendall,Richard E. Taylor,Jerome I. Friedman,1990
The Nobel Prize in Physics,,,Pierre-Gilles de Gennes,1991
The Nobel Prize in Physics,,,Georges Charpak,1992
The Nobel Prize in Physics,Joseph H. Taylor Jr.,,Russell A. Hulse,1993
The Nobel Prize in Physics,Clifford G. Shull,,Bertram N. Brockhouse,1994
The Nobel Prize in Physics,Frederick Reines,,Martin L. Perl,1995
The Nobel Prize in Physics,Douglas D. Osheroff,Robert C. Richardson,David M. Lee,1996
The Nobel Prize in Physics,Claude Cohen-Tannoudji,William D. Phillips,Steven Chu,1997
The Nobel Prize in Physics,Horst L. St?rmer,Daniel C. Tsui,Robert B. Laughlin,1998
The Nobel Prize in Physics,Martinus J.G. Veltman,,Gerardus 't Hooft,1999
The Nobel Prize in Physics,Herbert Kroemer,Jack S. Kilby,Zhores I. Alferov,2000
The Nobel Prize in Physics,Wolfgang Ketterle,Carl E. Wieman,Eric A. Cornell,2001
The Nobel Prize in Physics,Masatoshi Koshiba,Riccardo Giacconi,Raymond Davis Jr.,2002
The Nobel Prize in Physics,Vitaly L. Ginzburg,Anthony J. Leggett,Alexei A. Abrikosov,2003
The Nobel Prize in Physics,H. David Politzer,Frank Wilczek,David J. Gross,2004
The Nobel Prize in Physics,John L. Hall,Theodor W. H?nsch,Roy J. Glauber,2005
