Name,See,Baujahr,Kanton,Typ,H?he
Grande Dixence,401.00 Mio m3,1961,Valais/Wallis,PG,285 m
Mauvoisin,211.50 Mio m3,1957,Valais/Wallis,VA,250 m
Luzzone,108.00 Mio m3,1963,Ticino,VA,225 m
Contra,105.00 Mio m3,1965,Ticino,VA,220 m
Emosson,227.00 Mio m3,1974,Valais/Wallis,VA,180 m
Zeuzier,51.00 Mio m3,1957,Valais/Wallis,VA,156 m
Göscheneralp,76.00 Mio m3,1960,Uri,ER,155 m
Curnera,41.10 Mio m3,1966,Graubünden/Grigioni,VA,153 m
Zervreila,100.50 Mio m3,1957,Graubünden/Grigioni,VA,151 m
Moiry,78.00 Mio m3,1958,Valais/Wallis,VA,148 m
Gigerwald,35.60 Mio m3,1976,St. Gallen,VA,147 m
Limmern,93.00 Mio m3,1963,Glarus,VA,146 m
Valle di Lei,197.00 Mio m3,1961,Graubünden/Grigioni,VA,141 m
Punt dal Gall,164.60 Mio m3,1968,Graubünden / Italia,VA,130 m
Sambuco,63.00 Mio m3,1956,Ticino,VA,130 m
Nalps,45.00 Mio m3,1962,Graubünden/Grigioni,VA,127 m
Hongrin Nord,53.20 Mio m3,1969,Vaud,VA,125 m
Gebidem,9.20 Mio m3,1967,Valais/Wallis,VA,122 m
Mattmark,101.00 Mio m3,1967,Valais/Wallis,TE,120 m
Santa Maria,67.30 Mio m3,1968,Graubünden/Grigioni,VA,117 m
Albigna,71.00 Mio m3,1959,Graubünden/Grigioni,PG,115 m
Spitallamm,101.00 Mio m3,1932,Bern,VA,114 m
Cavagnoli,29.00 Mio m3,1968,Ticino,VA,111 m
Schräh,150.00 Mio m3,1924,Schwyz,PG,111 m
Oberaar,61.00 Mio m3,1953,Bern,PG,100 m
Räterichsboden,27.00 Mio m3,1950,Bern,PG,94 m
Malvaglia,4.60 Mio m3,1959,Ticino,VA,92 m
Marmorera (Castiletto),60.00 Mio m3,1954,Graubünden/Grigioni,TE,91 m
Hongrin Sud,53.20 Mio m3,1969,Vaud,VA,90 m
Cleuson,20.00 Mio m3,1950,Valais/Wallis,PG,87 m
Dixence,50.00 Mio m3,1935,Valais/Wallis,CB,87 m
Les Toules,20.15 Mio m3,1963,Valais/Wallis,VA,86 m
Rossens,220.00 Mio m3,1947,Fribourg/Freiburg,VA,83 m
Naret I,31.60 Mio m3,1970,Ticino,VA,80 m
Barberine,40.00 Mio m3,1925,Valais/Wallis,PG,79 m
Mapragg,5.30 Mio m3,1976,St. Gallen,PG,75 m
Châtelot,20.60 Mio m3,1953,Neuchâtel / France,VA,74 m
Z'Mutt,0.85 Mio m3,1964,Valais/Wallis,VA,74 m
Lucendro,25.00 Mio m3,1947,Ticino,CB,73 m
Ova Spin,7.40 Mio m3,1968,Graubünden/Grigioni,VA,73 m
Palagnedra,4.26 Mio m3,1952,Ticino,PG/TE,72 m
Vasasca,0.40 Mio m3,1967,Ticino,VA,69 m
Robiei,6.70 Mio m3,1967,Ticino,PG,68 m
Roggiasca,0.52 Mio m3,1965,Graubünden/Grigioni,VA,68 m
Ferden,1.89 Mio m3,1975,Valais/Wallis,VA,67 m
Bärenburg,1.00 Mio m3,1960,Graubünden/Grigioni,PG,64 m
Solis,4.07 Mio m3,1986,Graubünden/Grigioni,VA,61 m
Gries,18.60 Mio m3,1965,Valais/Wallis,PG,60 m
Sufers,17.50 Mio m3,1962,Graubünden/Grigioni,VA,58 m
Montsalvens,12.60 Mio m3,1920,Fribourg/Freiburg,VA,55 m
Molina,0.81 Mio m3,1951,Graubünden/Grigioni,PG,54 m
Panix,7.30 Mio m3,1989,Graubünden/Grigioni,PG,53 m
Salanfe,40.00 Mio m3,1952,Valais/Wallis,PG,52 m
St-Barthélemy C,0.50 Mio m3,1984,Valais/Wallis,VA,51 m
Illgraben,0.00 Mio m3,1970,Valais/Wallis,PG,50 m
Schiffenen,65.00 Mio m3,1963,Fribourg/Freiburg,VA,47 m
Isola,6.50 Mio m3,1960,Graubünden/Grigioni,VA,45 m
Naret II,31.60 Mio m3,1970,Ticino,PG,45 m
St-Barthélemy B,0.15 Mio m3,1975,Valais/Wallis,VA,45 m
Vieux-Emosson,13.80 Mio m3,1955,Valais/Wallis,VA,45 m
Zervreila A'becken,0.14 Mio m3,1957,Graubünden/Grigioni,ER,44 m
Garichte,3.29 Mio m3,1931,Glarus,PG,42 m
Orden,1.67 Mio m3,1971,Graubünden/Grigioni,VA,42 m
Sanetsch,2.80 Mio m3,1965,Valais/Wallis,PG,42 m
Seeuferegg,101.00 Mio m3,1932,Bern,PG,42 m
Carmena,0.30 Mio m3,1969,Ticino,VA,40 m
Egschi,0.40 Mio m3,1949,Graubünden/Grigioni,PG,40 m
Carassina,0.31 Mio m3,1963,Ticino,VA,39 m
Bannalp,1.70 Mio m3,1937,Nidwalden,TE,37 m
Göschenerreuss,0.10 Mio m3,1949,Uri,PG,36 m
Sella,9.20 Mio m3,1947,Ticino,PG,36 m
Zöt,1.65 Mio m3,1967,Ticino,VA,36 m
Gelmer,14.00 Mio m3,1929,Bern,PG,35 m
Godey,0.93 Mio m3,1974,Valais/Wallis,TE,35 m
Verbois,12.00 Mio m3,1943,Genève,PG,34 m
Châtelard CFF,0.25 Mio m3,1975,Valais/Wallis,TE,33 m
In den Schlagen,96.50 Mio m3,1936,Schwyz,PG,33 m
Lessoc,1.50 Mio m3,1976,Fribourg/Freiburg,CB,33 m
Runcahez,0.48 Mio m3,1961,Graubünden/Grigioni,PG,33 m
Les Clées,0.74 Mio m3,1955,Vaud,PG,32 m
Pfaffensprung,0.15 Mio m3,1921,Uri,VA,32 m
Rempen,0.50 Mio m3,1924,Schwyz,PG,32 m
Turtmann,0.80 Mio m3,1958,Valais/Wallis,VA,32 m
Val d'Ambra,0.40 Mio m3,1965,Ticino,TE,32 m
Bagnes GD,0.30 Mio m3,1957,Valais/Wallis,TE,31 m
Rhodannenberg,56.40 Mio m3,1910,Glarus,TE,30 m
Rossinière,2.90 Mio m3,1972,Vaud,PG,30 m
Tobel,0.10 Mio m3,1989,Uri,VA,30 m
Barcuns,0.12 Mio m3,1947,Graubünden/Grigioni,PG,29 m
Mühleberg,25.00 Mio m3,1920,Bern,PG,29 m
Muslen,0.08 Mio m3,1908,St. Gallen,PG,29 m
Wettingen,3.35 Mio m3,1933,Aargau,PG,29 m
Ferpècle,0.10 Mio m3,1964,Valais/Wallis,VA,28 m
Innerferrera,0.23 Mio m3,1961,Graubünden/Grigioni,PG,28 m
Steinibach,0.02 Mio m3,2000,Luzern,PG,28 m
Mattenalp,2.10 Mio m3,1950,Bern,PG/TE,27 m
Piora,53.90 Mio m3,1920,Ticino,PG,27 m
Lago Bianco Süd,18.60 Mio m3,1912,Graubünden/Grigioni,PG,26 m
Löbbia,0.20 Mio m3,1959,Graubünden/Grigioni,PG,26 m
Illsee,6.60 Mio m3,1923,Valais/Wallis,PG,25 m
Schlattli,0.36 Mio m3,1965,Schwyz,PG,25 m
Tannensee,3.80 Mio m3,1958,Obwalden,TE,25 m
Alp Dado,0.06 Mio m3,1995,Graubünden/Grigioni,TE,24 m
Gübsensee Ost,1.50 Mio m3,1900,St. Gallen,PG,24 m
Maigrauge,0.40 Mio m3,1872,Fribourg/Freiburg,PG,24 m
Darbola,0.11 Mio m3,1958,Graubünden/Grigioni,PG,22 m
Le Pontet,0.07 Mio m3,1970,Vaud,PG,22 m
Rütiweiher,0.20 Mio m3,1836,St. Gallen,TE,22 m
Schlundbach,0.01 Mio m3,2000,Luzern,VA/PG,22 m
Serra,0.20 Mio m3,1952,Valais/Wallis,VA,22 m
Zen Binnen,0.17 Mio m3,1953,Valais/Wallis,VA,22 m
Hospitalet,0.01 Mio m3,1962,Valais/Wallis,PG,21 m
Jougnenaz,0.01 Mio m3,1937,Vaud,PG,21 m
Loré,0.07 Mio m3,1996,Ticino,TE,21 m
Secada,,1982,Ticino,VA,21 m
Airolo,0.37 Mio m3,1968,Ticino,PG/TE,20 m
Bortelsee,3.66 Mio m3,1989,Valais/Wallis,ER,20 m
Burvagn,0.20 Mio m3,1949,Graubünden/Grigioni,PG,20 m
Chapfensee Nord,0.43 Mio m3,1948,St. Gallen,PG,20 m
Isenthal,0.03 Mio m3,1955,Uri,PG,20 m
Les Esserts,0.26 Mio m3,1973,Valais/Wallis,TE,20 m
Othmarhang,0.06 Mio m3,2000,Valais/Wallis,TE,20 m
Plans Mayens,0.13 Mio m3,1971,Valais/Wallis,TE,20 m
Prä,0.00 Mio m3,1961,Graubünden/Grigioni,PG,20 m
Preda,0.27 Mio m3,1961,Graubünden/Grigioni,VA,20 m
Proz-Riond,51.00 Mio m3,1957,Valais/Wallis,TE,20 m
Simmenporte,0.25 Mio m3,1908,Bern,PG,20 m
Sosto,,1963,Ticino,VA,20 m
Totensee,2.60 Mio m3,1950,Valais/Wallis,PG,20 m
Bremgarten-Zufikon,2.20 Mio m3,1975,Aargau,PG,19 m
Buchholz,0.25 Mio m3,1892,St. Gallen,PG,19 m
Les Marécottes,0.05 Mio m3,1925,Valais/Wallis,MV,19 m
Sihl-Höfe,0.08 Mio m3,1961,Schwyz,PG,19 m
Brigels,0.30 Mio m3,1960,Graubünden/Grigioni,TE,18 m
Garichte Nebenmauer,3.29 Mio m3,1931,Glarus,PG,18 m
Käppelistutz,0.06 Mio m3,1945,Nidwalden,PG,18 m
La Fouly,0.02 Mio m3,1972,Valais/Wallis,PG,18 m
Arnensee,10.50 Mio m3,1942,Bern,TE,17 m
Greuel,0.11 Mio m3,1984,Aargau,TE,17 m
Gübsensee West,1.50 Mio m3,1900,St. Gallen,TE,17 m
Hühnermatt,96.50 Mio m3,1937,Schwyz,TE,17 m
Icogne,0.04 Mio m3,1962,Valais/Wallis,TE,17 m
List,0.04 Mio m3,1901,Appenzell A.-Rh.,PG,17 m
Pilgersteg,0.07 Mio m3,1920,Zürich,PG,17 m
Plan-Dessous,0.10 Mio m3,1957,Vaud,PG,17 m
Schöni,0.02 Mio m3,1961,Uri,PG,17 m
Sternenweiher,0.10 Mio m3,1874,Zürich,TE,17 m
Esslingen,0.10 Mio m3,1988,Zürich,TE,16 m
Teufenbachweiher,0.23 Mio m3,1895,Zürich,TE,16 m
Ual da Mulin,0.06 Mio m3,1962,Graubünden/Grigioni,TE,16 m
Arniboden Süd,0.24 Mio m3,1910,Uri,TE,15 m
Croix,0.09 Mio m3,1955,Valais/Wallis,TE,15 m
Giétroz-du-Fond,0.02 Mio m3,1965,Valais/Wallis,PG,15 m
La Luette,0.40 Mio m3,1918,Valais/Wallis,PG,15 m
Lago Bianco Nord,18.60 Mio m3,1912,Graubünden/Grigioni,PG,15 m
Le Chalet,0.10 Mio m3,1894,Vaud,PG,15 m
Safien-Platz,0.24 Mio m3,1957,Graubünden/Grigioni,TE,15 m
Schwänberg,0.08 Mio m3,1916,Appenzell AR / St.Gallen,VA,15 m
Vordersee,0.56 Mio m3,1986,Valais/Wallis,TE,15 m
Waldialp Nord,0.25 Mio m3,1961,Schwyz,TE,15 m
