World rank,Metro population,City population,Mayor,Country,City
1,"18,000,000","15,500,000",Fazlur Rehman,Pakistan,Karachi
2,"19,200,000","14,900,000",Han Zheng,China,Shanghai
3,"21,200,000","13,900,000",Shraddha Jadhav,India,Mumbai (Bombay)
4,"17,550,000","12,460,000",Guo Jinlong,China,BEIJING
5,"16,713,000","12,100,000",Kanwar Sain,India,DELHI
6,"12,924,000","11,655,000",Mauricio Macri,Argentina,BUENOS AIRES
7,"13,503,000","11,550,000",Alfredo S Lim,Philippines,MANILA METRO
8,"24,472,000","11,153,000",Oh Se-hoon,South Korea,SEOUL
9,"19,890,000","11,038,000",Gilberto Kassab,Brazil,Sao Paulo
10,"14,800,000","10,524,000",Sergei Sobyanin,Russia,MOSCOW
11,"24,100,000","10,100,000",Fauzi Bowo,Indonesia,JAKARTA
12,"12,600,000","9,560,000",Kadir Topbas,Turkey,Istanbul
13,"11,970,000","9,100,000",Sukhumbhand Paribatra,Thailand,BANGKOK
14,"21,163,000","8,841,000",Marcelo Ebrard,Mexico,MEXICO CITY
15,"31,036,000","8,653,000",Shintaro Ishihara,Japan,TOKYO
16,"13,450,000","8,430,000",Mohammad Bagher Ghalibaf,Iran,TEHRAN
17,"20,090,000","8,364,000",Michael Bloomberg,USA,New York City
18,"10,100,000","8,200,000",André Kimbuta Yango,Congo D.R.,KINSHASA
19,"12,797,000","7,940,000",Sadeque Hossain Khosa,Bangladesh,DHAKA
20,"9,123,000","7,938,000",n/k,Nigeria,Lagos
21,"15,546,000","7,764,000",Abdul Azim Wazir,Egypt,CAIRO
22,"8,473,000","7,606,000",Susana Villaran,Peru,LIMA
23,"12,200,000","7,557,000",Boris Johnson,UK,LONDON
24,"11,750,000","7,500,000",Huang Xingguo,China,Tianjin
25,"8,361,000","7,320,000",Samuel Moreno Rojas,Colombia,BOGOTA
26,,"7,100,000",Pham Phuong Thao,Vietnam,Ho Chi Minh City
27,,"7,055,000",Donald Tsang,China,Hong Kong
28,"10,182,000","6,458,000",Wan Qingliang,China,Guangzhou
29,"7,650,000","6,446,000",Li Yuquan,China,Dongguan
30,"8,600,000","6,100,000",Mian Amir Mahmood,Pakistan,Lahore
31,"14,387,000","6,093,000",Eduardo Paes,Brazil,Rio de Janeiro
32,"6,500,000","6,050,000",Sabir al-Issawi,Iraq,Baghdad
33,"6,562,000","5,840,000",SK Nataraj,India,Bangalore
34,"6,347,000","5,390,000",Rajendra Desai,India,Surat
35,"6,677,000","5,278,000",Pablo Zalaquett Said,Chile,SANTIAGO
36,"15,420,000","5,100,000",Bikash Ranjan Bhattacharya,India,Kolkata
37,"7,760,000","5,090,000",Li Yingjie,China,Shenyang
38,"9,700,000","5,087,000",Huang Qifan,China,Chongqing
39,,"4,988,000",Lee Hsien Loong,Singapore,SINGAPORE
40,"5,855,000","4,950,000",Abdul Aziz ibn 'Ayyaf Al Migrin,Saudi Arabia,RIYADH
41,"5,500,000","4,799,000",José Maria Ferraz dos Santos,Angola,LUANDA
42,"9,874,000","4,755,000",Zhang Xiaolian,China,Harbin
43,"4,900,000","4,661,000",Valentina Matviyenko,Russia,St Petersburg
44,"7,330,000","4,600,000",M Subramaniam,India,Chennai
45,"6,168,000","4,525,000",Kanaji Thakor,India,Ahmadabad
46,"6,200,000","4,500,000",Ruan Chengfa,China,Wuhan
47,"5.500,000","4,468,000",Aung Thein Lynn,Myanmar (Burma),Yangon
48,,"4,400,000",Clover Moore,Australia,Sydney
49,"11,000,000","4,334,000",Ge Honglin,China,Chengdu
50,"8,616,000","4,320,000",Xy Qin,China,Shenzhen
51,"7,600,000","4,150,000",Ji Jianye,China,Nanjing
52,"4,350,000","4,110,000",Adel Labib,Egypt,Alexandria
53,"10,268,000","3,888,000",Amos Masondo,South Africa,Johannesburg
54,"4,500,000","3,856,000",Adil Faqeeh,Saudi Arabia,Jeddah
55,"12,890,000","3,834,000",Antonio Villaraigosa,USA,Los Angeles
56,"4,000,000","3,800,000",Pierre Djédji Amondji,Ivory Coast,Abidjan
57,"4,000,000","3,764,000",Melih Gökçek,Turkey,ANKARA
58,"3,850,000","3,673,000",Mohammed Sajid,Morocco,Casablanca
59,,"3,655,000",Fumiko Hayashi,Japan,Yokohama
60,"6,290,000","3,637,000",Banda Karthika Reddy,India,Hyderabad
61,,"3,635,000",Robert Doyle,Australia,Melbourne
62,"3,900,000","3,626,000",Ibrahim Shekarau,Nigeria,Kano
63,"4,292,000","3,600,000",Hur Nam-sik,South Korea,Busan
64,"4,000,000","3,586,000",Mohammad Yunus Noandesh,Afghanistan,KABUL
65,"7,460,000","3,581,000",Cui Jie,China,Changchun
66,"7,280,000","3,497,000",Patricia de Lille,South Africa,Cape Town
67,,"3,450,000",Yuan Zhou,China,Guiyang
68,"3,943,000","3,432,000",Klaus Wowereit,Germany,BERLIN
69,"6,776,000","3,408,000",Cai Qi,China,Hangzhou
70,"4,568,000","3,385,000",Kuma Demeksa,Ethiopia,ADDIS ABABA
71,"4,470,000","3,337,000",Mohansingh Rajpal,India,Pune
72,"3,400,000","3,255,000",n/k,North Korea,PYONGYANG
73,"5,300,000","3,213,000",Alberto Ruiz-Gallardón,Spain,MADRID
74,"3,300,000","3,130,000",Geoffrey Majiwa,Kenya,NAIROBI
75,"4,865,000","3,100,000",Ravindra Patani,India,Kanpur
76,"6,800,000","3,100,000",Zhang Zulin,China,Kunming
77,"3,700,000","3,100,000",Bambang D H,Indonesia,Surabaya
78,"5,690,000","3,050,000",Jyoti Khandelwal,India,Jaipur
79,"3,173,000","2,998,000",João Henrique Carneiro,Brazil,Salvador da Bahia
80,"3,813,000","2,989,000",Roberto Salcedo,Dominican Republic,SANTO DOMINGO
81,"3,000,000","2,910,000",Mohammad Pejman,Iran,Mashhad
82,"8,770,000","2,853,000",Rahm Emanuel,USA,Chicago
83,"4,200,000","2,850,000",Liu Huiyan,China,Zibo
84,"3,300,000","2,820,000",Alexander Popov,Ukraine,KIEV
85,,"2,810,000",Dr Shiv Kumar Tamer,India,Durg
86,,"2,787,000",Sun Zhaolin,China,Huludao
87,"3,478,000","2,762,000",Antonio Ledezma,Venezuela,CARACAS
88,"7,580,000","2,755,000",Xia Geng,China,Qingdao
89,"6,140,000","2,744,000",Zhang Jiangfei,China,Changsha
90,"3,555,000","2,732,000",Gianni Alemanno,Italy,ROME
91,"6,630,000","2,710,000",Yuan Rongxiang,China,Fuzhou (Fujian)
92,,"2,680,000",Herbert M Bautis,Philippines,Quezon City
93,"4,480,000","2,670,000",Chen Baogen,China,Xian
94,"3,761,000","2,667,000",Azubuike Nmerukini,Nigeria,Port Harcourt
95,"17,590,000","2,647,000",Kunio Hiramatsu,Japan,Osaka
96,"2,630,000","2,630,000",Song Young-gil,South Korea,Incheon
97,"9,600,000","2,630,000",Ai Wenli,China,Shijiazhuang
98,"6,753,000","2,620,000",Hau Lung-pin,Taiwan,TAIPEI
99,"4,510,000","2,600,000",Zhao Jiancai,China,Zhengzhou
100,"3,858,000","2,580,000",Mohammed Manjur Alam,Bangladesh,Chittagong
101,"5,100,000","2,571,000",Rob Ford,Canada,Toronto
102,"3,000,000","2,550,000",Adebayo Alao-Akala,Nigeria,Ibadan
103,"3,400,000","2,550,000",Zhang Bingsheng,China,Taiyuan
104,"2,801,000","2,525,000",Jorge Ivan Ospina,Colombia,Cali
105,,"2,512,000",Kim Bum-il,South Korea,Daegu
106,"3,829,000","2,510,000",Dada Rosada,Indonesia,Bandung
107,"5,081,000","2,510,000",Rana Zahid Tauseef,Pakistan,Faisalabad
108,"3,415,000","2,506,000",Luizianne Lins,Brazil,Fortaleza
109,,"2,500,000",Xiong Qinghua,China,Baoshan
110,"2,700,000","2,498,000",Adam Kimbisa,Tanzania,DAR ES SALAAM
111,,"2,495,000",n/k,China,Zhongshan
112,,"2,490,000",Liu Cigui,China,Xiamen
113,,"2,471,000",Zhang Tiemin,China,Chaoyang
114,"5,397,000","2,453,000",Marcio Lacerda,Brazil,Belo Horizonte
115,"6,480,000","2,450,000",Huang Fangfang,China,Nanning
116,"3,700,000","2,430,000",Juan Contino Aslán,Cuba,HAVANA
117,,"2,420,000",Archana Dehankar,India,Nagpur
118,,"2,400,000",Al-Fatih Az-ddin,Sudan,Omdurman
119,"6,298,000","2,383,000",Yan Li,China,Suzhou
120,"3,000,000","2,360,000",Ma'an Al-Shibli,Syria,Aleppo
121,"2,686,000","2,342,000",Dinesh Sharma,India,Lucknow
122,"3,796,000","2,330,000",Aziz Kocaoglu,Turkey,Izmir
123,"10,080,000","2,300,000",Lian Chengmin,China,Linyi
124,"3,478,000","2,270,000",Li Wancai,China,Dalian
125,"9,250,000","2,260,000",Takashi Kawamura,Japan,Nagoya
126,"5,728,000","2,242,000",Annise Parker,USA,Houston
127,"2,600,000","2,225,000",n/k,Egypt,Giza
128,"3,312,000","2,223,000",Alonso Salazar Jaramillo,Colombia,Medellin
129,"7,500,000","2,208,000",Abdul Rahman Alkheder,Sudan,KHARTOUM
130,"5,600,000","2,201,000",Mao Guanglie,China,Ningbo
131,"2,686,000","2,196,000",Jaime Nebot,Ecuador,Guayaquil
132,"3,400,000","2,180,000",Abdukahar Tuhtayev,Uzbekistan,TASHKENT
133,"11,769,000","2,113,000",Bertrand Delanoë,France,PARIS
134,"2,090,000","2,089,000",José Roberto Arruda,Brazil,BRASILIA
135,"3,300,000","2,088,000",Zhang Jinliang,China,Lanzhou
136,"3,570,000","2,086,000",Wang Weicheng,China,Changzhou
137,"3,650,000","2,057,000",Fernando Larrazabal,Mexico,Monterrey
138,"2,072,000","2,040,000",Hajibala Abutalybov,Azerbaijan,BAKU
139,"2,200,000","2,020,000",Wong Kwok-keung,China,Kowloon
140,"2,151,000","1,994,000",Sorin Oprescu,Romania,BUCHAREST
141,"2,390,000","1,990,000",Rahudman Harahap,Indonesia,Medan
142,"7,100,000","1,980,000",Zhang Guodong,China,Tangshan
143,"4,523,000","1,953,000",Zhang Xiaopei,China,Jilin
144,"7,300,000","1,950,000",Liu Hongjian,China,Nanchong
145,,"1,931,000",Mamadou Wasco Camara,Guinea,CONAKRY
146,"2,524,000","1,919,000",Omar Maani,Jordan,AMMAN
147,"1,920,000","1,912,000",Krishna Murari Moghe,India,Indore
148,"2,130,000","1,906,000",Fumio Ueda,Japan,Sapporo
149,"2,444,000","1,900,000",Zhang Jianguo,China,Jinan
150,"2,500,000","1,888,000",Blanca Alcala Ruiz,Mexico,Puebla
