Year,Team,rWAR w/tm,#,Player
1937,Cardinals,88.3,,Rogers Hornsby
1939,Yankees,118.4,4,Lou Gehrig
,,,,
Year,Team,rWAR w/tm,#,Player
1940,Reds,2.0,5,Willard Hershberger
1944,Giants,64.4,11,Carl Hubbell
1948,Yankees,149.3,3,Babe Ruth
1949,Giants,109.3,4,Mel Ott
,,,,
Year,Team,rWAR w/tm,#,Player
1952,Yankees,83.6,5,Joe DiMaggio
1956,Pirates,134.5,33,Honus Wagner
1957,Indians,63.3,19,Bob Feller
,,,,
Year,Team,rWAR w/tm,#,Player
1962,Phillies,82.7,36,Robin Roberts
1963,Cardinals,127.8,6,Stan Musial
1965,Braves,89.0,21,Warren Spahn
1965,Astros,3.4,32,Jim Umbricht
1969,Braves,92.7,41,Eddie Mathews
1969,Yankees,120.2,7,Mickey Mantle
,,,,
Year,Team,rWAR w/tm,#,Player
1970,Indians,54.6,5,Lou Boudreau
1972,Giants,153.0,24,Willie Mays
1972,Orioles,35.1,20,Frank Robinson
1972,Pirates,37.1,20,Pie Traynor
1972,Dodgers,48.7,32,Sandy Koufax
1972,Dodgers,36.2,39,Roy Campanella
1972,Dodgers,63.2,42,Jackie Robinson
1972,Yankees,61.9,8,Yogi Berra
1972,Yankees,54.4,8,Bill Dickey
1973,Pirates,83.8,21,Roberto Clemente
1973,Mets,0.5,14,Gil Hodges
1974,Twins,61.4,3,Harmon Killebrew
1974,Yankees,56.8,16,Whitey Ford
1974,Cardinals,38.6,17,Dizzy Dean
,,,,
Year,Team,rWAR w/tm,#,Player
1975,Cardinals,91.8,45,Bob Gibson
1975,Giants,63.5,27,Juan Marichal
1975,Giants,60.6,44,Willie McCovey
1975,Indians,45.1,3,Earl Averill
1975,White Sox,69.3,4,Luke Appling
1975,Astros,29.0,40,Don Wilson
1976,White Sox,42.7,2,Nellie Fox
1976,Brewers,0.4,44,Hank Aaron
1977,Braves,141.6,44,Hank Aaron
1977,Orioles,69.1,5,Brooks Robinson
1978,Dodgers,39.1,19,Jim Gilliam
1979,Phillies,52.3,1,Richie Ashburn
1979,Yankees,43.4,15,Thurman Munson
1979,Cardinals,37.8,20,Lou Brock
,,,,
Year,Team,rWAR w/tm,#,Player
1980,Dodgers,66.5,4,Duke Snider
1980,Tigers,91.0,6,Al Kaline
1982,Pirates,57.5,8,Willie Stargell
1982,Cubs,64.4,14,Ernie Banks
1983,White Sox,42.7,9,Minnie Miñoso
1983,White Sox,62.9,16,Ted Lyons
1983,White Sox,48.0,19,Billy Pierce
1983,Tigers,80.9,2,Charlie Gehringer
1983,Tigers,53.7,5,Hank Greenberg
1984,Braves,86.7,35,Phil Niekro
1984,Giants,55.4,3,Bill Terry
1984,Cardinals,53.5,14,Ken Boyer
1984,Red Sox,26.9,4,Joe Cronin
1984,Red Sox,125.3,9,Ted Williams
1984,Dodgers,66.7,1,Pee Wee Reese
1984,Dodgers,69.8,53,Don Drysdale
1984,Yankees,27.9,9,Roger Maris
1984,Yankees,28.7,32,Elston Howard
1984,Reds,71.3,5,Johnny Bench
1984,White Sox,31.5,11,Luis Aparicio
,,,,
Year,Team,rWAR w/tm,#,Player
1985,Orioles,63.1,22,Jim Palmer
1985,Yankees,41.8,10,Phil Rizzuto
1986,Yankees,7.2,1,Billy Martin
1987,Pirates,42.0,4,Ralph Kiner
1987,Pirates,26.9,9,Bill Mazeroski
1987,Royals,9.8,10,Dick Howser
1987,Twins,62.7,29,Rod Carew
1987,Cubs,55.2,26,Billy Williams
1988,Giants,91.1,,Christy Mathewson
1988,Red Sox,47.7,1,Bobby Doerr
1988,Mets,76.4,41,Tom Seaver
1989,Padres,35.9,6,Steve Garvey
1989,Phillies,66.1,32,Steve Carlton
1989,Red Sox,88.7,8,Carl Yastrzemski
1989,White Sox,23.3,3,Harold Baines
,,,,
Year,Team,rWAR w/tm,#,Player
1990,Athletics,26.8,27,Catfish Hunter
1990,Cardinals,32.8,2,Red Schoendienst
1990,Indians,38.3,18,Mel Harder
1990,Phillies,108.3,20,Mike Schmidt
1991,Twins,42.4,6,Tony Oliva
1991,Angels,16.4,29,Rod Carew
1992,Angels,41.0,30,Nolan Ryan
1992,Brewers,7.7,34,Rollie Fingers
1992,Astros,49.0,25,José Cruz
1992,Astros,21.3,33,Mike Scott
1993,Athletics,11.0,34,Rollie Fingers
1993,Expos,18.3,10,Rusty Staub
1993,Yankees,16.9,44,Reggie Jackson
1994,Braves,45.7,3,Dale Murphy
1994,Royals,85.0,5,George Brett
1994,Brewers,76.9,19,Robin Yount
1994,Indians,41.5,14,Larry Doby
,,,,
Year,Team,rWAR w/tm,#,Player
1995,Royals,26.9,20,Frank White
1995,Twins,35.3,14,Kent Hrbek
1996,Cardinals,58.3,1,Ozzie Smith
1996,Cardinals,48.8,9,Enos Slaughter
1996,Rangers,13.8,34,Nolan Ryan
1996,Astros,22.9,34,Nolan Ryan
1997,Expos,43.6,10,Andre Dawson
1997,Padres,19.6,35,Randy Jones
1997,Twins,44.8,34,Kirby Puckett
1997,Tigers,56.6,16,Hal Newhouser
1997,Yankees,39.8,23,Don Mattingly
1997,White Sox,29.6,72,Carlton Fisk
1998,Reds,61.5,20,Frank Robinson
1998,Reds,61.3,8,Joe Morgan
1998,Orioles,54.8,33,Eddie Murray
1998,Indians,51.0,21,Bob Lemon
1998,Reds,29.7,18,Ted Kluszewski
1998,Angels,44.1,11,Jim Fregosi
1998,Dodgers,48.7,20,Don Sutton
1999,Brewers,60.6,4,Paul Molitor
1999,Giants,28.9,30,Orlando Cepeda
,,,,
Year,Team,rWAR w/tm,#,Player
2000,Tigers,153.8,,Ty Cobb
2000,Rays,0.4,12,Wade Boggs
2000,Reds,43.8,24,Tony Perez
2000,Tigers,25.0,23,Willie Horton
2000,Red Sox,37.7,27,Carlton Fisk
2001,Phillies,54.5,,Grover Cleveland Alexander
2001,Phillies,30.9,,Chuck Klein
2001,Padres,30.4,31,Dave Winfield
2001,Phillies,30.8,14,Jim Bunning
2001,Orioles,89.9,8,"Cal Ripken, Jr."
2002,Astros,34.0,49,Larry Dierker
2002,Padres,68.4,19,Tony Gwynn
2003,Expos,52.6,8,Gary Carter
2003,Yankees,44.4,49,Ron Guidry
2003,Cubs,68.5,10,Ron Santo
2004,Athletics,49.2,9,Reggie Jackson
2004,Expos,46.5,30,Tim Raines
,,,,
Year,Team,rWAR w/tm,#,Player
2005,Astros,44.4,24,Jimmy Wynn
2005,Giants,36.8,36,Gaylord Perry
2005,Athletics,15.8,43,Dennis Eckersley
2005,Cubs,62.1,23,Ryne Sandberg
2006,Cardinals,7.3,42,Bruce Sutter
2007,Pirates,69.4,11,Paul Waner
2007,Reds,33.6,13,Dave Concepción
2007,Astros,79.9,5,Jeff Bagwell
2008,Astros,66.2,7,Craig Biggio
2008,Red Sox,30.6,6,Johnny Pesky
2009,Cubs,31.7,31,Greg Maddux
2009,Cubs,53.7,31,Ferguson Jenkins
2009,Braves,61.7,31,Greg Maddux
2009,Red Sox,41.5,14,Jim Rice
2009,Athletics,75.3,24,Rickey Henderson
2010,Giants,18.1,20,Monte Irvin
2010,Braves,58.9,47,Tom Glavine
,,,,
Year,Team,rWAR w/tm,#,Player
2010,Diamondbacks,25.6,20,Luis Gonzalez
2010,White Sox,70.6,35,Frank Thomas
2011,Twins,44.8,28,Bert Blyleven
