Tameside General Hospital,Ashton-under-Lyne,Breast Care Unit
Stoke Mandeville Hospital,Aylesbury / Bucks,Ward 6X
Horton General Hospital,Banbury,The Breast Unit
Barnet General Hospital,Barnet,Breast Care Unit
North Devon District Hospital,Barnstaple/Devon,c/o Pettre Ward
Clatterbridge Hospital,Bebington,Elm House Breast Unit
Bedford Hospital,Bedford,South Wing
Bishop Auckland General Hospital,Bishop Auckland,Eskham Road Annex
Pilgrim Hospital,Boston,Breast Care Department
Wycombe General Hospital,Bucks,Sunrise Oncology Centre
Burnley General Hospital,Burnley,Pennine House - Level 3
West Suffolk Hospital NHS Trust,Bury St Edmunds,Macmillan Info? & Support Centre
Addenbrookes Hospital,Cambridge,Cambridge Breast Unit
Kent & Canterbury Hospital,Canterbury,Breast Clinic Offices
Cheltenham General Hospital,Cheltenham,Breast Care Department
St Richard's Hospital,Chichester,Breast Care Unit
Essex County Hospital,Colchester,Breast Care Unit
Royal United Hospital (North),Combe Park,Cancer Management Office
Castle Hill Hospital,Cottingham/East Yorkshire,Breast Care Unit
Leighton Hospital,Crewe,Ward 12
Darlington Memorial Hospital,Darlington,SOPD Floor C
Trafford General Hospital,Davyhulme,Breast Care Department
Derby City General Hospital,Derby,Breast Care Unit
Derriford Hospital,Derriford,The Primrose Breast Care Centre
Doncaster Royal Infirmary,Doncaster,Jasmine Centre
Dorset County Hospital,Dorchester,Surgical Out Patients
Royal Bournemouth Hospital,Dorset,Womens Health Unit
Eastbourne District General Hospital,East Sussex,Paget House
Chase Farm Hospital,Enfield,Breast Office The Ridgeway
St Margarets Hospital,Epping,Birchwood House
Epsom General Hospital,Epsom,Macmillan Butterfly Centre
Basildon & Thurrock General Hospital,Essex,Breast Unit
Royal Devon & Exeter Hospital,Exeter,Exeter Breast Clinic - Room H270
Frimley Park Hospital,Frimley,F7/F8 Corridor
Queen Elizabeth Hospital,Gateshead,Breast Care Unit
Medway-Maritime Hospital,Gillingham,Richard Watts Unit
Gloucester Royal Hospital,Gloucester,Breast Administration Office
Royal Hospital,Gosport,Haslar Elizar MacKenzie House
Grantham and District,Grantham,Hospital Breast Care Unit
Diana Princess of Wales Hospital,Grimsby,Breast Care Unit
North Hampshire Hospital,Hampshire,Breast Care & Lymphoedema Office
Harrogate District Hospital,Harrogate,Macmillan Dales Unit
University Hospital of Hartlepool,Hartlepool,
The Princess Royal Hospital,Haywards Heath,Breast Care Unit
Breast Cancer Haven,Hereford,
Queen Elizabeth 11 Hospital,Hertford,Breast Care Unit
King George Hospital ? Redbridge NHS Trust,Ilford / Essex,Out Patients Dept
West Middlesex Univ. Hospital,Isleworth,Out Patients
Queen Elizabeth Hospital,Kings Lynn,Breast Care Unit
Cancer Care,Lancaster,Slynedales
Blackburn Royal Infirmary,Lancs,Ward 4
Bolton Hospital,Lancs,Breast Unit
Leeds General Hospital,Leeds,C Floor ? Brotherton Wing
St James University Hospital,Leeds,Breast Care Clinic
Whipps Cross Hospital,Leytonstone,Room 38 - Elm Lodge
Lincoln County Hospital,Lincoln,Breast Services Unit
Walton Hospital,Liverpool,Aintree Breast Unit
King?s College Hospital,London,King?s Breast Care
Charing Cross Hospital,London,Breast Care Unit
Whittington Hospital,London,Oncology & Palliative Care Dept. Highgate Hill
Guy's Hospital,London,The Hedley Atkins Breast Unit St Thomas Street
Royal Marsden Hospital,London,Ellis Ward
Breast Cancer Haven,London,
Macclesfield Dist. General Hospital,Macclesfield,Macmillan Resource Centre
Sth Manchester Univ. Hospital,Manchester,Withington Hospital
Q.E. The Queen Mother Hospital,Margate,Breast Care Unit
James Cook Univ. Hospital,Middlesbrough,Main Out Patients
Friarage Hospital,Northallerton,Scott Suite Breast Care Unit
Kettering General Hospital,Northants,c/o The Breast Service
Wansbeck General Hospital,Northumberland,Breast Care Unit
Norfolk & Norwich Univ? Hospital,Norwich,West Block Out Patients - Level 3
St Marys Hospital,Paddington / London,Breast Care Unit
Edith Cavell Hospital,Peterborough,Ward 9
Poole Hospital NHS Trust,Poole,Ladybird Unit
Whiston Hospital,Prescott,The Octagon
East Surrey Hospital,Redhill/ East Surrey,
Birch Hill Hospital,Rochdale,Breast Care Nursing Office
Fairfield Hospital,Rochdale,The Popham Centre
Halton Hospital,Runcorn,The Delamere Centre
Salisbury District Hospital,Sailsbury,Breast Care Department
Scarborough General Hospital,Scarborough,Macmillan Unit
Scunthorpe General Hospital,Scunthorpe,Floor C - Out Patients Cliff Gardens
Royal Hallamshire Hospital,Sheffield,G Floor - G39
South Tyneside District Hospital,South Shields,Breast Care Nurses
Royal South Hants Hospital,Southampton,Level C
Southport and Ormskirk Hospital,Southport,c/o Out Patients
St Albans City Hospital,St Albans,Breast Clinic
Conquest Hospital,St Leonards-on-Sea,The Ridge
Airedale General Hospital,Steeton,Breast Care Unit
Lister Hospital L23,Stevenage,Breast Clinic
BUPA North Cheshire Hospital,Stretton,The Ward
Hinchingbrooke Park Hospital,Suffolk,The Woodlands Centre
Sunderland Royal Hospital,Sunderland,Chester Wing Out Patients
Musgrove Park Hospital,Taunton,Breast Care Unit
Mayday Hospital,Thornton Heath,Breast Cancer Offices
Torbay Hospital,Torquay,Breast Care Unit
Hillingdon Hospital,Uxbridge,Out Patients
Clayton Hospital,Wakefield,Breast Care Unit
Warrington General Hospital,Warrington,Kendrick Wing
Watford General Hospital,Watford,The Pink Suite
West Middlesex Hospital,West Middlesex,The Mulberry Centre
Crawley Hospital,West Sussex,Breast Care Unit
Bradford Royal Infirmary,West Yorkshire,Breast Care Unit Ward 12
West General Hospital,Weston-super-Mare,Macmillan & Breast Cancer Office
Bosom Friends (Windsor),Windsor,The Parapet c/o King Edward V11 Hosp
Thomas Linaker Centre,Wigan,Suite 5
William Harvey Hospital,Willesborough,Breast Care Unit
Royal Winchester County Hospital,Winchester,c/o E N T Out Patients
King Edward VII Hospital,Windsor,The Parapet
Worthing Hospital,Worthing,Breast Care Unit
Yeovil District Hospital,Yeovil,Level 4
York District Hospital,York,Breast Care Unit
