0,1,2,3
,,,
2012-01-23,Derek Cianfrance,2010.0,Blue Valentine
2012-01-21,Giorgos Lanthimos,2009.0,Dogtooth
2012-01-20,Peter Chelsom,2001.0,Serendipity
2012-01-19,Tomas Alfredson,2011.0,Tinker Tailor Soldier Spy
2012-01-15,Antonio Negret,2012.0,Transit
2012-01-14,Terrence Malick,2011.0,The Tree of Life
2012-01-12,Daniel Alfredson,2009.0,The Girl Who Played with Fire
2012-01-11,Niels Arden Oplev,2009.0,The Girl with the Dragon Tattoo
2012-01-10,Brad Bird,2011.0,Mission: Impossible - Ghost Protocol
2012-01-08,David Slade,2007.0,30 Days of Night
2012-01-07,James Bobin,2011.0,The Muppets
2012-01-07,Jannicke Systad Jacobsen,2011.0,"Turn Me On, Dammit!"
2012-01-05,Jason Reitman,2011.0,Young Adult
2012-01-03,Mark Romanek,2010.0,Never Let Me Go
2012-01-02,John Michael McDonagh,2011.0,The Guard
2011-12-30,Nick Cassavetes,2004.0,The Notebook
2011-12-28,Michael Lehmann,1988.0,Heathers
2011-12-23,William Friedkin,1971.0,The French Connection
2011-12-17,Nicolas Winding Refn,2011.0,Drive
2011-12-16,Brian Henson,1992.0,The Muppet Christmas Carol
2011-12-11,Will Gluck,2011.0,Friends with Benefits
2011-12-10,Cameron Crowe,2011.0,Pearl Jam Twenty
2011-12-08,Gareth Edwards,2010.0,Monsters
2011-12-06,Tomas Alfredson,2008.0,Let the Right One In
2011-12-04,Lars von Trier,2011.0,Melancholia
2011-11-29,Richard Ayoade,2010.0,Submarine
2011-11-27,James Frawley,1979.0,The Muppet Movie
2011-11-26,Jesse Peretz,2011.0,Our Idiot Brother
2011-11-23,Glenn Ficarra & John Requa,2011.0,"Crazy, Stupid, Love."
2011-11-21,Joe Wright,2011.0,Hanna
2011-11-18,Pedro Almod?var,2011.0,The Skin I Live In
2011-10-27,Bennett Miller,2011.0,Moneyball
2011-10-19,Jonathan Levine,2011.0,50/50
2011-10-18,Michel Gondry,2011.0,The Green Hornet
2011-10-02,Jake Scott,2010.0,Welcome to the Rileys
2011-09-28,Steven Soderbergh,2011.0,Contagion
2011-09-25,Peter Jackson,1994.0,Heavenly Creatures
2011-08-25,"Fatih Akin, Yvan Attal, Randall Balsmeyer, Allen Hughes, Shunji Iwai, Wen Jiang, Shekhar Kapur, Joshua Marston, Mira Nair, Natalie Portman, Brett Ratner",2009.0,"New York, I Love You"
2011-08-19,Jon Favreau,2011.0,Cowboys & Aliens
2011-08-16,Mark Steven Johnson,2003.0,Daredevil
2011-08-11,Woody Allen,2011.0,Midnight in Paris
2011-07-31,Miguel Arteta,2011.0,Cedar Rapids
2011-07-28,Seth Gordon,2011.0,Horrible Bosses
2011-07-24,Rian Johnson,2008.0,The Brothers Bloom
2011-07-15,John Erick Dowdle,2010.0,Devil
2011-07-10,George Nolfi,2011.0,The Adjustment Bureau
2011-07-08,Bobby Farrelly & Peter Farrelly,2011.0,Hall Pass
2011-07-07,J.J. Abrams,2011.0,Super 8
2011-06-26,Martin Campbell,2011.0,Green Lantern
2011-06-18,Jonathan Liebesman,2011.0,Battle Los Angeles
2011-06-17,Tony Scott,2009.0,The Taking of Pelham 123
2011-05-27,Brad Anderson,2004.0,The Machinist
2011-05-26,Paul Feig,2011.0,Bridesmaids
2011-05-14,Ivan Reitman,2011.0,No Strings Attached
2011-05-10,Joe Carnahan,2006.0,Smokin' Aces
2011-04-26,David Frankel,2006.0,The Devil Wears Prada
2011-04-23,Peter Berg,2003.0,The Rundown
2011-04-10,Lee Unkrich,2010.0,Toy Story 3
2011-04-07,Gore Verbinski,2011.0,Rango
2011-03-27,Todd Phillips,2010.0,Due Date
2011-03-13,Sofia Coppola,2010.0,Somewhere
2011-03-10,Tom Hooper,2010.0,The King's Speech
2011-03-09,Dennis Dugan,2011.0,Just Go with It
2011-01-27,David O. Russell,2010.0,The Fighter
2011-01-16,Glenn Ficarra & John Requa,2009.0,I Love You Phillip Morris
2011-01-12,Sylvester Stallone,2010.0,The Expendables
2011-01-07,Jay Duplass & Mark Duplass,2010.0,Cyrus
2011-01-01,Roel Rein?,2010.0,Death Race 2
2010-12-24,Ethan Coen & Joel Coen,2010.0,True Grit
2010-12-24,Steve Pink,2010.0,Hot Tub Time Machine
2010-12-21,Anat Baron,2009.0,Beer Wars
2010-12-19,Darren Aronofsky,2010.0,Black Swan
2010-12-17,Sean Penn,2007.0,Into the Wild
2010-12-12,Adam McKay,2010.0,The Other Guys
2010-12-05,Lisa Cholodenko,2010.0,The Kids Are All Right
2010-12-04,Ben Affleck,2010.0,The Town
2010-11-26,Richard Curtis,2009.0,Pirate Radio
2010-11-15,David Twohy,2000.0,Pitch Black
2010-11-13,Peyton Reed,2008.0,Yes Man
2010-11-12,Tony Scott,2010.0,Unstoppable
2010-11-07,Edgar Wright,2010.0,Scott Pilgrim vs. the World
2010-11-02,Robert Schwentke,2010.0,Red
2010-10-27,Debra Granik,2010.0,Winter's Bone
2010-10-25,Paul Michael Glaser,1987.0,The Running Man
2010-10-20,David Fincher,2010.0,The Social Network
2010-10-14,Nimr?d Antal,2010.0,Predators
2010-10-13,Luc Besson,1997.0,The Fifth Element
2010-10-01,Nicholas Stoller,2010.0,Get Him to the Greek
2010-09-23,Ridley Scott,2010.0,Robin Hood
2010-09-16,Gus Van Sant,1989.0,Drugstore Cowboy
2010-09-04,Adam McKay,2008.0,Step Brothers
2010-08-27,Danny Boyle,2007.0,Sunshine
2010-08-18,Christopher Nolan,2010.0,Inception
2010-08-14,Oren Peli,2007.0,Paranormal Activity
2010-08-06,Tom Ford,2009.0,A Single Man
2010-08-02,Matthew Vaughn,2010.0,Kick-Ass
2010-07-30,Noah Baumbach,2010.0,Greenberg
2010-07-28,Adam Elliot,2009.0,Mary and Max
2010-07-21,Chris Bowman,2007.0,Humble Pie
2010-07-20,Roman Polanski,2010.0,Ghost Writer
2010-07-14,Jean-Pierre Jeunet,2009.0,Micmacs
2010-07-06,Christian Alvart,2009.0,Pandorum
2010-07-02,Laura Gabbert & Justin Schein,2009.0,No Impact Man
2010-06-22,Raymond De Felitta,2009.0,City Island
2010-06-18,Mary Harron,2000.0,American Psycho
2010-06-16,Albert Hughes & Allen Hughes,2010.0,The Book of Eli
2010-06-12,Jim Field Smith,2010.0,She's Out of My League
2010-06-08,Miguel Arteta,2009.0,Youth in Revolt
2010-06-01,John Moore,2008.0,Max Payne
2010-05-29,Brian Helgeland,2001.0,A Knight's Tale
2010-05-25,Martin Scorsese,2010.0,Shutter Island
2010-05-10,Brett Simon,2008.0,Assassination of a High School President
2010-05-08,Jon Favreau,2010.0,Iron Man 2
2010-04-30,Andrea Arnold,2006.0,Red Road
2010-04-05,Alex Proyas,2009.0,Knowing
2010-04-02,Guy Ritchie,2009.0,Sherlock Holmes
2010-03-22,Spike Jonze,2009.0,Where the Wild Things Are
2010-03-21,Lasse Hallstr?m,2006.0,The Hoax
2010-03-13,Lone Scherfig,2009.0,An Education
2010-03-13,Stephen Daldry,2008.0,The Reader
2010-03-07,Wes Anderson,2009.0,Fantastic Mr. Fox
2010-03-05,Frank A. Cappello,2007.0,He Was a Quiet Man
2010-02-19,Steven Soderbergh,2009.0,The Informant!
2010-02-05,Ethan Coen & Joel Coen,2009.0,A Serious Man
2010-01-27,Roland Emmerich,2009.0,2012
2010-01-26,Andrea Arnold,2009.0,Fish Tank
2010-01-23,Quentin Tarantino,2009.0,Inglourious Basterds
2010-01-19,Todd Graff,2009.0,Bandslam
2010-01-11,Woody Allen,2008.0,Vicky Cristina Barcelona
2010-01-09,Terry Gilliam,2009.0,The Imaginarium of Doctor Parnassus
2010-01-09,Nancy Meyers,2009.0,It's Complicated
2010-01-08,Neil Marshall,2005.0,The Descent
2010-01-03,Ricky Gervais & Matthew Robinson,2009.0,The Invention of Lying
2010-01-02,Lars von Trier,2009.0,Antichrist
2010-01-01,Michael Mann,2009.0,Public Enemies
2009-12-26,Jason Reitman,2009.0,Up in the Air
2009-12-25,Ken Kwapis,2009.0,He's Just Not That Into You
2009-12-24,John Lee Hancock,2009.0,The Blind Side
2009-12-22,Rob Cohen,2008.0,The Mummy: Tomb of the Dragon Emperor
2009-12-22,Kathryn Bigelow,2008.0,The Hurt Locker
2009-12-19,James Cameron,2009.0,Avatar
2009-12-18,Jeff Beesley,2009.0,Dolan's Cadillac
2009-12-15,Terry Zwigoff,2003.0,Bad Santa
2009-12-13,Jess Manafort,2007.0,Remember the Daze
2009-12-12,Judd Apatow,2009.0,Funny People
2009-12-11,Ed Harris,2008.0,Appaloosa
2009-12-06,Duncan Jones,2009.0,Moon
2009-12-04,M. Night Shyamalan,2008.0,The Happening
2009-11-29,McG,2009.0,Terminator Salvation
2009-11-26,Nora Ephron,2009.0,Julie & Julia
2009-11-21,Byron Howard & Chris Williams,2008.0,Bolt
2009-11-16,Nicholas Jasenovec,2009.0,Paper Heart
2009-11-11,Kevin Macdonald,2009.0,State of Play
2009-10-31,Sam Raimi,2009.0,Drag Me to Hell
2009-10-21,Ruben Fleischer,2009.0,Zombieland
2009-10-20,J.J. Abrams,2009.0,Star Trek
2009-10-19,Wes Anderson,2006.0,Bottle Rocket
2009-10-06,Anne Fletcher,2009.0,The Proposal
2009-09-23,Edward Zwick,2008.0,Defiance
2009-09-19,Sam Mendes,2009.0,Away We Go
2009-09-04,Christine Jeffs,2009.0,Sunshine Cleaning
2009-09-02,Neill Blomkamp,2009.0,District 9
2009-08-31,Greg Mottola,2009.0,Adventureland
2009-08-23,James Foley,1992.0,Glengarry Glen Ross
2009-08-20,Paul W.S. Anderson,2008.0,Death Race
2009-08-07,Bobby Farrelly & Peter Farrelly,2007.0,The Heartbreak Kid
2009-08-06,James Gray,2008.0,Two Lovers
2009-08-03,Jody Hill,2009.0,Observe and Report
2009-08-02,Kirsten Sheridan,2007.0,August Rush
2009-07-30,Laurent Cantet,2008.0,The Class
2009-07-29,Sean McGinly,2008.0,The Great Buck Howard
2009-07-27,John Hamburg,2009.0,"I Love You, Man"
2009-07-24,Marc Webb,2009.0,(500) Days of Summer
2009-07-20,James Marsh,2008.0,Man on Wire
2009-07-10,Larry Charles,2009.0,Br?no
2009-07-09,McG,2006.0,We Are Marshall
2009-07-02,Todd Phillips,2009.0,The Hangover
2009-06-15,Clint Eastwood,2008.0,Gran Torino
2009-06-06,Jonathan Levine,2008.0,The Wackness
2009-06-02,John Cameron Mitchell,2006.0,Shortbus
2009-05-29,Pete Docter & Bob Peterson,2009.0,Up
2009-05-24,Andy Wachowski & Larry Wachowski,2008.0,Speed Racer
2009-05-23,Timur Bekmambetov,2008.0,Wanted
2009-05-18,Saul Dibb,2008.0,The Duchess
2009-05-15,Charlie Kaufman,2008.0,"Synecdoche, New York"
2009-05-12,Clint Eastwood,2008.0,Changeling
2009-05-08,Duane Hopkins,2008.0,Better Things
2009-04-18,David Wain,2008.0,Role Models
2009-04-17,John Patrick Shanley,2008.0,Doubt
2009-04-14,Darren Aronofsky,2008.0,The Wrestler
2009-04-08,Michael McCullers,2008.0,Baby Mama
2009-03-29,Eric Darnell & Tom McGrath,2008.0,Madagascar: Escape 2 Africa
2009-03-21,Marc Forster,2008.0,Quantum of Solace
2009-03-18,Pierre Salvadori,2006.0,Priceless
2009-03-18,Colin Strause & Greg Strause,2007.0,AVPR: Aliens vs Predator - Requiem
2009-03-07,Clark Gregg,2008.0,Choke
2009-03-06,Zack Snyder,2009.0,Watchmen
2009-02-17,Joel Schumacher,1999.0,Flawless
2009-02-02,Peter Sollett,2008.0,Nick and Norah's Infinite Playlist
2009-01-29,Chris Bell,2008.0,Bigger Stronger Faster*
2009-01-27,Lasse Hallstr?m,1999.0,The Cider House Rules
2009-01-25,Eran Kolirin,2008.0,The Band's Visit
2009-01-24,Davis Guggenheim,2000.0,Gossip
2009-01-21,James Mangold,2007.0,3:10 to Yuma
2009-01-19,Rob Reiner,2007.0,The Bucket List
2009-01-16,Werner Herzog,2006.0,Rescue Dawn
2009-01-10,David Gordon Green,2008.0,Pineapple Express
2009-01-09,Steve Buscemi,2007.0,Interview
2009-01-02,David Koepp,2008.0,Ghost Town
2009-01-01,Danny Boyle,2008.0,Slumdog Millionaire
2008-12-30,John Dahl,1994.0,The Last Seduction
2008-11-30,Kevin Smith,2008.0,Zack and Miri Make a Porno
2008-11-18,Lawrence Kasdan,1981.0,Body Heat
2008-11-12,Ben Stiller,2008.0,Tropic Thunder
2008-11-08,Louis Leterrier,2008.0,The Incredible Hulk
2008-11-05,Martin Gero,2007.0,Young People Fucking
2008-10-28,Tom McCarthy,2007.0,The Visitor
2008-10-09,Steven Soderbergh,2000.0,Erin Brockovich
2008-10-07,Sidney Lumet,1957.0,12 Angry Men
2008-10-04,Peter Travis,2008.0,Vantage Point
2008-09-24,Jon Favreau,2008.0,Iron Man
2008-09-19,Ethan Coen and Joel Coen,2008.0,Burn After Reading
2008-09-17,Tim Burton,2007.0,Sweeney Todd: The Demon Barber of Fleet Street
2008-09-14,Mike White,2007.0,Year of the Dog
2008-08-25,Ben Affleck,2007.0,Gone Baby Gone
2008-08-21,Adam Brooks,2008.0,"Definitely, Maybe"
2008-07-19,Christopher Nolan,2008.0,The Dark Knight
2008-07-17,Noam Murro,2008.0,Smart People
2008-06-28,Andrew Stanton,2008.0,WALL-E
2008-06-11,Michael Patrick King,2008.0,Sex and the City
2008-05-31,Kent Alterman,2008.0,Semi-Pro
2008-05-26,Justin Chadwick,2008.0,The Other Boleyn Girl
2008-05-23,Richard LaGravenese,2007.0,P.S. I Love You
2008-05-18,Gary Winick,2004.0,13 Going on 30
2008-05-11,Robert Luketic,2008.0,21
2008-05-08,Marc Lawrence,2007.0,Music and Lyrics
2008-04-25,C?line Sciamma,2007.0,Water Lilies
2008-04-18,Nick Stoller,2008.0,Forgetting Sarah Marshall
2008-04-11,Roger Donaldson,2008.0,The Bank Job
2008-04-03,Martin McDonagh,2008.0,In Bruges
2008-03-18,Jimmy Hayward and Steve Martino,2008.0,Horton Hears a Who
2008-03-13,Anne Fletcher,2008.0,27 Dresses
2008-03-11,Mark Steven Johnson,1998.0,Simon Birch
2008-03-02,Kevin Lima,2007.0,Enchanted
2008-03-01,Francis Lawrence,2007.0,I Am Legend
2008-02-26,Julian Schnabel,2007.0,The Diving Bell and the Butterfly
2008-02-22,Michel Gondry,2008.0,Be Kind Rewind
2008-02-17,Noah Baumbach,2007.0,Margot at the Wedding
2008-02-06,Marjane Satrapi and Vincent Paronnaud,2007.0,Persepolis
2008-01-26,Jeff Garlin,2006.0,I Want Someone to Eat Cheese With
2008-01-22,Tamara Jenkins,2007.0,The Savages
2008-01-20,Matt Reeves,2008.0,Cloverfield
2008-01-13,Paul Thomas Anderson,2007.0,There Will Be Blood
2008-01-09,Joe Wright,2007.0,Atonement
2008-01-04,Mike Nichols,2007.0,Charlie Wilson?s War
2008-01-01,Jason Reitman,2007.0,Juno
2007-12-30,Julie Delpy,2007.0,2 Days in Paris
2007-12-29,Jake Kasdan,2007.0,Walk Hard: The Dewey Cox Story
2007-12-15,Bob Odenkirk,2007.0,The Brothers Solomon
2007-12-08,Sean Ellis,2004.0,Cashback
2007-12-05,Ethan Coen and Joel Coen,2007.0,No Country for Old Men
2007-12-03,Alejandro Gonz?lez I??rritu,2006.0,Babel
2007-11-29,Sidney Lumet,2007.0,Before the Devil Knows You?re Dead
2007-11-26,Michael Curtiz,1954.0,White Christmas
2007-11-24,John Jeffcoat,2007.0,Outsourced
2007-11-24,Jennifer Baichwal,2006.0,Manufactured Landscapes
2007-11-22,Michael Apted,2006.0,Amazing Grace
2007-11-18,"Olivier Assayas, Ethan Coen, Joel Coen, Wes Craven, Alfonso Cuar?n, G?rard Depardieu, Christopher Doyle, Richard LaGravenese, Alexander Payne, Walter Salles, Jr., Oliver Schmitz, Gus Van Sant, Fr?d?ric Auburtin, Gurinder Chadha, Daniela Thomas, Isabel Coi",2006.0,"Paris, je t?aime"
2007-11-16,Greg Mottola,2007.0,Superbad
2007-11-13,Ridley Scott,2001.0,Black Hawk Down
2007-11-10,Steven Soderbergh,2007.0,Ocean?s Thirteen
2007-11-07,Peter Hedges,2007.0,Dan in Real Life
2007-11-06,Ridley Scott,2007.0,American Gangster
2007-11-03,Taika Waititi,2007.0,Eagle vs. Shark
2007-10-31,Wes Anderson,2007.0,Hotel Chevalier
2007-10-31,Wes Anderson,2007.0,The Darjeeling Limited
2007-10-28,Craig Gillespie,2007.0,Lars and the Real Girl
2007-10-24,Emmanuel Carr?re,2005.0,La Moustache
2007-10-06,Florian Henckel von Donnersmarck,2006.0,The Lives of Others
2007-10-03,David Cronenberg,2007.0,Eastern Promises
2007-09-30,Judd Apatow,2007.0,Knocked Up
2007-09-26,Anton Corbijn,2007.0,Control
2007-09-12,Michael Davis,2007.0,Shoot ?Em Up
2007-09-05,Jeffrey Blitz,2007.0,Rocket Science
2007-08-29,David Lynch,2006.0,Inland Empire
2007-08-24,Jeffrey Blitz,2002.0,Spellbound
2007-07-25,Joel Schumacher,2007.0,The Number 23
2007-07-18,Michael Moore,2007.0,Sicko
2007-06-19,Edgar Wright,2007.0,Hot Fuzz
2007-05-19,Juan Carlos Fresnadillo,2007.0,28 Weeks Later
2007-05-15,Kevin MacDonald,2006.0,The Last King of Scotland
2007-05-11,Joe Johnston,1991.0,The Rocketeer
2007-04-27,Richard Linklater,2006.0,Fast Food Nation
2007-04-23,Dave Willis & Matt Maiellaro,2007.0,Aqua Teen Hunger Force Colon Movie Film for Theaters
2007-04-07,Quentin Tarantino,2007.0,Death Proof
2007-04-07,Robert Rodriguez,2007.0,Planet Terror
2007-04-03,Will Speck & Josh Gordon,2007.0,Blades of Glory
2007-03-24,Shawn Levy,2006.0,Night at the Museum
2007-03-18,Rob Reiner,1987.0,The Princess Bride
2007-03-03,David Fincher,2007.0,Zodiac
2007-03-02,Pedro Almod?var,2006.0,Volver
2007-02-28,Michael Guest,2006.0,For Your Consideration
2007-02-26,Marc Forster,2006.0,Stranger Than Fiction
2007-02-10,Todd Field,2006.0,Little Children
2007-02-04,Alfonso Cuar?n,1998.0,Great Expectations
2007-01-25,Christopher Nolan,2006.0,The Prestige
2007-01-20,John J. Curran,2006.0,The Painted Veil
2007-01-19,Guillermo del Toro,2006.0,Pan's Labyrinth
2007-01-15,Zhang Yimou,2006.0,Curse of the Golden Flower
2007-01-10,Kirby Dick,2005.0,This Film Is Not Yet Rated
2007-01-06,Alfonso Cuar?n,2006.0,Children of Men
2006-12-30,Neil Burger,2006.0,The Illusionist
2006-12-12,Morgan J. Freeman,2005.0,Piggy Banks
2006-12-03,Darren Aronofsky,2006.0,The Fountain
2006-12-01,Oliver Stone,2006.0,World Trade Center
2006-11-28,Martin Campbell,2006.0,Casino Royale
2006-11-17,Bob Odenkirk,2006.0,Let's Go to Prison!
2006-11-15,Heidi Ewing and Rachel Grady,2005.0,Jesus Camp
2006-11-14,Liam Lynch,2006.0,Tenacious D in The Pick of Destiny
2006-11-11,Steve Pink,2006.0,Accepted
2006-11-08,Sofia Coppola,2006.0,Marie Antoinette
2006-11-03,Larry Charles,2006.0,Borat: Cultural Learnings of America for Make Benefit Glorious Nation of Kazakhstan
2006-10-29,Darren Lynn Bousman,2006.0,Saw III
2006-10-26,Peyton Reed,2006.0,The Break-Up
2006-10-21,Jared Hess,2006.0,Nacho Libre
2006-10-16,Richard Linklater,2006.0,A Scanner Darkly
2006-10-14,Michel Gondry,2006.0,The Science of Sleep
2006-10-10,Jason Reitman,2005.0,Thank You for Smoking
2006-10-10,Martin Scorsese,2006.0,The Departed
2006-10-04,Terry Zwigoff,2006.0,Art School Confidential
2006-09-09,Paul Dinello,2005.0,Strangers with Candy
2006-09-05,Caveh Zahedi,2005.0,I Am a Sex Addict
2006-08-30,Richard Shepard,2005.0,The Matador
2006-08-28,Marc Forster,2005.0,Stay
2006-08-21,Salvador Litvak,2005.0,When Do We Eat?
2006-08-21,David R. Ellis,2006.0,Snakes on a Plane
2006-08-19,Woody Allen,2004.0,Melinda and Melinda
2006-08-16,Albert Hughes,2001.0,From Hell
2006-08-10,Michael Haneke,2005.0,Cach?
2006-08-07,Scott Coffey,2004.0,Ellie Parker
2006-08-04,Adam McKay,2006.0,Talladega Nights: The Ballad of Ricky Bobby
2006-08-02,David Slade,2004.0,Hard Candy
2006-08-02,Karey Kirkpatrick and Tim Johnson,2006.0,Over the Hedge
2006-07-31,Audrey Wells,2003.0,Under the Tuscan Sun
2006-07-26,Stuart Gordon,2005.0,Edmond
2006-07-25,Jonathan Dayton and Valerie Faris,2006.0,Little Miss Sunshine
2006-07-23,Shane Black,2005.0,"Kiss Kiss, Bang Bang"
2006-07-22,Rian Johnson,2005.0,Brick
2006-07-19,Jez Butterworth,2001.0,Birthday Girl
2006-07-16,Philip Kaufman,1988.0,The Unbearable Lightness of Being
2006-07-14,Bahman Ghobadi,2004.0,Turtles Can Fly
2006-07-13,Dennis Dugan,2006.0,The Benchwarmers
2006-07-12,Neil Armfield,2006.0,Candy
2006-07-07,Richard Donner,2006.0,16 Blocks
2006-07-06,Lasse Hallstr?m,2001.0,The Shipping News
2006-07-04,Rodrigo Garc?a,2004.0,Nine Lives
2006-07-04,Jesse Dylan,2005.0,Kicking & Screaming
2006-07-03,Mark S. Waters,1997.0,The House of Yes
2006-06-28,Miguel Arteta,2002.0,The Good Girl
2006-06-23,Steven Baigelman,1996.0,Feeling Minnesota
2006-06-20,Joshua Marston,2003.0,Maria Full of Grace
2006-06-19,Paul McGuigan,2006.0,Lucky Number Slevin
2006-06-18,Roman Polanski,2002.0,The Pianist
2006-06-14,Sidney Lumet,1976.0,Network
2006-06-10,Billy Morrissette,2001.0,"Scotland, PA"
2006-06-09,Gregg Araki,2004.0,Mysterious Skin
2006-06-08,Phil Morrison,2005.0,Junebug
2006-06-03,Greg Marcks,2003.0,11:14
2006-05-29,Tom Dey,2006.0,Failure to Launch
2006-05-26,John Hazlett,2005.0,These Girls
2006-05-21,Josh Kornbluth and Jacob Kornbluth,2001.0,Haiku Tunnel
2006-05-20,Michael Radford,1984.0,Nineteen Eighty-Four
2006-05-18,Miranda July,2005.0,Me You and Everyone We Know
2006-05-17,Marc Forster,2001.0,Monster's Ball
2006-05-16,Pedro Almod?var,2002.0,Talk to Her
2006-05-12,Keith Gordon,2000.0,Waking the Dead
2006-05-11,George Lucas,1973.0,American Graffiti
2006-05-09,Woody Allen,2002.0,Hollywood Ending
2006-05-06,J.J. Abrams,2006.0,Mission Impossible III
2006-05-02,Joe Wright,2005.0,Pride & Prejudice
2006-04-25,Liev Schreiber,2005.0,Everything is Illuminated
2006-04-21,Park Chan-wook,2004.0,Oldboy
2006-04-19,Richard Kwietniowski,2003.0,Owning Mahowny
2006-04-08,James McTeigue,2006.0,V for Vendetta
2006-03-30,James Gunn,2006.0,Slither
2006-03-25,Spike Lee,2006.0,Inside Man
2006-03-18,Jonathan Demme,2004.0,The Manchurian Candidate
2006-03-15,Laurence Dunmore,2004.0,The Libertine
2006-03-08,Paul Haggis,2004.0,Crash
2006-03-07,Alexander Payne,1999.0,Election
2006-03-06,Tony Scott,2005.0,Domino
2006-03-04,Wes Craven,2005.0,Red Eye
2006-02-26,Anand Tucker,2005.0,Shopgirl
2006-02-24,George Clooney,2005.0,"Good Night, and Good Luck"
2006-02-20,Terry George,2004.0,Hotel Rwanda
2006-02-18,Gore Verbinski,2005.0,The Weather Man
2006-02-12,Ang Lee,2005.0,Brokeback Mountain
2006-02-10,Abdel Kechiche,2005.0,Games of Love and Chance
2006-02-03,Mike Mills,2005.0,Thumbsucker
2006-01-31,Bennett Miller,2005.0,Capote
2006-01-30,Steven Spielberg,1998.0,Saving Private Ryan
2006-01-21,Troy Miller,2002.0,Run Ronnie Run!
2006-01-20,Shawn Levy,2003.0,Cheaper by the Dozen
2006-01-13,Takashi Shimizu,2004.0,The Grudge
2006-01-12,Arie Posin,2005.0,The Chumscrubber
2006-01-08,Tom Brady,2002.0,The Hot Chick
2006-01-07,Andrei Tarkovsky,1972.0,Solaris
2006-01-02,Fernando Meirelles,2005.0,The Constant Gardner
2006-01-01,Luc Jacquet,2005.0,March of the Penguins
2005-12-31,Dean Parisot,2005.0,Fun with Dick and Jane
2005-12-28,Noah Baumbach,2005.0,The Squid and the Whale
2005-12-28,Edward Zwick,2003.0,Last Samurai
2005-12-26,Bobby Farrelly and Peter Farrelly,2001.0,Shallow Hal
2005-12-26,Mel Brooks,1974.0,Blazing Saddles
2005-12-24,Eric Darnell and Tom McGrath,2005.0,Madagascar
2005-12-23,Frank Capra,1946.0,It's A Wonderful Life
2005-12-20,Jim Jarmusch,2005.0,Broken Flowers
2005-12-18,Ben Younger,2005.0,Prime
2005-12-14,Peter Jackson,2005.0,King Kong
2005-12-11,Shainee Gabel,2004.0,A Love Song for Bobby Long
2005-12-10,Sydney Pollack,2005.0,The Interpreter
2005-12-07,Vincent Gallo,2003.0,Brown Bunny
2005-12-05,Todd Louiso,2002.0,Love Liza
2005-12-04,Jay Chandrasekhar,2005.0,Dukes of Hazzard
2005-12-03,Andrew Niccol,2005.0,Lord of War
2005-11-26,Roger Kumble,2005.0,Just Friends
2005-11-25,Harold Ramis,2005.0,Ice Harvest
2005-11-24,Mike Mitchell,2004.0,Surviving Christmas
2005-11-24,James Mangold,2005.0,Walk the Line
