0,1,2,3
Scafell Pike,The Southern Fells,3209,978
Scafell,The Southern Fells,3163,964
Helvellyn,The Eastern Fells,3117,950
Skiddaw,The Northern Fells,3054,931
Great End,The Southern Fells,2986,910
Bowfell,The Southern Fells,2959,902
Great Gable,The Western Fells,2949,899
Pillar,The Western Fells,2927,892
Nethermost Pike,The Eastern Fells,2923,891
Catstye Cam,The Eastern Fells,2920,890
Esk Pike,The Southern Fells,2904,885
Raise,The Eastern Fells,2897,883
Fairfield,The Eastern Fells,2864,873
Blencathra - Hallsfell Top,The Northern Fells,2848,868
Skiddaw Little Man,The Northern Fells,2838,865
White Side,The Eastern Fells,2831,863
Crinkle Crags - Long Top,The Southern Fells,2818,859
Dollywaggon Pike,The Eastern Fells,2815,858
Great Dodd,The Eastern Fells,2812,857
Grasmoor,The North Western Fells,2795,852
Stybarrow Dodd,The Eastern Fells,2766,843
St Sunday Crag,The Eastern Fells,2759,841
Scoat Fell,The Western Fells,2759,841
Crag Hill [Eel Crag],The North Western Fells,2753,839
High Street,The Far Eastern Fells,2717,828
Red Pike (Wasdale),The Western Fells,2710,826
Hart Crag,The Eastern Fells,2697,822
Steeple,The Western Fells,2687,819
Lingmell,The Southern Fells,2648,807
High Stile,The Western Fells,2644,806
The Old Man of Coniston,The Southern Fells,2635,803
High Raise (High Street),The Far Eastern Fells,2631,802
Swirl How,The Southern Fells,2631,802
Kirk Fell,The Western Fells,2631,802
Green Gable,The Western Fells,2628,801
Haycock,The Western Fells,2615,797
Brim Fell,The Southern Fells,2612,796
Dove Crag,The Eastern Fells,2598,792
Rampsgill Head,The Far Eastern Fells,2598,792
Grisedale Pike,The North Western Fells,2595,791
Watson's Dodd,The Eastern Fells,2589,789
Allen Crags,The Southern Fells,2575,785
Great Carrs,The Southern Fells,2575,785
Thornthwaite Crag,The Far Eastern Fells,2572,784
Glaramara,The Southern Fells,2569,783
Kidsty Pike,The Far Eastern Fells,2559,780
Harter Fell (Mardale),The Far Eastern Fells,2552,778
Dow Crag,The Southern Fells,2552,778
Red Screes,The Eastern Fells,2546,776
Sail,The North Western Fells,2536,773
Grey Friar,The Southern Fells,2536,773
Wandope,The North Western Fells,2533,772
Hopegill Head,The North Western Fells,2526,770
Great Rigg,The Eastern Fells,2513,766
Stony Cove Pike [Caudale Moor],The Far Eastern Fells,2503,763
Wetherlam,The Southern Fells,2503,763
High Raise,The Central Fells,2500,762
Slight Side,The Southern Fells,2500,762
Mardale Ill Bell,The Far Eastern Fells,2493,760
Ill Bell,The Far Eastern Fells,2484,757
Hart Side,The Eastern Fells,2480,756
Red Pike (Buttermere),The Western Fells,2477,755
Dale Head,The North Western Fells,2470,753
Carl Side,The Northern Fells,2448,746
High Crag (Buttermere),The Western Fells,2441,744
The Knott (High Street),The Far Eastern Fells,2425,739
Robinson,The North Western Fells,2418,737
Harrison Stickle,The Central Fells,2415,736
Sergeant Man,The Central Fells,2415,736
Seat Sandal,The Eastern Fells,2415,736
Long Side,The Northern Fells,2408,734
Kentmere Pike,The Far Eastern Fells,2395,730
Hindscarth,The North Western Fells,2385,727
Ullscarf,The Central Fells,2382,726
Clough Head,The Eastern Fells,2382,726
Thunacar Knott,The Central Fells,2372,723
Froswick,The Far Eastern Fells,2362,720
Birkhouse Moor,The Eastern Fells,2356,718
Lonscale Fell,The Northern Fells,2346,715
Brandreth,The Western Fells,2346,715
Branstree,The Far Eastern Fells,2339,713
Knott,The Northern Fells,2329,710
Pike of Stickle,The Central Fells,2326,709
Whiteside [Whiteside West Top],The North Western Fells,2320,707
Yoke,The Far Eastern Fells,2316,706
Pike of Blisco,The Southern Fells,2313,705
Bowscale Fell,The Northern Fells,2303,702
Cold Pike,The Southern Fells,2300,701
Pavey Ark,The Central Fells,2297,700
Gray Crag,The Far Eastern Fells,2293,699
Grey Knotts,The Western Fells,2287,697
Caw Fell,The Western Fells,2287,697
Rest Dodd,The Far Eastern Fells,2283,696
Seatallan,The Western Fells,2270,692
Ullock Pike,The Northern Fells,2264,690
Great Calva,The Northern Fells,2264,690
Bannerdale Crags,The Northern Fells,2241,683
Loft Crag,The Central Fells,2231,680
Sheffield Pike,The Eastern Fells,2215,675
Bakestall,The Northern Fells,2208,673
Scar Crags,The North Western Fells,2205,672
Loadpot Hill,The Far Eastern Fells,2201,671
Wether Hill,The Far Eastern Fells,2198,670
Tarn Crag (Sleddale),The Far Eastern Fells,2178,664
Carrock Fell,The Northern Fells,2175,663
Whiteless Pike,The North Western Fells,2165,660
High Pike (Caldbeck),The Northern Fells,2159,658
Place Fell,The Far Eastern Fells,2156,657
High Pike (Scandale),The Eastern Fells,2152,656
Selside Pike,The Far Eastern Fells,2149,655
Middle Dodd,The Eastern Fells,2146,654
Harter Fell (Eskdale),The Southern Fells,2146,654
High Spy,The North Western Fells,2142,653
Great Sca Fell,The Northern Fells,2136,651
Rossett Pike,The Southern Fells,2136,651
Fleetwith Pike,The Western Fells,2126,648
Base Brown,The Western Fells,2119,646
Grey Crag [Sleddale Fell],The Far Eastern Fells,2093,638
Little Hart Crag West Top,The Eastern Fells,2090,637
Causey Pike,The North Western Fells,2090,637
Mungrisdale Common,The Northern Fells,2077,633
Starling Dodd,The Western Fells,2077,633
Yewbarrow,The Western Fells,2057,627
Birks,The Eastern Fells,2041,622
Hartsop Dodd,The Far Eastern Fells,2028,618
Great Borne,The Western Fells,2021,616
Heron Pike (Rydal),The Eastern Fells,2008,612
Illgill Head,The Southern Fells,1998,609
High Seat,The Central Fells,1995,608
Seathwaite Fell,The Southern Fells,1972,601
Haystacks (Buttermere),The Western Fells,1959,597
Bleaberry Fell,The Central Fells,1936,590
Shipman Knotts,The Far Eastern Fells,1926,587
Brae Fell,The Northern Fells,1923,586
Middle Fell,The Western Fells,1909,582
Hartsop Above How,The Eastern Fells,1906,581
Ard Crags,The North Western Fells,1906,581
The Nab,The Far Eastern Fells,1890,576
Maiden Moor,The North Western Fells,1886,575
Blake Fell,The Western Fells,1880,573
Sergeant's Crag,The Central Fells,1873,571
Outerside,The North Western Fells,1864,568
Angletarn Pikes,The Far Eastern Fells,1860,567
Brock Crags,The Far Eastern Fells,1841,561
Knott Rigg,The North Western Fells,1824,556
Steel Fell,The Central Fells,1814,553
Lord's Seat,The North Western Fells,1811,552
Rosthwaite Fell,The Southern Fells,1808,551
Tarn Crag (Easedale),The Central Fells,1804,550
Meal Fell,The Northern Fells,1804,550
Hard Knott,The Southern Fells,1801,549
Blea Rigg,The Central Fells,1775,541
Lank Rigg,The Western Fells,1775,541
Calf Crag,The Central Fells,1762,537
Great Mell Fell,The Eastern Fells,1762,537
Whin Rigg (Wasdale),The Southern Fells,1755,535
Arthur's Pike,The Far Eastern Fells,1749,533
Great Cockup,The Northern Fells,1726,526
Gavel Fell,The Western Fells,1726,526
Eagle Crag,The Central Fells,1722,525
Bonscale Pike,The Far Eastern Fells,1719,524
Crag Fell,The Western Fells,1716,523
Souther Fell,The Northern Fells,1713,522
High Hartsop Dodd,The Eastern Fells,1703,519
Whinlatter,The North Western Fells,1696,517
Sallows,The Far Eastern Fells,1693,516
High Tove,The Central Fells,1690,515
Mellbreak,The Western Fells,1680,512
Broom Fell,The North Western Fells,1677,511
Beda Fell [Beda Head],The Far Eastern Fells,1670,509
Hen Comb,The Western Fells,1670,509
Low Pike,The Eastern Fells,1667,508
Little Mell Fell,The Eastern Fells,1657,505
Skiddaw - Dodd,The Northern Fells,1647,502
Stone Arthur,The Eastern Fells,1640,500
Green Crag,The Southern Fells,1604,489
Baystones [Wansfell],The Far Eastern Fells,1601,488
Grike,The Western Fells,1594,486
Sour Howes,The Far Eastern Fells,1585,483
Longlands Fell,The Northern Fells,1585,483
Gowbarrow Fell,The Eastern Fells,1578,481
Armboth Fell,The Central Fells,1572,479
Burnbank Fell,The Western Fells,1558,475
Lingmoor Fell,The Southern Fells,1539,469
Barf,The North Western Fells,1535,468
Raven Crag,The Central Fells,1512,461
Barrow,The North Western Fells,1493,455
Graystones,The North Western Fells,1483,452
Catbells,The North Western Fells,1480,451
Great Crag (Stonethwaite),The Central Fells,1476,450
Nab Scar,The Eastern Fells,1476,450
Binsey,The Northern Fells,1467,447
Glenridding Dodd,The Eastern Fells,1450,442
Arnison Crag,The Eastern Fells,1421,433
Steel Knotts,The Far Eastern Fells,1417,432
Low Fell,The Western Fells,1388,423
Gibson Knott,The Central Fells,1378,420
Felbarrow - Mosser Fell,The Western Fells,1365,416
Grange Fell [Brund Fell],The Central Fells,1362,415
Buckbarrow,The Western Fells,1329,405
Helm Crag,The Central Fells,1299,396
Silver How,The Central Fells,1296,395
Hallin Fell,The Far Eastern Fells,1273,388
Walla Crag,The Central Fells,1234,376
Ling Fell,The North Western Fells,1224,373
Latrigg,The Northern Fells,1204,367
Troutbeck Tongue,The Far Eastern Fells,1194,364
Sale Fell,The North Western Fells,1178,359
High Rigg [Naddle Fell],The Central Fells,1171,357
Rannerdale Knotts,The North Western Fells,1165,355
Loughrigg Fell,The Central Fells,1099,335
Black Fell,The Southern Fells,1060,323
Holme Fell,The Southern Fells,1040,317
Castle Crag,The North Western Fells,978,298
